source_record,paper_id,title,status,reason,duplicate_of,abstract_changed,removed_notice
1,2-s2.0-105013645261,Risk-Adjusted Returns of Private Equity Funds: A New Approach,kept,,,True,© 2024 The Author(s). Published by Oxford University Press on behalf of The Society for Financial Studies. All rights reserved.
2,2-s2.0-85215971097,"Investigation shows how private equity firms have ""infected"" US healthcare system, says senator",excluded,missing_abstract,,True,
3,2-s2.0-105009828648,Decoding the Material Influence Test: Implications on M&A Activity in India,kept,,,True,© The Author(s) 2025
4,2-s2.0-85211604820,Do private equity investors value ESG and SDGs? Evidence from Tunisia,kept,,,True,© 2024 Emerald Publishing Limited
5,2-s2.0-105040531495,Credit ratings and capital providers,kept,,,True,© Emerald Publishing Limited
6,2-s2.0-105022824881,Piercing the holding veil to enter family capital: financialization dynamics and structures of the Peugeot family’s capital accumulation 1965–2020,kept,,,True,© The Author(s) 2025. Published by Oxford University Press and the Society for the Advancement of Socio-Economics. All rights reserved.
7,2-s2.0-105002301455,Common institutional ownership and the erosion of competition in the American health insurance market: A quantitative analysis,kept,,,True,© 2025 Elsevier B.V.
8,2-s2.0-105044379223,Predicting Private Equity Acquisition of Urology Practices by the Social Vulnerability Index,kept,,,True,© 2026 Elsevier Inc.
9,2-s2.0-105042234403,Annual Survey of Judicial Developments Pertaining to Private Equity and Venture Capital,excluded,missing_abstract,,True,
10,2-s2.0-105009074845,Private Equity Acquisition of Gastroenterology Practices and Colonoscopy Price and Quality,kept,,,True,© 2025 American Medical Association. All rights reserved.
11,2-s2.0-105050461229,Employee Ownership as local economic resilience: Evidence from Scotland,kept,,,True,© 2026 Community Development Society.
12,2-s2.0-105005215969,The financial ecologies of transnational television production: “Following the money” from private equity to Sky Germany’s Pagan Peak,kept,,,True,"© The Author(s) 2025. This article is distributed under the terms of the Creative Commons Attribution-NonCommercial 4.0 License (https://creativecommons.org/licenses/by-nc/4.0/) which permits non-commercial use, reproduction and distribution of the work without further permission provided the original work is attributed as specified on the SAGE and Open Access pages (https://us.sagepub.com/en-us/nam/open-access-at-sage)."
13,2-s2.0-105008263527,The limitations of financing renewable energy projects and the functionality of green finance,kept,,,True,"© 2025 by Nova Science Publishers, Inc. All rights reserved."
14,2-s2.0-105046512047,The Revolution on the Frontiers of Philanthropy,kept,,,True,"© 2026 selection and editorial matter, Michael Moody and Beth Breeze; individual chapters, the contributors."
15,2-s2.0-85173456939,"Equity capital financing of Swedish SMEs, innovation, and decentralized management",kept,,,True,"© 2023, Viktor Ström, Nima Sanandaji, Saeid Esmaeilzadeh and Mouna Esmaeilzadeh."
16,2-s2.0-105009325743,ESG transformation through private equity and digital twin in energy supply chain: an evolutionary game analysis,kept,,,True,© 2025 Emerald Publishing Limited
17,2-s2.0-105028599571,Trends in Private Equity Affiliations With Fertility Clinics in the US,excluded,missing_abstract,,True,
18,2-s2.0-105033810184,There are no real estate markets without the real estate capital markets,kept,,,True,"© 2026 selection and editorial matter, Karen M. McGrath, Elaine M. Worzala, and Pernille H. Christensen individual chapters, the contributors."
19,2-s2.0-105004756026,"Private Equity–Owned Physician Practices Decreased Access To Retinal Detachment Surgery, 2014–22",kept,,,True,"© 2025 Project HOPE— The People-to-People Health Foundation, Inc."
20,2-s2.0-105020770886,UnitedHealthcare Pays Optum Providers More Than Non-Optum Providers,kept,,,True,"© 2025 Project HOPE— The People-to-People Health Foundation, Inc."
21,2-s2.0-105016757914,Carried Interest Schemes in Private Equity: A Case Study of Business Innovation Capital,kept,,,True,© 2025 Portfolio Management Research. All rights reserved.
22,2-s2.0-105006758988,Private Equity Fund Performance: A Time-Series Approach,kept,,,True,© 2025
23,2-s2.0-86000645125,Physician Turnover Increased In Private Equity–Acquired Physician Practices,kept,,,True,"©2025 Project HOPE— The People-to-People Health Foundation, Inc."
24,2-s2.0-85218499853,The Rise of Private Equity in Health Care - Not a Uniquely American Phenomenon,excluded,missing_abstract,,True,
25,2-s2.0-105046205220,Lifecycle regulation of private equity in healthcare: a transatlantic governance framework,kept,,,True,© 2026 Vrijhoef and Boot.
26,2-s2.0-85195295371,"Private equity, venture capital and patents: a bibliometric review and future research",kept,,,True,"© 2024 Informa UK Limited, trading as Taylor & Francis Group."
27,2-s2.0-105017256749,"The role of private equity funds in healthcare: trends, impact and policy responses",excluded,missing_abstract,,True,
28,2-s2.0-85217059952,The discount for lack of marketability term structure,kept,,,True,© 2025 The Southern Finance Association and the Southwestern Finance Association.
29,2-s2.0-105004612711,What Are Physicians' Duties to Patients When They Sell Their Practices?,kept,,,True,Copyright 2025 American Medical Association. All rights reserved.
30,2-s2.0-105015807723,Contradictions in cross-border investment in China in the 2010s: The role of intermediaries,kept,,,True,© 2025 The Author(s).
31,2-s2.0-105040820884,Shipping Finance and International Capital Markets: Post-Crisis Lessons and Forward Challenges,kept,,,True,"© 2026 selection and editorial matter, Costas Th. Grammenos; individual chapters, the contributors."
32,2-s2.0-105032201219,Financial characteristics of private equity-affiliated freestanding psychiatric hospitals in the U.S,excluded,missing_abstract,,True,
33,2-s2.0-105037788661,Private Equity and Its Increasing Role in the United States,kept,,,True,"© The Author(s), under exclusive license to Springer Nature Switzerland AG 2025."
34,2-s2.0-105007683761,"Perspectives, Experiences, and Opportunities of Academic Surgeons in the Era of Health Care Corporatization",kept,,,True,"Copyright © 2025 Wolters Kluwer Health, Inc. All rights reserved."
35,2-s2.0-105008719538,Exploring cross-country influences on private equity investment,kept,,,True,© 2025 Emerald Publishing Limited
36,2-s2.0-105032223257,Crowding-in or crowding-out? The mobilization effect of the European investment fund equity investments,kept,,,True,"© 2026 The Author(s). Published by Informa UK Limited, trading as Taylor & Francis Group."
37,2-s2.0-105042979621,"Editorial networks, geography, and social responsibility: Alternative finance and the limits of finance",kept,,,True,© 2026
38,2-s2.0-105016728268,Sector-based portfolio changes of private equity funds during economic shocks,kept,,,True,© The Author(s) 2025.
39,2-s2.0-105002746284,Private Equity in Healthcare,kept,,,True,© 2025 Elsevier Inc.
40,2-s2.0-105046467491,"Hospice Acquisitions By Certain Firms And Corporations Were Associated With Reductions In Care Intensity, 2010-21",kept,,,True,
41,2-s2.0-105024445998,Financial Incisors: Cutting Through the Effects of Private Equity on Dentistry Market Dynamics and Care Delivery,kept,,,True,© 2025 Wiley Periodicals LLC.
42,2-s2.0-105051066991,Selling Its Soul? Private Equity and the Commercialization of the Attest Profession,kept,,,True,"© 2026, American Accounting Association. All rights reserved."
43,2-s2.0-105051113837,How do government-guided funds enhance employment scale?: evidence from China,kept,,,True,"© 2026 Informa UK Limited, trading as Taylor & Francis Group."
44,2-s2.0-105013633176,Does Private Equity Ownership Make Firms Cleaner? the Role of Environmental Liability Risks,kept,,,True,© 2025 The Author(s). Published by Oxford University Press on behalf of The Society for Financial Studies. All rights reserved.
45,2-s2.0-105018995982,Sustainable private equity: Leveraging ESG integration,kept,,,True,"© 2025 selection and editorial matter, Francesco Gangi, Daniele Angelo Previati, and Flora Sfez; individual chapters, the contributors."
46,2-s2.0-105038663041,Private Equity Fund Debt: Agency Costs and Cash Flow Management,excluded,missing_abstract,,True,
47,2-s2.0-85219155015,Private equity expansion and impacts in united states healthcare,kept,,,True,© 2025 The Author(s)
48,2-s2.0-105042650824,"From the Diebold-Yilmaz approach to portfolio strategies: Diversification benefits of the Macedonian stock exchange index across SEE, Global, and alternative markets",kept,,,True,"© 2026 Akadémiai Kiadó, Budapest"
49,2-s2.0-105035160996,Private equity acquisitions under innovation ambiguity and risky exit conditions,kept,,,True,© 2026 Elsevier Ltd. All rights reserved.
50,2-s2.0-105017493391,MODELING LISTED PRIVATE EQUITY INVESTMENTS IN THE EMERGING MARKET: A VOLATILITY AND STRATEGIC RISK PERSPECTIVE,kept,,,True,© 2025 The Authors.
51,2-s2.0-105021108559,How Investment Consultants See Private Equity and Venture Capital: Extracting Factor Loadings from Investment Consultant Capital Market Assumptions,kept,,,True,"© 2025, Portfolio Management Research. All rights reserved."
52,2-s2.0-105040603722,Unperceived Territory: The Impact of Private Equity on Graduate Medical Education,kept,,,True,© 2026 Association of Program Directors in Surgery
53,2-s2.0-105035697463,Benchmarking Private Equity Performance When Fund-level Cash Flows are Missing,kept,,,True,© The Author(s) 2026.
54,2-s2.0-105030101327,The Hospital Employed Ophthalmologist: A Growing Segment of the Profession,kept,,,True,© 2026 Elsevier Inc.
55,2-s2.0-105043373366,"Business Basics for your Healthcare Practice, Third Edition",kept,,,True,"© The Editor(s) (if applicable) and The Author(s), under exclusive license to Springer Nature Switzerland AG 2020, 2023, 2026."
56,2-s2.0-85210411008,Private Equity and Financial Stability: Evidence from Failed-Bank Resolution in the Crisis,kept,,,True,© 2024 the American Finance Association.
57,2-s2.0-105036599663,Investors’ Match Plan: How Private Equity Advances the Business Model of Football Clubs,kept,,,True,"© The Author(s), under exclusive license to Springer Nature Switzerland AG 2026."
58,2-s2.0-105036801140,Alternative Assets,kept,,,True,"© 2026 selection and editorial matter, Partha Ray, Ashok Banerjee, and Sankarshan Basu; individual chapters, the contributors."
59,2-s2.0-85189354737,Determining Drivers of Private Equity Return with Computational Approaches,kept,,,True,© The Author(s) 2024.
60,2-s2.0-105027238339,Real-world Medicolegal Issues in Dermatology and Dermatopathology,kept,,,True,© 2026 Matrix Medical Communications. All rights reserved.
61,2-s2.0-105045141186,"Private equity and the corporatization of health care: implications for pulmonary, critical care, and sleep medicine",excluded,missing_abstract,,True,
62,2-s2.0-105001079247,Pathways to success: a machine learning approach to predicting investor dynamics in equity and lending crowdfunding campaigns,kept,,,True,© The Author(s) 2024.
63,2-s2.0-105048122371,Supportworks’ shifting ground in the foundation repair industry: imitation and consolidation,kept,,,True,© 2026 Emerald Publishing Limited
64,2-s2.0-105036710161,Evolution of Third-Party Involvement in Orthopaedics,kept,,,True,"Copyright © 2026 by The Journal of Bone and Joint Surgery, Incorporated"
65,2-s2.0-105032148831,Private Equity's Transformation of American Medicine - Implications for Health Equity,excluded,missing_abstract,,True,
66,2-s2.0-105008410434,Private Equity Acquisitions of Radiology Practices From 2013 to 2023: National- and State-Level Analyses,excluded,missing_abstract,,True,
67,2-s2.0-105017931321,Hospital-And Private Equity–Affiliated Specialty Physicians Negotiate Higher Prices Than Independent Physicians,kept,,,True,"© 2025 Project HOPE—The People-to-People HealthFoundation, Inc."
68,2-s2.0-105035878582,Eco-Initiatives and Commitment to the Equator Principles,kept,,,True,© 2026 The Author(s). Sustainable Development published by ERP Environment and John Wiley & Sons Ltd.
69,2-s2.0-105011794053,"Environmental, social, and governance in private equity",excluded,missing_abstract,,True,
70,2-s2.0-85218838334,Sale of Private Equity-Owned Physician Practices and Physician Turnover,kept,,,True,Copyright © 2025 Berquist V et al JAMA Health Forum.
71,2-s2.0-105024983966,Finance and fertility forty years after Warnock,kept,,,True,"© 2025 The Author(s). Published by Informa UK Limited, trading as Taylor & Francis Group."
72,2-s2.0-105037749352,Business owner perspectives on selling to employees: insights from in-depth interviews,kept,,,True,"© 2026 The Author(s). Published by Informa UK Limited, trading as Taylor & Francis Group."
73,2-s2.0-105036487885,Reinforcement Learning-Based Intelligent Investment and Financing Data Analysis Mechanism and Applications,kept,,,True,© 2025 Copyright held by the owner/author(s).
74,2-s2.0-105016869955,Association of Private Equity and Hospital Consolidation and Negotiated Prices of Radiologic Services,kept,,,True,© 2025 American College of Radiology
75,2-s2.0-85199403237,Private Equity in Health Care,excluded,missing_abstract,,True,
76,2-s2.0-105041187723,Private Equity and Pay Gaps Inside the Firm,kept,,,True,© 2026 the American Finance Association.
77,2-s2.0-105020479588,How resilient are PE/VC returns to real shocks?,kept,,,True,© 2025 The Authors
78,2-s2.0-105017186100,"PRS Journal Club: Deep Plane Rhytidectomy, Pollybeak Prevention in Open Rhinoplasty, and Private Equity in Aesthetic Surgery",excluded,missing_abstract,,True,
79,2-s2.0-105039506470,Mid-market private equity investments as a tool to enlarge company size in Spain,kept,,,True,© 2026 The Authors.
80,2-s2.0-105014975822,Informational asymmetries in US private equity: regulation in a changing regulatory environment,kept,,,True,© 2025 Emerald Publishing Limited
81,2-s2.0-85215376253,"Consolidation in an Era of Population Health and Value-Based Care Implications for Effectiveness, Costs, and Equity",kept,,,True,"Copyright © 2025 Wolters Kluwer Health, Inc. All rights reserved."
82,2-s2.0-105032993123,Patterns of Federal Lobbying by the Hospital Industry,kept,,,True,© 2026 Korostoff-Larsson O et al.
83,2-s2.0-105028184389,Private Equity in Autism Services,excluded,missing_abstract,,True,
84,2-s2.0-85195584439,Crafting effective regulatory policies for psychedelics: What can be learned from the case of cannabis?,kept,,,True,© 2024 The Author(s). Addiction published by John Wiley & Sons Ltd on behalf of Society for the Study of Addiction.
85,2-s2.0-105045969348,"What Every Colorectal Surgeon Should Know About Private Equity in Ambulatory Practices: Structure, Practice Models, and Implications for Physicians",excluded,missing_abstract,,True,
86,2-s2.0-105040946870,Antecedents of target selection by private equity and strategic acquirers: a review and research agenda,kept,,,True,© 2026 Emerald Publishing Limited
87,2-s2.0-85217213256,Staffing Up: The Nursing Home Minimum Staffing Rule,kept,,,True,"© The Author(s), under exclusive licence to Society of General Internal Medicine 2025."
88,2-s2.0-85217199706,Changes in Patient Care Experience After Private Equity Acquisition of US Hospitals,kept,,,True,"Copyright © 2025 American Medical Association. All rights reserved, including those for text and data mining, AI training, and similar technologies."
89,2-s2.0-105011846309,Owners' Time Horizons and Firms' Environmental and Social Orientations: Evidence From Italian Private Manufacturing Firms,kept,,,True,© 2025 The Author(s). Corporate Social Responsibility and Environmental Management published by ERP Environment and John Wiley & Sons Ltd.
90,2-s2.0-105028403133,The Performance of Small Business Investment Companies,kept,,,True,"© 2026 State of North Carolina. Published with license by Taylor & Francis Group, LLC."
91,2-s2.0-105007635218,Heart Failure Care and Outcomes After Private Equity Acquisition of U.S. Hospitals,kept,,,True,© 2025 American College of Cardiology Foundation
92,2-s2.0-105004916676,Leveraged buyouts in Spain: Organic growth or industry consolidation?,kept,,,True,© 2025 Elsevier Inc.
93,2-s2.0-105010061866,Eyeing Opportunity: A Review of Private Equity in Ophthalmology,kept,,,True,"© 2025 Wolters Kluwer Health, Inc. All rights reserved."
94,2-s2.0-105044953348,Strategic Drivers of Performance and Duration in European Private Equity Markets,kept,,,True,Copyright 2026 With Intelligence LLC.
95,2-s2.0-105038218373,Investigating the Role of Informal Investors and Investor Communication in Entrepreneurship-through-Acquisition: A Study in the Context of de novo Entrepreneurship,kept,,,True,"© 2026 the author(s), published by De Gruyter."
96,2-s2.0-105042784686,Investment Performance of University Endowments,kept,,,True,© 2026 by the author.
97,2-s2.0-105001506641,Role of ESG and private equity on environmental degradation: a nexus of opportunity and responsibility for developing and developed countries,kept,,,True,"© 2024, Emerald Publishing Limited."
98,2-s2.0-105011982221,Radical Uncertainty and New Sector Emergence: An Action Theory of Co-Creative Stakeholders,kept,,,True,© 2025 The Author(s). Strategic Change published by John Wiley & Sons Ltd.
99,2-s2.0-105040338534,Wielding borrowed tools: instrumental fiduciary duties of China’s private equity fund managers,kept,,,True,"© 2026 Informa UK Limited, trading as Taylor & Francis Group."
100,2-s2.0-105035123322,"ANTITRUST, VAMPIRES, AND BLOODY ACQUISITIONS",kept,,,True,"© 2026, Fordham University School of Law. All rights reserved."
101,2-s2.0-85205580999,The sectoral consequences of private equity acquisitions: Spillovers in wages and employment,kept,,,True,© 2024 Brian Towers (BRITOW) and John Wiley & Sons Ltd.
102,2-s2.0-105010732180,Private Equity Weighs Focus as Government Policies Shift,excluded,missing_abstract,,True,
103,2-s2.0-105042336454,From Burnout to Buyout: Private Equity's Growing Appeal in Oncology,kept,,,True,© 2026 by American Society of Clinical Oncology
104,2-s2.0-105040645488,Private Equity Acquisitions of Home Health Care Agencies,excluded,missing_abstract,,True,
105,2-s2.0-105045776572,Culture and Leadership Shape the Impact of Private Equity in Emergency Medicine,excluded,missing_abstract,,True,
106,2-s2.0-105008652553,Generative AI Interface Design Considerations for Private Equity,kept,,,True,"© The Author(s), under exclusive license to Springer Nature Switzerland AG 2025."
107,2-s2.0-105047462214,Measures of the capital network of the U.S. economy,kept,,,True,"© The Author(s), 2026. Published by Cambridge University Press."
108,2-s2.0-105046526366,Private equity involvement in UK healthcare,excluded,missing_abstract,,True,
109,2-s2.0-105019296125,VOLATILITY DYNAMICS AND CORPORATE STRATEGY: A STATISTICAL ANALYSIS OF PRIVATE EQUITY INVESTMENTS IN EGYPT,kept,,,True,© 2025 The Authors.
110,2-s2.0-105004629117,Should Private Equity Firms Own Residency Slots?,kept,,,True,Copyright 2025 American Medical Association. All rights reserved.
111,2-s2.0-105037650230,Emergency Medicine Residency Characteristics and ABEM Board Examination Performance: A Program-Level Analysis,excluded,missing_abstract,,True,
112,2-s2.0-105049617276,"Editorial Comment on ""Private Equity Acquisition Effect on the Most Common Urologic Procedures""",excluded,missing_abstract,,True,
113,2-s2.0-105025128820,Fractured Autonomy: The Cost of Orthopaedic Practice Consolidation,kept,,,True,© 2025 Elsevier Inc.
114,2-s2.0-105050792257,Self-interest first? Limited partnership agreement structure and corporate resilience,kept,,,True,"© 2026 Informa UK Limited, trading as Taylor & Francis Group."
115,2-s2.0-105012266453,Private equity and reproductive medicine: “Fertile breeding ground” – a physician’s perspective”,kept,,,True,© The Author(s) 2025.
116,2-s2.0-105006668906,To sell or not to sell? The financialization of French medical professions: the case of medical biologists and radiologists,kept,,,True,"© The Author(s), under exclusive licence to European Association for Evolutionary Political Economy and EAEPE Academy GmbH 2025."
117,2-s2.0-105010944681,The role of private equity in the German outpatient sector,kept,,,True,© 2025
118,2-s2.0-105021879831,The financialization of rental housing 3.0,kept,,,True,© The Author(s) 2025
119,2-s2.0-105036529337,Editorial Introduction: Why the Future of Sports Is Entertainment,kept,,,True,"© The Author(s), under exclusive license to Springer Nature Switzerland AG 2026."
120,2-s2.0-105034117576,Rural perspectives on for-profit health care in rural Georgia,kept,,,True,© 2026 National Rural Health Association.
121,2-s2.0-105016056301,"The Government Built It, and the Private Sector Came: For-Profit Health Care, Government Support, and the Road from Public Service to Private Equity",kept,,,True,© 2025 The Author(s).
122,2-s2.0-105013188362,The Impact of Private Equity on Quality of Reporting and Acquisition Premiums in Management Buyouts,kept,,,True,© 2025 Accounting and Finance Association of Australia and New Zealand.
123,2-s2.0-105044888419,From crowds to boards: the impact of equity crowdfunding on board size,kept,,,True,"© The Author(s), under exclusive licence to Springer Science+Business Media, LLC, part of Springer Nature 2026."
124,2-s2.0-105007944957,Annual Survey of Judicial Developments Pertaining to Private Equity and Venture Capital,excluded,missing_abstract,,True,
125,2-s2.0-105001153743,Research on the Influence of Government-Guided VC Funds on Regional Economic Development,kept,,,True,© 2025 by the authors.
126,2-s2.0-105045280308,Tax-Efficient Investing in Private Markets: A New Framework for Standardized Tax-Adjusted Performance and Tax Alpha,kept,,,True,Copyright 2026 With Intelligence LLC.
127,2-s2.0-105029982972,"THE DYNAMICS OF PRIVATE EQUITY FUNDS WHEN DRAWDOWNS, PERFORMANCES AND DISTRIBUTIONS ARE CORRELATED",kept,,,True,© World Scientific Publishing Company.
128,2-s2.0-105034665245,The liquidity paradox of the 505(b)(2) drug development pathway,kept,,,True,© 2026 Elsevier Ltd
129,2-s2.0-105040557371,"An Analysis of How Organic Growth, Institutional Investment, and Risk-Taking Impact Ownership Structures and Wealth Distribution in Private Equity",kept,,,True,"© The Author(s), under exclusive license to Springer Nature Switzerland AG 2026."
130,2-s2.0-105031669567,The SDGs versus ESG factors: corporate boards engagement and responsible investing driving the change,kept,,,True,© The Editors and Contributors Severally 2026.
131,2-s2.0-105031385191,Deciphering investment heuristics: Inside the minds of German investors—An empirical study about investors’ decision-making heuristics,kept,,,True,© The Author(s) 2026.
132,2-s2.0-85189080219,Private Equity Investments in Support of Professional Athletes: Developing and Testing a Cross-Country Framework of Sporting and Venture Creation Performances in Countries With a Strong Long-Term Orientation,kept,,,True,© 2024 Global Alliance of Marketing & Management Associations (GAMMA).
133,2-s2.0-85217846747,Increases In Physician Professional Fees In Private Equity–Owned Gastroenterology Practices,kept,,,True,"© 2025 Project HOPE— The People-to-People Health Foundation, Inc."
134,2-s2.0-105017152917,Workers’ Capital and Private Equity: Fiduciary Duty and the Imperative to Address Labor Risk,kept,,,True,© 2025 UALE
135,2-s2.0-105027430805,Profit Over Public Good: The Impact of Investment Firm Ownership on Local News and Political Behavior,kept,,,True,"© 2026 The Author(s). Published with license by Taylor & Francis Group, LLC."
136,2-s2.0-105005056406,Energy funding in South Africa,kept,,,True,"© The Author(s), under exclusive license to Springer Nature Singapore Pte Ltd. 2025."
137,2-s2.0-105022917430,Nature Finance: Bridging Natural and Financial Capital Through Robust Impact Measurement,kept,,,True,© 2025 by the authors.
138,2-s2.0-105037723395,Manufactured housing and the dialectics of enclosure and commoning,kept,,,True,© Urban Studies Journal Limited 2026
139,2-s2.0-105031669337,Limiting corporate interference,excluded,missing_abstract,,True,
140,2-s2.0-105022777974,"Financial environment, dry powder, and the dynamics of private equity valuations",kept,,,True,© 2025 The Author.
141,2-s2.0-105031751878,"The ecosystem: Financing, actors, and tools",kept,,,True,© 2026 Joseph Jacobelli.
142,2-s2.0-105005441646,The Future of Private Equity in Orthopaedics,excluded,missing_abstract,,True,
143,2-s2.0-105008914168,Association of Private Equity Investment in Health Care With Medical Education Disruptions,kept,,,True,© 2025 Lippincott Williams & Wilkins
144,2-s2.0-85208808724,Change point detection in high dimensional covariance matrix using Pillai’s statistics,kept,,,True,© The Author(s) 2024.
145,2-s2.0-105036421029,A practitioner's guide to using data on private equity hospital acquisitions,kept,,,True,"© The Author(s) 2026. Published by Oxford University Press on behalf of Project HOPE - The People-To-People Health Foundation, Inc."
146,2-s2.0-105010936179,CEO Turnover and Post-Buyout Performance in Private Equity-Backed Companies: an Empirical Analysis in Japan,kept,,,True,© The Author(s) 2025.
147,2-s2.0-105028737246,Picking partners: Manager selection in private markets,kept,,,True,© 2026 Elsevier B.V.
148,2-s2.0-105005424193,Navigating Private Equity Buyouts: A Guide for Plastic Surgeons at All Career Stages,kept,,,True,© 2025 Lippincott Williams and Wilkins. All rights reserved.
149,2-s2.0-105031683970,Bankruptcy as a National Security Risk,kept,,,True,Copyright © 2026 by Jason Jia-Xi Wu.
150,2-s2.0-105025162055,Do GPs truly present fair value? The case of continuation funds,kept,,,True,© 2025 Elsevier B.V.
151,2-s2.0-85195603077,Investing in India’s electric revolution: A case study of OLA electric,kept,,,True,© Association for Information Technology Trust 2024
152,2-s2.0-85213731177,ESG practices and investment decisions in private equity funds: recovering debates on business sustainability,kept,,,True,"© 2024, Emerald Publishing Limited."
153,2-s2.0-105034078299,Entrepreneurial acquisitions and small-cap private equity overlaps: A resource-based view,kept,,,True,"© 2026, Cracow University of Economics. All rights reserved."
154,2-s2.0-105050715915,The evidence of asymmetric impact of climate finance and technological innovation on CO2 emissions and temperature change,kept,,,True,"© The Author(s), under exclusive licence to Springer Nature B.V. 2026."
155,2-s2.0-105032140261,Does private equity acquisition impact the quality of care provided in US hospices?,kept,,,True,© 2026 The Authors.
156,2-s2.0-105047817862,The ESG backlash: contesting the low-carbon transition under asset manager capitalism,kept,,,True,"© 2026 The Author(s). Published by Informa UK Limited, trading as Taylor & Francis Group."
157,2-s2.0-105038993924,How Deadly Is Financial Leverage? Evidence from Care Homes During the COVID-19 Crisis,kept,,,True,© 2025 INFORMS
158,2-s2.0-86000434057,Institutions and the real effects of private equity buyouts: A meta-analysis,kept,,,True,© 2025 The Author(s). Strategic Entrepreneurship Journal published by John Wiley & Sons Ltd on behalf of Strategic Management Society.
159,2-s2.0-105015552060,"EVALUATING INNOVATION IN EQUITY INVESTMENT DECISIONS: INSIGHTS FROM VENTURE CAPITAL, PRIVATE EQUITY AND EQUITY FUND PERSPECTIVES",kept,,,True,© 2025 World Scientific Publishing Europe Ltd.
160,2-s2.0-105030940643,Message Collision in the Employee Ownership Movement: Distinguishing ESOP Advocacy from “Shared Ownership” Initiatives,kept,,,True,© 2026 SAGE Publications
161,2-s2.0-105008766956,Career trends after fellowship: the rising tide of private equity and the ebb of academic medicine in fertility care,kept,,,True,© 2025 Elsevier Inc.
162,2-s2.0-105001059655,The impact of ownership on global strategy: Owner diversity and non-financial objectives,kept,,,True,© 2025 The Author(s). Global Strategy Journal published by John Wiley & Sons Ltd on behalf of Strategic Management Society.
163,2-s2.0-85192770125,Climate issues in portfolio investment decisions: a comparison of Private equity and venture capital,kept,,,True,"© 2024 The Author(s). Published by Informa UK Limited, trading as Taylor & Francis Group."
164,2-s2.0-105045877725,"Venture Capital, Private Equity and External Financing in European High-Tech Entrepreneurial Firms: The Moderating Role of Investor Protection",kept,,,True,© 2026 by the author.
165,2-s2.0-105034292028,Private Equity and Anesthesia Systems: Balancing Market Efficiency With Clinical Continuity,excluded,missing_abstract,,True,
166,2-s2.0-105004721536,Do Employees Cheer for Private Equity? The Heterogeneous Effects of Buyouts on Job Quality,kept,,,True,Copyright: © 2024 INFORMS.
167,2-s2.0-105039316367,Relevance of Sustainable Value Creation to Investors,kept,,,True,"© The Author(s), under exclusive license to Springer Nature Switzerland AG 2026."
168,2-s2.0-105027968695,Private equity in ophthalmology: geographic trends reveal urban-rural disparities in acquisitions and satellite expansion,kept,,,True,"© The Author(s), under exclusive licence to Springer-Verlag GmbH Germany, part of Springer Nature 2025."
169,2-s2.0-105034249311,Emotions and Affective Decisions in Hospitality Equity Investment,kept,,,True,© 2026 Guy Majerus Lincoln and Dorina-Maria Buda.
170,2-s2.0-105008773360,Increasing Private Equity Investments in Plastic Surgery Practices in the United States: Analysis of Trends and Consolidation,kept,,,True,© 2025 The Author(s).
171,2-s2.0-105017782258,Real Estate Private Equity Performance: Recent Evidence and Its Implications,kept,,,True,Copyright 2025 With Intelligence LLC.
172,2-s2.0-105035716436,"Private equity investment, executives’ financial background, and firm performance",kept,,,True,© 2026 Elsevier Ltd. All rights reserved.
173,2-s2.0-85212489874,Co-Investments in Private Equity: Do Investor Types Matter?,kept,,,True,© 2024 John Wiley & Sons Ltd.
174,2-s2.0-105049380294,Private equity acquisitions and cancer care: nothing to see here? Not so fast.,excluded,missing_abstract,,True,
175,2-s2.0-105037292589,Private Equity and ESG Investing - Pathways to Long-Term Value Creation,kept,,,True,"© 2026 by Nova Science Publishers, Inc."
176,2-s2.0-105012373950,Predicting Returns of Listed Private Equity,kept,,,True,© 2025 Portfolio Management Research. All rights reserved.
177,2-s2.0-105043036775,The effect of private equity buyouts on targets: Evidence from the long-term care clinics,kept,,,True,© 2026 The Economic Society of Australia (Queensland) Inc.
178,2-s2.0-105035889766,The X+Y+Z Code for Government-Guided Funds in Cultivating Unicorn Enterprises; [政府引导基金培育独角兽的 “X+Y+Z” 密码],kept,,,True,© 2025 China Machine Press. All rights reserved.
179,2-s2.0-105010305759,Private Equity in Heart Failure Care: Where Chronic Disease and Acute Financial Pressures Collide,excluded,missing_abstract,,True,
180,2-s2.0-105049644836,Financing a Private Practice: A Practical Framework for Plastic Surgeons,kept,,,True,"Copyright © 2026 The Authors. Published by Wolters Kluwer Health, LLC. on behalf of The American Society of Plastic Surgeons."
181,2-s2.0-105010848755,Sponsor Reputation and Capital Structure Dynamics in Leveraged Buyouts,kept,,,True,© 2024 INFORMS.
182,2-s2.0-105046363702,"The paradox of safe assets: hedge funds, leveraged finance and treasury market instability",kept,,,True,"© 2026 The Author(s). Published by Informa UK Limited, trading as Taylor & Francis Group."
183,2-s2.0-105004603596,When and How Should Patients Be Informed About Clinicians' or Organizations' Sale of a Clinical Practice to a Private Equity Buyer?,kept,,,True,Copyright 2025 American Medical Association. All rights reserved.
184,2-s2.0-105009012721,The Covid-19 pandemic and the portfolio diversification effect of catastrophe bonds,kept,,,True,© 2025 Infopro Digital Risk (IP) Limited.
185,2-s2.0-105003817842,"Financialization, housing rents and affordability in Toronto",kept,,,True,"© The Author(s) 2025. This article is distributed under the terms of the Creative Commons Attribution-NonCommercial 4.0 License (https://creativecommons.org/licenses/by-nc/4.0/) which permits non-commercial use, reproduction and distribution of the work without further permission provided the original work is attributed as specified on the SAGE and Open Access pages (https://us.sagepub.com/en-us/nam/open-access-at-sage)."
186,2-s2.0-105036365849,Applying the Appraisal Ratio and Style Analysis to Total Portfolio Management,kept,,,True,Copyright 2026 With Intelligence LLC.
187,2-s2.0-105044455581,A closer look at provider market consolidation and the role of private capital,kept,,,True,"© The Author(s), 2026. Published by Cambridge University Press."
188,2-s2.0-105026509871,"From Legitimacy to Leadership: A Comparative Analysis of Environmental, Social, and Governance Reports from the World’s Largest Private Equity Firms",kept,,,True,"© Canadian Public Policy/Analyse de politiques, 2025. All rights reserved/Tous droits réservés. Authorization to reproduce items for internal or personal use, or the internal or personal use of specific clients, is granted by the journal for libraries and other users registered with the Copyright Clearance Center (CCC): https://www.copyright.com. Permissions may also be obtained by email via journal.permissions@utpress.utoronto.ca."
189,2-s2.0-105041590087,Professional sport,kept,,,True,"© 2026 Matthew T. Brown, Daniel A. Rascher, Mark S. Nagel, and Chad D. McEvoy."
190,2-s2.0-105001060637,The role of existing shareholders in private equity placements in China,kept,,,True,© 2024 The Southern Finance Association and the Southwestern Finance Association.
191,2-s2.0-105005838840,Private equity in the hospital industry,kept,,,True,© 2025
192,2-s2.0-105031559396,"Private equity involvement in long-term care: what can we learn from the United States, Ireland, and Poland?",kept,,,True,"© The Author(s), 2026. Published by Cambridge University Press."
193,2-s2.0-85211033260,Private equity and financial distress: A bibliometric literature review,kept,,,True,© 2024 Elsevier B.V.
194,2-s2.0-105017585390,Unnatural Selection in Private Equity Real Estate?,kept,,,True,© 2025 Portfolio Management Research. All rights reserved.
195,2-s2.0-85214448033,Reply: Our Perspective on How Private Equity Platforms Can Accelerate Efforts to Improve Quality and Value,excluded,missing_abstract,,True,
196,2-s2.0-85210151684,"Private Equity Penetration in Behavioral Health in the United States, 2010–2022",excluded,missing_abstract,,True,
197,2-s2.0-105029641136,Chapter 6: Uncoupling the Private Equity-backed Buy-and-Build Strategy,kept,,,True,"© 2026 Niklas Linder, David P. Kroon and Svetlana N. Khapova"
198,2-s2.0-105012964986,Increase the regulation of biodiversity effects from private equity markets,excluded,missing_abstract,,True,
199,2-s2.0-105024916685,Price to Rent: Racialized Accumulation and Institutional Single-Family Rentals,kept,,,True,"© 2025 Informa UK Limited, trading as Taylor & Francis Group."
200,2-s2.0-105004710102,Hospitals Acquired By Private Equity Firms: Increased Postoperative Mortality For Common Inpatient Surgeries,kept,,,True,"© 2025 Project HOPE—The People-to-People Health Foundation, Inc."
201,2-s2.0-105002232677,Trends in Private Equity Owned Otolaryngology Practice Clinician Distribution,kept,,,True,© 2025 The Author(s). OTO Open published by Wiley Periodicals LLC on behalf of American Academy of Otolaryngology-Head and Neck Surgery Foundation.
202,2-s2.0-105018089922,Systematic Risk in Publicly Listed Private Equity: An Empirical Study Using Score-Driven Beta Models,kept,,,True,"© 2025 the author(s), published by De Gruyter, Berlin/Boston."
203,2-s2.0-105043282991,Long Goodbyes: How Do Private Equity Funds Manage Sell-Downs After Initial Public Offerings?,kept,,,True,© 2025 INFORMS
204,2-s2.0-105029982304,The Need for Regulation of Private Equity: Evidence from De-SPAC Transactions,kept,,,True,"Copyright 2025. Sureyya Burcu Avci, Cindy A. Schipani, and H. Nejat Seyhun. All rights reserved."
205,2-s2.0-85216606838,Hospital Assets and Private Equity Acquisition - Reply,excluded,missing_abstract,,True,
206,2-s2.0-105043826026,THE ALCHEMIST'S INVERSION,kept,,,True,© 2026 Cornell Law School. All rights reserved.
207,2-s2.0-105046734797,Unlocking FinTech success: an analysis of the economic factors accelerating financing,kept,,,True,Copyright © 2026 Inderscience Enterprises Ltd.
208,2-s2.0-105011249050,Kaizen Unlocks Hidden Value in Manufacturing,kept,,,False,
209,2-s2.0-105041714444,A typology of private investor-ownership in health service provision and related regulatory frameworks in five countries,kept,,,True,"© The Author(s), 2026. Published by Cambridge University Press."
210,2-s2.0-105015099408,Internationalization and Private Equity Partnerships: Legal Origin Heterogeneity and Fund Performance,kept,,,True,© 2025 The Authors
211,2-s2.0-105002486564,Optimal share repurchase decision model for retailers under supply chain collaboration,kept,,,True,© 2025 Elsevier Inc.
212,2-s2.0-85217183621,Investor Networks and Fund Performance in Private Equity Real Estate Funds,kept,,,True,"© The Author(s), under exclusive licence to Springer Science+Business Media, LLC, part of Springer Nature 2025."
213,2-s2.0-105046147185,Private Equity Ownership in Hospice Care: A Systematic Review (2012-2026),kept,,,True,© The Author(s) 2026
214,2-s2.0-105004603493,Health Inequity Profiteering by Private Equity Firms,kept,,,True,© 2025 American Medical Association. All rights reserved.
215,2-s2.0-105014103544,Very Large Group Private Practices/Management Organizations,excluded,missing_abstract,,True,
216,2-s2.0-105001652794,Bureaucracy and patrimonialism on Wall Street: How organizational forms contribute to elite reproduction,kept,,,True,© The Author(s) 2024.
217,2-s2.0-105034362493,Navigating the Evolving Landscape of Private Cardiology Practice,kept,,,True,"© 2026, Ascend Media. All rights reserved."
218,2-s2.0-85216606605,Hospital Assets and Private Equity Acquisition,excluded,missing_abstract,,True,
219,2-s2.0-105021451880,Sustainable Barbarians: The Role of Private Equity and Venture Capital on ESG Performance,kept,,,True,© 2025 ERP Environment and John Wiley & Sons Ltd.
220,2-s2.0-85217578897,Silent Cost of Private Equity Hospitals,excluded,missing_abstract,,True,
221,2-s2.0-105024006441,"The impact of private equity investments in Indian healthcare: a critical political economy perspective on equity, access, and rising health costs",kept,,,True,© 2025
222,2-s2.0-105033263801,A letter to the editor re: “Financial characteristics of private equity-affiliated freestanding psychiatric hospitals in the U.S.” – Health equity considerations,excluded,missing_abstract,,True,
223,2-s2.0-85215100178,Private equity activity and corporate governance’s spillover,kept,,,True,"© Hernán Herrera-Echeverri, Diego Cueto, Sandra Gaitan and Daniel Fragua"
224,2-s2.0-105004217168,Private equity consolidation in anaesthesiology: trends and sector-specific investment patterns from 2006 to 2024,excluded,missing_abstract,,True,
225,2-s2.0-105039884461,"Return on investment, return of risk: private equity in gastrointestinal cancer care",excluded,missing_abstract,,True,
226,2-s2.0-105035354504,The Business of Anesthesiology: Private Equity’s Growing Influence on the Workforce,excluded,missing_abstract,,True,
227,2-s2.0-105018215231,Geodemographic Trends in Private Equity Acquisitions of US Gastroenterology Practices: An Analysis of Transactions From 2013 to 2023,excluded,missing_abstract,,True,
228,2-s2.0-105004010470,Can female directors affect IPO withdrawal risk?,kept,,,True,"© 2025 Kelley School of Business, Indiana University"
229,2-s2.0-86000385275,Equity financing during the Covid-19 economic downturn,kept,,,True,"© The Author(s), under exclusive licence to Springer Science+Business Media, LLC, part of Springer Nature 2024."
230,2-s2.0-105009405434,THE OWNERSHIP-STRATEGY LINK: THE ROLE OF PRIVATE EQUITY IN VALUE CREATION,kept,,,True,"© 2025, Academy of Management. All rights reserved."
231,2-s2.0-105013208419,Corporatisation and ownership concentration in diagnostic imaging: an audit of Australian practices,kept,,,True,© 2025 The Author(s) (or their employer(s)).
232,2-s2.0-105004603679,How Should We Assess Quality of Health Care Services in Organizations Owned by Private Equity Firms?,kept,,,True,© 2025 American Medical Association. All rights reserved.
233,2-s2.0-105038078842,State of Research on Artificial Intelligence in Private Equity: a Bibliometric Approach,kept,,,True,"© The Author(s), under exclusive license to Springer Nature Switzerland AG 2026."
234,2-s2.0-105008234514,Are private placements associated with more active media management than public offerings? Evidence from Taiwan,kept,,,True,"© 2024, Emerald Publishing Limited."
235,2-s2.0-105050386231,"Secondary fund, information precision and private equity secondary market transactions; [S 基金、信息精度和私募股权二级市场交易]",kept,,,True,"© 2026, Systems Engineering Society of China. All rights reserved."
236,2-s2.0-105030945845,Private equity acquisitions of hospitals and the changing landscape of care for patients with gastrointestinal cancer,kept,,,True,© AME Publishing Company.
237,2-s2.0-105040217687,Regulating Private Equity in Health Care: A Strategic Policy Agenda,kept,,,True,"© 2026, Ascend Media. All rights reserved."
238,2-s2.0-105046375973,Growth equity investment patterns and performance,kept,,,True,© 2026 Elsevier B.V.
239,2-s2.0-105046154453,Balancing innovation and efficiency in a private-equity-changed world of IVF: the case for sustainable scale,kept,,,True,"© 2026 Reproductive Healthcare Ltd. Published by Elsevier Ltd. All rights are reserved, including those for text and data mining, AI training, and similar technologies."
240,2-s2.0-105035000174,A Unified Model of Investor Utility and Asset Pricing,kept,,,True,© 2026 With Intelligence LLC.
241,2-s2.0-85176359632,Research on the Investment Strategy of Private Equity Investment Fund Targeted Increase in NEEQ — An Empirical Analysis Based on BP and Hopfield Neural Network Model,kept,,,True,© 2025 World Scientific Publishing Europe Ltd.
242,2-s2.0-105039447429,Investing with Purpose: Evidence from Private Foundations,kept,,,True,© 2026 the American Finance Association.
243,2-s2.0-86000790585,Idiosyncratic asset return and wage risk of US households,kept,,,True,© 2025 The Author(s). Economic Inquiry published by Wiley Periodicals LLC on behalf of Western Economic Association International.
244,2-s2.0-105035677271,"Private financing, R&D, and export activity: Evidence from Portugal",kept,,,True,© 2026 The Author(s). Published by Elsevier B.V. This is an open access article under the CC BY license. http://creativecommons.org/licenses/by/4.0/
245,2-s2.0-105007053296,Changes in Payer Mix Associated With Private Equity Acquisition of Ophthalmology Practices,excluded,missing_abstract,,True,
246,2-s2.0-105013856045,Private equity and the risk-taking of small and medium-sized enterprises,kept,,,True,© 2025
247,2-s2.0-105041347236,The role of venture-financed startups in innovation for US agriculture,kept,,,True,© 2026 The Author(s). American Journal of Agricultural Economics published by Wiley Periodicals LLC on behalf of Agricultural & Applied Economics Association.
248,2-s2.0-105043347310,The impact of private equity acquisition of US hospitals on patient outcomes: A systematic review,kept,,,True,© 2026 The Author(s). Journal of Hospital Medicine published by Wiley Periodicals LLC on behalf of Society of Hospital Medicine.
249,2-s2.0-105043393570,"Return on Equity Versus the Cost of Equity, Litigation and Excess Returns: The Case of a Water Sector Public-Private Entity",kept,,,True,"© (2026), (Lexxion Verlagsgesellschaft mbH). All rights reserved."
250,2-s2.0-85177480728,Investing in Your Alumni: Endowments’ Investment Choices in Private Equity,kept,,,True,© The Author(s) 2023.
251,2-s2.0-85197722369,A bibliometric review of bibliometric reviews of corporate governance: current topics and recommendations for future research,kept,,,True,"© The Author(s), under exclusive licence to Springer Nature Limited 2024."
252,2-s2.0-105034339280,Hospital resource deficits in climate vulnerable united states counties: Insights from a national survey,kept,,,True,© AME Publishing Company.
253,2-s2.0-105021951670,Private Equity Acquisitions of Home Health Agencies,excluded,missing_abstract,,True,
254,2-s2.0-85194903229,Organizational capital and private placements of common equity,kept,,,True,© 2024 The Southern Finance Association and the Southwestern Finance Association.
255,2-s2.0-105004603565,How Private Equity Undermines Rural Health Equity,kept,,,True,© 2025 American Medical Association. All rights reserved.
256,2-s2.0-105004603686,Can Current Legal Tools Respond Adequately to Risks of Private Equity Investment in Health Care?,kept,,,True,Copyright 2025 American Medical Association. All rights reserved.
257,2-s2.0-105038279158,Private Equity Arrangements as Real Options,kept,,,True,© 2011
258,2-s2.0-105047880379,Study finds positive effects of private equity acquisition on primary care services,excluded,missing_abstract,,True,
259,2-s2.0-86000426704,"Incentive Contract, Equity Pooling, and Optimal Securitization Design",kept,,,True,© 2024 John Wiley & Sons Ltd.
260,2-s2.0-105001073690,The start-up's roadmap to private equity financing: substituting discounts with a premium in valuation for growth,kept,,,True,"© 2023, Emerald Publishing Limited."
261,2-s2.0-105038616842,De-risking Global Trade Through Customs Insurance,kept,,,True,"© 2026 Kluwer Law International BV, The Netherlands."
262,2-s2.0-105039401312,Driving change? A systematic exploration of private equity and innovation,kept,,,True,"© 2026, Endre Mihály Molnár, Ádám Németh and Magdaléna Tupá"
263,2-s2.0-105018262163,THE ROLE OF PRIVATE EQUITY INVESTMENTS IN INFRASTRUCTURE PROJECTS,kept,,,True,"© 2026 selection and editorial matter, Joshua Yindenaba Abor, John Macomber, Thankom Arun and Victor Murinde; individual chapters, the contributors."
264,2-s2.0-105019196086,Austrian exceptionalism in the financialisation of housing and care: a precarious interplay of bulwarks and conduits,kept,,,True,"© 2025 The Author(s). Published by Informa UK Limited, trading as Taylor & Francis Group."
265,2-s2.0-85215315599,Do Public Financial Statements Influence Private Equity and Venture Capital Financing?,kept,,,True,© 2025 American Accounting Association. All rights reserved.
266,2-s2.0-85217830420,"Variation In Hospital Salary Expenditures And Utilization Changes After Private Equity Acquisition, 2005–19",kept,,,True,"© 2025, Project HOPE. All rights reserved."
267,2-s2.0-105051068163,Higher commercial payment rates at private equity–backed dermatology clinics: Evidence from Transparency in Coverage data,excluded,missing_abstract,,True,
268,2-s2.0-105016275056,Health Care Corporatization as a Catalyst for Wellness Legal Partnerships,kept,,,True,© 2025 The Author(s).
269,2-s2.0-105021934080,Market distortions in the Dutch mixed long-term care market: An exploratory analysis,kept,,,True,"© The Author(s), 2025. Published by Cambridge University Press."
270,2-s2.0-105000009235,Family firm exit: A vignette study on selling to an activist versus a steward private equity investor,kept,,,True,© The Author(s) 2025.
271,2-s2.0-105043095781,Integrating Sustainability and ESG in Private Equity A Playbook for Generating Long-Term Value from Sustainable Practices,kept,,,True,© 2026 Esohe Denise Odaro and Sasja Beslik
272,2-s2.0-105004603457,Physician Engagement With Private Equity Firms,kept,,,True,Copyright 2025 American Medical Association. All rights reserved.
273,2-s2.0-105044701089,Green Finance Instruments and Initiatives: Catalysts for Achieving the Sustainable Development Goals (SDGs),kept,,,True,"Copyright © 2027, IGI Global Scientific Publishing."
274,2-s2.0-105016750999,The transformation of French hospital capitalism: financialisation and concentration,kept,,,True,© 2025 The Association for Social Economics.
275,2-s2.0-85215409650,Understanding private equity-owned HHAs in the U.S.: A performance comparison between pe-owned and non-pe-owned agencies,kept,,,True,© 2025 Elsevier B.V.
276,2-s2.0-105041061105,Low-Value Care Following Hospital and Private Equity Acquisition in Primary Care,kept,,,True,"© The Author(s) 2026. This article is distributed under the terms of the Creative Commons Attribution-NonCommercial 4.0 License (https://creativecommons.org/licenses/by-nc/4.0/) which permits non-commercial use, reproduction and distribution of the work without further permission provided the original work is attributed as specified on the SAGE and Open Access page (https://us.sagepub.com/en-us/nam/open-access-at-sage)."
277,2-s2.0-105036792717,THE ROUTLEDGE HANDBOOK OF INDIAN BANKING AND FINANCE,kept,,,True,"© 2026 selection and editorial matter, Partha Ray, Ashok Banerjee, and Sankarshan Basu; individual chapters, the contributors."
278,2-s2.0-105040871311,"Private Equity Acquisitions In Primary Care: Changes In Utilization, Spending, And Workforce",kept,,,True,"© 2026 Health Affairs Publishing, LLC."
279,2-s2.0-85217258515,Private Equity Ownership of US Opioid Treatment Programs,excluded,missing_abstract,,True,
280,2-s2.0-105043939143,Investor expertise and private investment selection,kept,,,True,"© 2026 Elsevier B.V. All rights are reserved, including those for text and data mining, AI training, and similar technologies."
281,2-s2.0-105041427382,Factions of asset-based capitalism: a historical typology,kept,,,True,"© 2026 The Author(s). Published by Informa UK Limited, trading as Taylor & Francis Group."
282,2-s2.0-105049766771,Do corporate venture capital investments affect listed firms' stock price crash risk? Evidence from China,excluded,future_publication_year,,True,© 2026 Published by Elsevier B.V.
283,2-s2.0-105012040010,Entrepreneurship pathways for scaling legume-based agroecological intensification in Eastern and Southern Africa. A review,kept,,,True,© 2025 The Author
284,2-s2.0-105012398666,Strategic Asset Allocation with Alternative Investments: An Integrated Approach,kept,,,True,Copyright 2025 With Intelligence LLC.
285,2-s2.0-105011359848,The Agency Costs of Side-by-side Management: Evidence from the Hedge Fund and Private Equity Industry,kept,,,True,© 2025 The Author(s). British Journal of Management published by John Wiley & Sons Ltd on behalf of British Academy of Management.
286,2-s2.0-105022791090,Elite embeddedness: the rise of financiers on university boards as parallel social organizations,kept,,,True,© The Author(s) 2025. Published by Oxford University Press and the Society for the Advancement of Socio-Economics.
287,2-s2.0-105040369632,"Government guidance funds, vertical fiscal imbalance, and regional green innovation",kept,,,True,Copyright © 2026. Published by Elsevier Inc.
288,2-s2.0-105042212156,"Erratum: The Government Built It, and the Private Sector Came: For-Profit Health Care, Government Support, and the Road from Public Service to Private Equity - CORRIGENDUM (American journal of law & medicine)",excluded,missing_abstract,,True,
289,2-s2.0-105038373113,Private Equity Acquisition in Primary Care and Avoidable Hospitalizations,kept,,,True,© 2026 Dixit MN et al.
290,2-s2.0-105041594822,Financial Management in the Sport Industry: FOURTH EDITION,kept,,,True,"© 2026 Matthew T. Brown, Daniel A. Rascher, Mark S. Nagel, and Chad D. McEvoy."
291,2-s2.0-105050282487,Tokenisation of Illiquid Assets,kept,,,True,"© The Author(s), under exclusive license to Springer Nature Switzerland AG 2026."
292,2-s2.0-105007298874,Kingdom’s capital charting the dynamic future of private equity,kept,,,True,"© 2025, Emerald Publishing Limited."
293,2-s2.0-105029639067,Private equity investments in health care in OECD countries: an exploratory analysis,kept,,,True,"© The Author(s), 2026. Published by Cambridge University Press."
294,2-s2.0-105017738173,"Response to ""how Should We Assess Quality of Health Care Services in Organizations Owned by Private Equity Firms?""",excluded,missing_abstract,,True,
295,2-s2.0-105012521382,Emergency Physician Employer Market Share and Concentration by Ownership Type,kept,,,True,© 2025 American College of Emergency Physicians.
296,2-s2.0-105035895192,Indirect Equity Financing of Convertible Bond in China; [中国可转债变相股权融资机制研究],kept,,,True,© 2025 China Machine Press. All rights reserved.
297,2-s2.0-105037769532,Regulating Private Equity in Clinical Care Delivery - Lessons From California and Oregon,excluded,missing_abstract,,True,
298,2-s2.0-105040655863,The effect of the cost of capital on private equity buyout performance,kept,,,True,© 2026 The Authors
299,2-s2.0-105036789779,Real Estate Finance,kept,,,True,"© 2026 selection and editorial matter, Partha Ray, Ashok Banerjee, and Sankarshan Basu; individual chapters, the contributors."
300,2-s2.0-105044830168,Private Equity's Growing Presence in Health Care-Promise or Peril?: A Healthy Dialogue With Sneha Kannan,excluded,missing_abstract,,True,
301,2-s2.0-105002132399,Liquidity transformation risks and stabilization tools: Evidence from open-end private equity real estate funds,kept,,,True,© 2025 American Real Estate and Urban Economics Association.
302,2-s2.0-105035714896,"The state of hospice: Impacts on equity, quality, and nursing—An AAN consensus paper",kept,,,True,© 2026 Elsevier Inc.
303,2-s2.0-105024829941,"Navigating Private Equity's Impact on Healthcare Workforce through Policy, Politics, and Practice",excluded,missing_abstract,,True,
304,2-s2.0-105031904859,The Implications of Private Equity Investment in Emergency Medicine,kept,,,True,© 2026 The Author(s)
305,2-s2.0-105007776487,Association of hospital for-profit status with clinical and financial outcomes following emergency general surgery,kept,,,True,© 2025
306,2-s2.0-105033938939,Perspectives on increasing corporate ownership and unionization in hospital medicine: An exploratory mixed methods study,kept,,,True,© 2026 Society of Hospital Medicine.
307,2-s2.0-105047632920,Business Angels and Small and Micro-Cap Private Equity Funds as Alternative Funding Sources for SME Acquisitions,kept,,,True,"© The Author(s), under exclusive license to Springer Nature Switzerland AG 2026."
308,2-s2.0-105013038725,"Green Versus Gray Initial Public Offerings: Ownership, Withdrawal, and Post-IPO Performance",kept,,,True,"© IAEE 2024. This article is distributed under the terms of the Creative Commons Attribution 4.0 License (https://creativecommons.org/licenses/by/4.0/) which permits any use, reproduction and distribution of the work without further permission provided the original work is attributed as specified on the SAGE and Open Access pages (https://us.sagepub.com/en-us/nam/open-access-at-sage)."
309,2-s2.0-105030162171,Venture Capital and Private Equity Diversification: A Var and DCC Garch Approach,kept,,,True,"© 2025, National Research University Higher School of Economics (HSE University). All rights reserved."
310,2-s2.0-85212847185,Private equity renewable energy investments in India,kept,,,True,© 2024
311,2-s2.0-105011693511,The effects of private equity ownership in U.S. nursing homes quality and financial performance: A systematic review,kept,,,True,© 2025 Elsevier B.V.
312,2-s2.0-105004909117,"Wealth Extraction from a Nursing Home Chain With Individual, Private Equity, and Real Estate Owners",kept,,,True,"© The Author(s) 2025. This article is distributed under the terms of the Creative Commons Attribution-NonCommercial 4.0 License (https://creativecommons.org/licenses/by-nc/4.0/) which permits non-commercial use, reproduction and distribution of the work without further permission provided the original work is attributed as specified on the SAGE and Open Access page (https://us.sagepub.com/en-us/nam/open-access-at-sage)."
313,2-s2.0-105003589557,Risk Management Practices among Private Equity Funds in South Africa,kept,,,True,"© 2025, Econjournals. All rights reserved."
314,2-s2.0-105037644337,Asymmetric information and valuation frictions in continuation funds,kept,,,True,© 2026 Elsevier Inc.
315,2-s2.0-105008349540,Private equity investment in long-term care: The case of Ireland,kept,,,True,© 2025 The Author(s)
316,2-s2.0-105040534295,Strategic versus financial acquirer as a determinant of overpayment in mergers and acquisitions,kept,,,True,"© 2026 The Author(s). Published by Informa UK Limited, trading as Taylor & Francis Group."
317,2-s2.0-85219585590,Requiring all surgeries to be referred to in-house dermatologic surgeons: Is it ethical or a profit haven?,kept,,,True,© 2025 Elsevier Inc.
318,2-s2.0-105035929059,The Marriage of Fintech and ESG in Investment Banks: Did COVID-19 Matchmake Them?,kept,,,True,© 2026 by IGI Global Scientific Publishing. All rights reserved.
319,2-s2.0-105016811051,Performance Perspectives on Prominent Private Equity-Leveraged Buyout Fund (PE-LBO) Families,kept,,,True,© 2025 Portfolio Management Research. All rights reserved.
320,2-s2.0-105026160788,Metformin-Enhanced Digital Therapeutics for the Affordable Primary Prevention of Diabetes and Cardiovascular Diseases: Advancing Low-Cost Solutions for Lifestyle-Related Chronic Disorders,kept,,,True,© 2025 by the authors.
321,2-s2.0-105012899217,Sustainable Investing in the United States: The Emerging Role of Private Equity,kept,,,True,"© The Author(s), under exclusive license to Springer Nature Switzerland AG 2026."
322,2-s2.0-105004603523,"When Does Private Equity Ownership of Physician Practices Violate “First, Do No Harm”?",kept,,,True,© 2025 American Medical Association. All rights reserved.
323,2-s2.0-105018337967,The Impact of Private Equity Hospital Acquisitions on Maternal Health for Medicaid Patients,kept,,,True,© 2025 The Author(s). Health Services Research published by Wiley Periodicals LLC.
324,2-s2.0-105042734754,Strategic Consulting for Venture Capital and Private Equity: Unlocking Portfolio Growth and Exit Opportunities,kept,,,True,Copyright © 2026 by IGI Global Scientific Publishing. All rights reserved.
325,2-s2.0-105042136854,The Puzzle of Negative Dry Powder: The Case of Private Equity in Central and Eastern Europe,kept,,,True,© 2026 With Intelligence LLC.
326,2-s2.0-105031637409,The Importance of Governance in Private Equity Financing,excluded,missing_abstract,,True,
327,2-s2.0-105036102404,"CLAIMING SOCIAL HOUSING FUTURES: Value, Risk and the Temporal Politics of Income Strip Financing in London",kept,,,True,© 2026 The Author(s). International Journal of Urban and Regional Research published by John Wiley & Sons Ltd on behalf of Urban Research Publications Limited.
328,2-s2.0-105004603764,Wavering on Branches of a Decision Tree,excluded,duplicate_cleaned_abstract,2-s2.0-105004603523,True,Copyright 2025 American Medical Association. All Rights Reserved.
329,2-s2.0-85211143193,Plundered or profitably pumped-up? The effects of private equity takeover,kept,,,True,© 2024 Elsevier B.V.
330,2-s2.0-86000783608,Beyond the AJR: A Clearer Look at Private Equity Market Penetration,excluded,missing_abstract,,True,
331,2-s2.0-105018757363,More Healing Hands Through More Harmonized Voices: The SCALPEL Study,kept,,,True,"© 2026 Thieme Medical Publishers, Inc.. All rights reserved."
332,2-s2.0-105034961535,Private Equity–Acquired Residential Treatment Facilities vs Other For-Profit Facilities,kept,,,True,© 2026 Havlik JL et al.
333,2-s2.0-105031763445,Private Equity Acquisition and Buprenorphine Prescribing,kept,,,True,© 2026 Holdaway T et al.
334,2-s2.0-105014381330,The Impact of Private Equity Investment on the New Quality Productivity of the Enterprises in Strategic Emerging Industry,kept,,,True,Copyright © 2025 by the authors.
335,2-s2.0-105041541229,Theories of financialisation and health systems governance: a critical interpretative synthesis,kept,,,True,"© The Author(s), 2026. Published by Cambridge University Press."
336,2-s2.0-85216065169,Growth of Private Equity and Hospital Consolidation in Primary Care and Price Implications,kept,,,True,© 2025 American Medical Association. All rights reserved.
337,2-s2.0-105001673971,Generative AI Interface Design Considerations for Private Equity,excluded,duplicate_cleaned_abstract,2-s2.0-105008652553,True,© 2025 Copyright held by the owner/author(s).
338,2-s2.0-105005507817,Joint ownership between family and steward private equity investors: an ownership-competence view,kept,,,True,"© 2025 The Author(s). Published with license by Taylor & Francis Group, LLC."
339,2-s2.0-85217678013,Optimizing Investment Portfolio Allocation: Analyzing Trends and Dynamics of Alternative Investments in Estate Planning,kept,,,True,"© 2025, Dr D. Pylarinos. All rights reserved."
340,2-s2.0-105040215211,Hybrid Financial Instruments under Italian Tax Law: The Case of Participating Financial Instruments,kept,,,True,© 2026 International Bureau of Fiscal Documentation (IBFD). All rights reserved.
341,2-s2.0-105015123894,Private equity is acquiring large shares of the opioid treatment market without changing the market-level methadone supply,kept,,,True,"© 2025, Author. All rights reserved."
342,2-s2.0-105021134054,Understanding Private Equity Fund Performance and Survivability: Insights from Multimodel Analyses of Structural Drivers,kept,,,True,"© 2025, Portfolio Management Research. All rights reserved."
343,2-s2.0-105033568607,The corporate governance of Indian unicorns,kept,,,True,© The Editors and Contributors Severally 2026.
344,2-s2.0-105030228384,Reciprocal Impacts Between M&A and the Investor Community,kept,,,True,"© The Editor(s) (if applicable) and The Author(s), under exclusive license to Springer Nature Switzerland AG 2026."
345,2-s2.0-105018954889,Art Funds: Key Considerations for a Successful Design,kept,,,True,Copyright 2025 With Intelligence LLC.
346,2-s2.0-105034882012,"Size, Returns, and Value: Do Private Equity Firms Allocate Capital According to Manager Skill?",kept,,,True,© 2026 The Author(s). The Journal of Finance published by Wiley Periodicals LLC on behalf of American Finance Association.
347,2-s2.0-105050426839,Business Aspects of Orthopaedics: The Private Equity Case,excluded,missing_abstract,,True,
348,2-s2.0-105001091830,Second hand or second generation? The performance of secondary buyouts,kept,,,True,© The Author(s) 2024.
349,2-s2.0-105025038091,Reviving public provisioning in US health care,kept,,,True,"© The Author(s) 2025. Published by Oxford University Press on behalf of Project HOPE - The People-To-People Health Foundation, Inc."
350,2-s2.0-105002173948,Private Equity in Behavior Analysis: A Reckoning,kept,,,True,© Association for Behavior Analysis International 2025.
351,2-s2.0-105004603770,How Should We Stop Private Equity Firms From Exploiting Public Health Insurance?,kept,,,True,Copyright 2025 American Medical Association. All rights reserved.
352,2-s2.0-105013308357,Financial Health After Private Equity Hospitals Are Sold,excluded,missing_abstract,,True,
353,2-s2.0-105009113727,Unanswered Questions on Private Equity in Gastroenterology,excluded,missing_abstract,,True,
354,2-s2.0-85210129383,"Assessing Private Equity Involvement in Ophthalmology: Parallels With the Past, Concerns for the Future",kept,,,True,© 2024 Elsevier Inc.
355,2-s2.0-105045892464,Q&A: ACP calls for a closer eye on private equity,excluded,missing_abstract,,True,
356,2-s2.0-105012536787,Family firm perceptions and investment decisions: An experimental conjoint analysis of private equity investors,kept,,,True,© 2025 The Authors
357,2-s2.0-85219543611,Postoperative outcomes following lung resection performed at private equity–acquired hospitals,kept,,,True,© 2025 The American Association for Thoracic Surgery
358,2-s2.0-105029987123,The many hits and misses of video game private equity investments,kept,,,True,"© 2026 Taylor & Francis Group, LLC."
359,2-s2.0-105045652079,Regulatory Framework for Private Equity and Corporatization in Health Care: A Position Paper From the American College of Physicians,kept,,,True,© 2026 American College of Physicians.
360,2-s2.0-105023858321,Private Equity in Mohs Micrographic Surgery: Pearls and Pitfalls,excluded,missing_abstract,,True,
361,2-s2.0-105030415497,"Correction: Private equity and reproductive medicine: “Fertile breeding ground” – a physician’s perspective” (Reproductive Biology and Endocrinology, (2025), 23, 1, (113), 10.1186/s12958-025-01446-4)",kept,,,True,© The Author(s) 2026.
362,2-s2.0-105007011230,Private Equity Sponsoring Big Dreams of Indian Small Finance Banks Can the Model Be Trusted?,kept,,,True,© 2025 Economic and Political Weekly. All rights reserved.
363,2-s2.0-105025088799,Can the Private Equity (LBO) Industry Rhyme with Ecology?,kept,,,True,"© 2025 The Editor(s) (if applicable) and The Author(s), under exclusive license to Springer Nature Switzerland AG."
364,2-s2.0-105027789838,The way to cultivate patient capital: An empirical study form the evaluation system of Chinese government-guided funds,kept,,,True,© 2026 Elsevier B.V.
365,2-s2.0-105035334060,"Multi-club ownership and sporting success: myth, expectation, and evidence",kept,,,True,"© 2026 The Author(s). Published by Informa UK Limited, trading as Taylor & Francis Group."
366,2-s2.0-105037357027,Evolution of Ownership and Control Around the World: The Changing Face of Capitalism,kept,,,True,© 2017 Elsevier B.V.
367,2-s2.0-85176943703,The metropolitan and neighborhood geographies of REIT- and private equity–owned single-family rentals,kept,,,True,© 2023 Urban Affairs Association.
368,2-s2.0-105036522266,Diversification Through Sports Investments: Insights and Outlook from a Multi-Sports Investor,kept,,,True,"© The Author(s), under exclusive license to Springer Nature Switzerland AG 2026."
369,2-s2.0-105019579401,Private Equity Stakeholder Project's Labor and Employee Reports and Resources,kept,,,True,© 2025 UALE
370,2-s2.0-85165353454,The dynamic connectedness between private equities and other high-demand financial assets: A portfolio hedging strategy during COVID-19,kept,,,True,© The Author(s) 2023.
371,2-s2.0-85215583876,Impact of private equity on graduate medical education: A slippery slope,excluded,missing_abstract,,True,
372,2-s2.0-105003407733,Accounting for Goodwill,kept,,,True,© 2025 The Author(s). Journal of Accounting Research published by Wiley Periodicals LLC on behalf of The Chookaszian Accounting Research Center at the University of Chicago Booth School of Business.
373,2-s2.0-105003919850,Private Equity Investment in Plastic Surgery Clinics: A Scoping Review,kept,,,True,© 2025
374,2-s2.0-105009293108,"Private equity buyout pricing, returns, and portfolio firm performance across UK regions",kept,,,True,© 2025 The Authors
375,2-s2.0-85216597571,Private Equity in Otolaryngology: What Is the Impact on Medicare Payments?,kept,,,True,© 2025 American Academy of Otolaryngology–Head and Neck Surgery Foundation.
376,2-s2.0-85197422596,Earnings myopia and private equity takeovers,kept,,,True,© The Author(s) 2024.
377,2-s2.0-105041146648,Why and how is private equity involved in assisted living community development and operations?,kept,,,True,"© The Author(s) 2026. Published by Oxford University Press on behalf of Project HOPE - The People-To-People Health Foundation, Inc. This is an Open Access article distributed under the terms of the Creative Commons Attribution-NonCommercial License (https://creativecommons.org/licenses/by-nc/4.0/), which permits non-commercial re-use, distribution, and reproduction in any medium, provided the original work is properly cited. For commercial re-use, please contact reprints@oup.com for reprints and translation rights for reprints. All other permissions can be obtained through our RightsLink service via the Permissions link on the article page on our site—for further information please contact journals.permissions@oup.com."
378,2-s2.0-105032584090,An investigation into public finance for potential high growth sustainable start-ups: the case of France,kept,,,True,"© 2026 Informa UK Limited, trading as Taylor & Francis Group."
379,2-s2.0-105039294116,SPAC IPOs and Sponsor Network Centrality,kept,,,True,© 2025 INFORMS
380,2-s2.0-105010038376,Private equity in healthcare: implications and policy recommendations,kept,,,True,"© 2025 the author(s), published by De Gruyter, Berlin/Boston."
381,2-s2.0-105022280702,Hospital Staffing and Patient Outcomes After Private Equity Acquisition,kept,,,True,© 2025 American College of Physicians.
382,2-s2.0-105040799339,From identification to accountability in private equity hospital datasets,excluded,missing_abstract,,True,
383,2-s2.0-105029523612,Private equity investment in orthopedic practices: Part of the changing landscape of health care,kept,,,True,"© 2025 Alumni Association for the Hospital of Joint Diseases, published by Wolters Kluwer, Inc."
384,2-s2.0-105031554584,From Opportunity to Constraint: Structural Inequities in Public Pension Fund Investing,kept,,,True,"© 2026 The Author(s). Public Budgeting & Finance published by Wiley Periodicals LLC on behalf of Public Financial Publications, Inc."
385,2-s2.0-105009293303,Impact of Private Equity Acquisition of Hospitals on Surgical Outcomes,kept,,,True,"Copyright © 2025 Wolters Kluwer Health, Inc. All rights reserved."
386,2-s2.0-85179660362,"Fragmented mass ornaments: academic image, aesthetics, and brand cohesion of commercially-partnered international branch campuses",kept,,,True,"© 2023 Informa UK Limited, trading as Taylor & Francis Group."
387,2-s2.0-105027476597,Private Equity in Cardiology,excluded,missing_abstract,,True,
388,2-s2.0-85217569562,Esophagectomy Trends and Postoperative Outcomes at Private Equity-Acquired Health Centers,kept,,,True,© 2025 American Medical Association. All rights reserved.
389,2-s2.0-105033255797,The invisible students: tracking the boom of for-profit higher education enrolment in France,kept,,,True,© 2026 Society for Research into Higher Education.
390,2-s2.0-105050420082,Correction: Hospital Staffing and Patient Outcomes After Private Equity Acquisition (Ann Intern Med (2025) 178:11 (1529-1538) DOI: 10.7326/ANNALS-24-03471),kept,,,True,© 2026 American College of Physicians.
391,2-s2.0-105022126215,Trends in Private Equity Acquisitions of Assisted Living Facilities,excluded,missing_abstract,,True,
392,2-s2.0-85192812549,Dual holdings and shareholder–creditor agency conflicts: Evidence from the syndicated loan market,kept,,,True,© 2024 The Authors. Journal of Business Finance & Accounting published by John Wiley & Sons Ltd.
393,2-s2.0-105006446612,Market efficiency: do listed private equity ETFs adapt?,kept,,,True,© 2025 Emerald Publishing Limited
394,2-s2.0-105033570572,Private equity,kept,,,True,© The Editors and Contributors Severally 2025.
395,2-s2.0-105028265424,Trends in Venture Capital: A Bibliometric Review,kept,,,True,"© The Author(s), under exclusive license to Springer Nature Switzerland AG 2026."
396,2-s2.0-105028199838,Environmental Frames: Exploring Culture in Socio-Ecological Systems (SES),kept,,,True,© 2026 by the author.
397,2-s2.0-105035884664,Regulatory Environment in Sustainable Asset Management,kept,,,True,"© The Author(s), under exclusive license to Springer Nature Switzerland AG 2026."
398,2-s2.0-105020992848,The financial viability of Australian private hospitals: a systematic review,kept,,,True,© 2025 The Author(s) (or their employer(s)). Published by CSIRO Publishing on behalf of AHHA.
399,2-s2.0-105035921705,Impact Investing: A Gender Lens View,kept,,,True,"© The Author(s), under exclusive license to Springer Nature Switzerland AG 2026."
400,2-s2.0-105020963027,Mapping sustainable finance (dis)agreements,kept,,,True,© 2025
401,2-s2.0-105014754187,Regulating Private Equity in Health Care - The Massachusetts Model.,kept,,,True,© 2025 Massachusetts Medical Society.
402,2-s2.0-105017089377,Physician Practice Affiliation Drives Site of Care Cost Differentials: An Opportunity to Reduce Healthcare Expenditures,kept,,,True,© 2025 by the authors.
403,2-s2.0-105045488174,Science is not enough: the operational disciplines of venture capital and private equity,kept,,,True,"© 2026, TeknoScienze. All rights reserved."
404,2-s2.0-105042255859,When means undermine ends: an extreme case of financialised water privatisation in Brazil,kept,,,True,© 2026 The Authors. Published by Elsevier B.V. This is an open access article under the CC BY license. http://creativecommons.org/licenses/by/4.0/
405,2-s2.0-105019514871,Private Equity Diversity and Talent: Do They Matter for Acquisitive Growth?,kept,,,True,"© The Author(s) 2025. This article is distributed under the terms of the Creative Commons Attribution 4.0 License (https://creativecommons.org/licenses/by/4.0/) which permits any use, reproduction and distribution of the work without further permission provided the original work is attributed as specified on the SAGE and Open Access pages (https://us.sagepub.com/en-us/nam/open-access-at-sage)."
406,2-s2.0-105031076295,When profit meets public health: private equity in methadone treatment,kept,,,True,© 2026 The Authors.
407,2-s2.0-105035033710,"Trends in Private Equity Acquisition of US Physical Therapy Clinics, 2010 to 2024",kept,,,True,Copyright 2025 by the American Academy of Orthopaedic Surgeons.
408,2-s2.0-105042363084,"Can Private Equity Deliver on Its Societal Ambitions? What We Know and Don't Know About Environmental, Social, and Governance Factor Integration in Private Equity",kept,,,True,© 2026 The Author(s). Business Strategy and the Environment published by ERP Environment and John Wiley & Sons Ltd.
409,2-s2.0-105019220221,Interventional Cardiologists' Perspectives on Percutaneous Coronary Intervention at Ambulatory Surgical Centers,kept,,,True,© 2025 Wiley Periodicals LLC.
410,2-s2.0-105041910614,Investment sophistication and wealth inequality,kept,,,True,© 2026 Elsevier Inc.
411,2-s2.0-105006751921,The Value of Bank Lending,kept,,,True,© 2025 The Author(s). The Journal of Finance published by Wiley Periodicals LLC on behalf of American Finance Association.
412,2-s2.0-105009912523,Medicare in Treacherous Markets: From Community Bake Sales to Private Equity,kept,,,True,© 2025 by Duke University Press.
413,2-s2.0-105011353220,"Impact of Private Equity Ownership on Firm Performance: An Operational, Financial, and Strategic Analysis",kept,,,True,"© The Author(s), under exclusive license to Springer Nature Singapore Pte Ltd. 2025."
414,2-s2.0-105048141146,Oil price shocks and private equity versus unicorns: transmission channels and policy implications,kept,,,True,© 2026 The Authors. Published by Elsevier B.V. This is an open access article under the CC BY license. http://creativecommons.org/licenses/by/4.0/
415,2-s2.0-105009688751,The spillover effect of dishonesty across markets: PEP fund reallocation and bond rating,kept,,,True,© 2024
416,2-s2.0-105021213430,Pre-IPO Tokens: Trading in the Dark,kept,,,True,© 2025 The Author(s). Accounting Perspectives published by Wiley Periodicals LLC on behalf of Canadian Academic Accounting Association.
417,2-s2.0-105041030203,Surgical Quality at Rural Hospitals After Private Equity Acquisition,kept,,,True,"Copyright © 2026 Wolters Kluwer Health, Inc. All rights reserved."
418,2-s2.0-105032107874,Global Value Chain Participation and Business Performance in the Manufacturing Sector: A Firm-Level Panel Analysis,kept,,,True,"© The Author(s), under exclusive licence to Springer-Verlag GmbH Germany, part of Springer Nature 2026."
419,2-s2.0-105045649700,Hungary: Illiberal Private Equity Funds Between State Aid and Money Laundering,excluded,missing_abstract,,True,
420,2-s2.0-105040564350,"Friends, foes, or both? A systematic review of investor coopetition in early-stage ventures",kept,,,True,"© The Author(s), under exclusive licence to Springer Nature Switzerland AG 2026."
421,2-s2.0-105037073121,Reviewing Current Trends: Private Equity in Anesthesiology,kept,,,True,© 2026
422,2-s2.0-105046644465,Earnings management in private equity portfolio firms during fundraising,kept,,,True,© 2026 Elsevier B.V.
423,2-s2.0-105028983394,Fundamentals of healthcare delivery science for the non-health systems scientist: the final step in translational research for late-life psychiatric and neurocognitive disorders,kept,,,True,"© The Author(s), under exclusive licence to American College of Neuropsychopharmacology 2026."
424,2-s2.0-105039869733,Private Equity and the Safety Net—Wolf in Sheep’s Clothing,excluded,missing_abstract,,True,
425,2-s2.0-86000612070,Private Equity Acquisitions and Industry Payments in Ophthalmology,excluded,missing_abstract,,True,
426,2-s2.0-105030497268,"Other People's Money: Political Embeddedness on Pension Boards, Alternative Assets and Investment Fees",kept,,,True,"© 2026 The Author(s). Public Budgeting & Finance published by Wiley Periodicals LLC on behalf of Public Financial Publications, Inc."
427,2-s2.0-105028951691,Private Equity in US Healthcare: Issues and Developments,kept,,,True,"© The Author(s), under exclusive license to Springer Nature Switzerland AG 2026."
428,2-s2.0-105020772521,Private Equity Acquisition Of Substance Use Treatment Centers Increases Probability Of Public Health Insurance Acceptance,kept,,,True,"© 2025 Project HOPE— The People-to-People Health Foundation, Inc."
429,2-s2.0-105047510825,Animalcare Acquired by Private Equity Investors,excluded,missing_abstract,,True,
430,2-s2.0-105037505296,Practice Acquisitions in Home-Based Medical Care in the United States,kept,,,True,© 2026 The American Geriatrics Society.
431,2-s2.0-105038046966,An Evaluation of Private Equity's Role in Enhancing Liquidity Among Nigerian SMEs,kept,,,True,"© The Author(s), under exclusive license to Springer Nature Switzerland AG 2026."
432,2-s2.0-105041731403,The Effect of Key Audit Matters on Equity Financing; [關鍵查核事項對權益融資之影響],kept,,,True,© 2026 National Taiwan University. All rights reserved.
433,2-s2.0-105008256173,Banking applications in the financing of renewable energy investments: A case study of Turkey,kept,,,True,"© 2025 by Nova Science Publishers, Inc. All rights reserved."
434,2-s2.0-85184892155,Creating value in football: unveiling business activities and strategies of financial investors,kept,,,True,"© 2024 The Author(s). Published by Informa UK Limited, trading as Taylor & Francis Group."
435,2-s2.0-105012597642,The extractive business model of private equity firms in the German healthcare sector and the crisis in social reproduction,kept,,,True,© The Author(s) 2025.
436,2-s2.0-105003764943,Navigating the valuation conundrum: Unravelling challenges and flaws within the startup’s valuation technique,kept,,,True,© Association for Information Technology Trust 2023.
437,2-s2.0-105007013475,Eviction from manufactured home parks,kept,,,True,© Urban Studies Journal Limited 2025
438,2-s2.0-105036799405,Private Equity Market,kept,,,True,"© 2026 selection and editorial matter, Partha Ray, Ashok Banerjee, and Sankarshan Basu; individual chapters, the contributors."
439,2-s2.0-105030805501,Investment Trends in Quantum Computing,kept,,,True,© The Editor(s) (if applicable) and The Author(s) 2026.
440,2-s2.0-105017931166,"Private Equity–Owned Hospices Report Highest Profits, Lowest Patient Care Spending Compared With Other Ownership Models",kept,,,True,"© 2025 Project HOPE—The People-to-People Health Foundation, Inc."
441,2-s2.0-85217153790,The Misuse of Alpha in Private Equity Real Estate Investments,kept,,,True,"© The Author(s), under exclusive licence to Springer Science+Business Media, LLC, part of Springer Nature 2025."
442,2-s2.0-105043180797,"Consulting in Perioperative and Anesthesiology Services: Optimizing Operations, Strategy, and Value",kept,,,True,"© The Editor(s) (if applicable) and The Author(s), under exclusive license to Springer Nature Switzerland AG 2026."
443,2-s2.0-105004352464,A Policy and Regulatory Framework to Promote Care Delivery Redesign and Production Efficiency in Health Care Markets,kept,,,True,© 2025 The Author(s). The Milbank Quarterly published by Wiley Periodicals LLC on behalf of The Milbank Memorial Fund.
444,2-s2.0-105047066728,The role of values and values work in investors’ stewardship engagements on corporate sustainability,kept,,,True,"© 2026 The Author(s). Co-published by NISC Pty (Ltd) and Informa UK Limited, trading as Taylor & Francis Group."
445,2-s2.0-105026722222,Exploring Institutional Determinants of Private Equity and Venture Capital Activity in Europe,kept,,,True,"© 2025 Faculty of Social Sciences, Charles University. All rights reserved."
446,2-s2.0-105015352672,Private Equity Acquisitions in Oncology: Impact on Market Share and Prices,kept,,,True,© 2025 Elsevier Inc.
447,2-s2.0-105013389938,The Private Equity Industry in Africa: Firm Survival and Growth,kept,,,True,"© 2025 Taylor & Francis Group, LLC."
448,2-s2.0-105046998969,Opting Out of Court? Reputation and Informal Norms in Private Equity,kept,,,True,© 2026 Vanderbilt Law Review. All rights reserved.
449,2-s2.0-105031351826,Private Equity Investment Activity: Operating Model and Risk-Mitigation Strategies,excluded,missing_abstract,,True,
450,2-s2.0-85219547359,One concept to bind them: An exploration of the search fund phenomenon,kept,,,True,© 2025 The Authors. Published by Elsevier Ltd. This is an open access article under the CC BY license. http://creativecommons.org/licenses/by/4.0/
451,2-s2.0-105011536156,Analyzing the Criteria of Private Equity Investment in Emerging Markets: The Case of Tunisia,kept,,,True,© 2025 by the authors.
452,2-s2.0-105050343029,State-led financialization of social care: variegation and regulatory mechanisms in Spain,kept,,,True,"© 2026 The Author(s). Published by Informa UK Limited, trading as Taylor & Francis Group."
453,2-s2.0-105024407393,Understanding biopharmaceutical investment decision-making: how does Congressional Budget Office's model compare to investor insights?,kept,,,True,"© The Author(s) 2025. Published by Oxford University Press on behalf of Project HOPE - The People-To-People Health Foundation, Inc."
454,2-s2.0-105016909015,The Side Effects of Private Equity,kept,,,True,© 2025
455,2-s2.0-105013874595,Company Websites: A New Measure of Disclosure,kept,,,True,© 2025 The Author(s). Journal of Accounting Research published by Wiley Periodicals LLC on behalf of The Chookaszian Accounting Research Center at the University of Chicago Booth School of Business.
456,2-s2.0-105029733514,Environmental and social incidents and misvaluation-driven leveraged buyouts,kept,,,True,© 2026 Elsevier B.V.
457,2-s2.0-105017502121,Navigating uncertainty: the effect of macroeconomic and geopolitical risks on listed private equity returns,kept,,,True,© 2025 Emerald Publishing Limited
458,2-s2.0-105036916228,Profit vs. Progress: Why Socially Responsible Investment Doesn’t Work and How to Fix It,kept,,,True,© 2026 Massachusetts Institute of Technology All rights reserved.
459,2-s2.0-105036034991,Private Equity: A Roadmap for the Practicing Plastic Surgeon,kept,,,True,Copyright © 2026 by the American Society of Plastic Surgeons
460,2-s2.0-105000206862,"Pharmaceuticals, Private Equity, Child Health, And More",excluded,missing_abstract,,True,
461,2-s2.0-105016364746,PATIENTS VERSUS PROFITS,kept,,,True,© 2025 Temple University. All rights reserved.
462,2-s2.0-105023417265,Health care in the USA: money has become the mission,kept,,,True,© 2025 Elsevier Ltd.
463,2-s2.0-105003259449,What drives U.S. corporate private equity? An historical perspective,kept,,,True,© 2025 The Authors
464,2-s2.0-105031763168,Private Equity Acquisition Of Primary Care Practices: Modest In Clinicians Offset By Increased Clinician Exits,kept,,,True,"© 2026 Health Affairs Publishing, LLC."
465,2-s2.0-105000767804,A complementary valuation model and exit multiples,kept,,,True,© 2025
466,2-s2.0-85217874443,On the asymmetric effects of stock market valuation and macroeconomic environment on venture capital and private equity,kept,,,True,© Emerald Publishing Limited
467,2-s2.0-105046319396,"Private equity’s second act in pain: consolidation, clinical practice, and the future of care",excluded,missing_abstract,,True,
468,2-s2.0-105040393892,Review of “Impact of Private Equity Acquisition of Hospitals on Surgical Outcomes” by Rashid Z et al. Ann Surg 2026;283(1):92-99,excluded,missing_abstract,,True,
469,2-s2.0-105038972259,Long-Run Returns to Private Equity in Emerging,kept,,,True,© 2025 The Author(s).
470,2-s2.0-105036106843,Entrepreneurial capitalism: US oil private equity in an era of fracking and climate change,kept,,,True,"© 2026 The Author(s). Published by Informa UK Limited, trading as Taylor & Francis Group on behalf of Academy of Criminal Justice Sciences."
471,2-s2.0-105020459903,Global market trends and financial performance of the corporate fast-food industry and their potential contributions to diets high in meat and ultra-processed foods,kept,,,True,© The Author(s) 2025.
472,2-s2.0-105021304015,Dynamic Modeling of Transaction Prices in Private Equity Markets,kept,,,True,"© 2025, Portfolio Management Research. All rights reserved."
473,2-s2.0-85203165150,Digital equity and government support during COVID-19,kept,,,True,© The Author(s) 2024.
474,2-s2.0-105029325556,"Staffing Conditions In US Nursing Homes Before, During, And After The COVID-19 Pandemic",kept,,,True,"© 2026 Health Affairs Publishing, LLC."
475,2-s2.0-105029135285,The Tyranny of IRR,kept,,,True,Copyright 2026 With Intelligence LLC.
476,2-s2.0-105041929796,From Pitanguy to Private Equity: What Are We Losing in the Corporatization of Aesthetic Surgery?,kept,,,True,"© The Author(s) 2026. Published by Oxford University Press on behalf of The Aesthetic Society. All rights reserved. For commercial re-use, please contact reprints@oup.com for reprints and translation rights for reprints. All other permissions can be obtained through our RightsLink service via the Permissions link on the article page on our site—for further information please contact journals.permissions@oup.com. This article is published and distributed under the terms of the Oxford University Press, Standard Journals Publication Model (https://academic.oup.com/pages/standard-publication-reuse-rights)"
477,2-s2.0-105002632036,What are the policy options for regulating private equity involvement in health care? A review of policies implemented or considered in seven high-income countries,kept,,,True,© 2025 The Authors
478,2-s2.0-85214330670,Our Perspective on How Private Equity Platforms Can Accelerate Efforts to Improve Quality and Value,excluded,missing_abstract,,True,
479,2-s2.0-85217196380,"Private Equity’s Growing Presence in Hospice Care: Clinical, Research, and Policy Considerations",excluded,missing_abstract,,True,
480,2-s2.0-105009525018,A mission-driven approach to water finance,kept,,,True,© 2025 The Authors.
481,2-s2.0-105044925027,GMAM (Generalized Multi-Asset Model): Standardizing Alternative Investments Returns Estimation,kept,,,True,Copyright 2026 With Intelligence LLC.
482,2-s2.0-105042662966,Bridging the gap between artisanal and small-scale gold mining and formal finance in Zimbabwe: a literature review,kept,,,True,Copyright © 2026 Inderscience Enterprises Ltd.
483,2-s2.0-105050483796,The performativity of accounting devices and the role of agents of amplification: evidence from a family firm following a takeover,kept,,,True,"© 2026 The Author(s). Published by Informa UK Limited, trading as Taylor & Francis Group."
484,2-s2.0-105007608107,Digital ripples: The impact of customers' digital transformation on the financing constraints of suppliers,kept,,,True,© 2025
485,2-s2.0-105001950547,Private equity market dynamics: Beyond the surface,kept,,,True,© 2025 The Authors
486,2-s2.0-105029101026,Robust Optimization of Strategic and Tactical Asset Allocation for Multi-Asset Portfolios,kept,,,True,Copyright 2025 With Intelligence LLC.
487,2-s2.0-105004059252,"Private Equity Fund Reporting Quality, External Monitors, and Third-Party Service Providers",kept,,,True,© 2025 American Accounting Association. All rights reserved.
488,2-s2.0-105010950974,Which Companies Go Public via SPACs? The Role of Private Equity and Venture Capital Financing,kept,,,True,© 2025 C. Hansen.
489,2-s2.0-105049472729,Use of low-value cancer care in practices acquired by private equity firms,kept,,,True,"© The Author(s) 2026. Published by Oxford University Press. This is an Open Access article distributed under the terms of the Creative Commons Attribution License (https://creativecommons.org/licenses/by/4.0/), which permits unrestricted reuse, distribution, and reproduction in any medium, provided the original work is properly cited."
490,2-s2.0-105045286981,When Efficiency Eclipses Care: A Socio-Technical Perspective on Technology in Corporate Dentistry,kept,,,True,© 2026 Copyright held by the owner/author(s).
491,2-s2.0-105032408667,Public Listing Choice with Persistent Hidden Information,kept,,,True,© The Author(s) 2025. Published by Oxford University Press on behalf of The Review of Economic Studies Limited.
492,2-s2.0-105045842286,Who owns your doctor? A decade of trends in physician practice ownership in dermatology and gastroenterology,kept,,,True,"© The Author(s) 2026. Published by Oxford University Press on behalf of Health Affairs Publishing, LLC. This is an Open Access article distributed under the terms of the Creative Commons Attribution-NonCommercial License (https://creativecommons.org/licenses/by-nc/4.0/), which permits non-commercial re-use, distribution, and reproduction in any medium, provided the original work is properly cited. For commercial re-use, please contact reprints@oup.com for reprints and translation rights for reprints. All other permissions can be obtained through our RightsLink service via the Permissions link on the article page on our site—for further information please contact journals.permissions@oup.com."
493,2-s2.0-105039960121,Informing Private Equity Selection for Limited Partners using Machine Learning,kept,,,True,"© (2025), (Chaoyang University of Technology). All rights reserved."
494,2-s2.0-105040728175,Is income growth a trigger for returns of real estate private equity index,kept,,,True,© 2026 Author(s).
495,2-s2.0-85216339473,Private Equity Funds Acquiring Venture-Capital-Backed Companies: Shifting from Opportunism to Industry Specialization?,kept,,,True,Copyright 2024 With Intelligence LLC.
496,2-s2.0-105003879855,The rise of venture capital and IPO quality,kept,,,True,© 2025
497,2-s2.0-105004603709,POLICY FORUM: PEER-REVIEWED ARTICLE Private Equity Strategies in Nonprofit Health Care,kept,,,True,Copyright 2025 American Medical Association.
498,2-s2.0-105017966215,Private equity acquisitions and product market decisions: Evidence from trademarks,kept,,,True,© 2025 The Author(s). Review of Financial Economics published by Wiley Periodicals LLC on behalf of University of New Orleans.
499,2-s2.0-105044731529,Private equity for pension plans? Evaluating private equity performance from an investor’s perspective,kept,,,True,"© 2026 Elsevier B.V. All rights are reserved, including those for text and data mining, AI training, and similar technologies."
500,2-s2.0-105048041537,Private Equity Acquisition Effect on the Most Common Urologic Procedures,kept,,,True,© 2026 Elsevier Inc.
501,2-s2.0-85207997268,"Financing our global commons in the Anthropocene era: new monetary policy and financial engineering instruments to fund, hedge, and manage our global commons",kept,,,True,"© 2025 selection and editorial matter, Konrad Raczkowski and Piotr Komorowski; individual chapters, the contributors."
502,2-s2.0-85209884767,Correction: Assessing risk of health outcomes from brain activity in sleep: a retrospective cohort study (Neurology: Clinical Practice (2024) 14:1 (e200225) DOI: 10.1212/CPJ.0000000000200225),kept,,,True,Copyright © 2024 American Academy of Neurology.
503,2-s2.0-85192121687,Ultimate profit management: Maximizing profitability as you grow your business,kept,,,True,© 2024 Manny Skevofilax. All rights reserved.
504,2-s2.0-85210515466,MEASURING RETURN EXPECTATIONS AND CAPITAL COSTS IN THE EUROPEAN PRIVATE CAPITAL MARKETS: AN ALTERNATIVE APPROACH,kept,,,True,© 2024 The Authors.
505,2-s2.0-85168190057,Sources of finance for tech startups over its lifecycle: what determines their approach of sources and its success?,kept,,,True,"© 2021, Emerald Publishing Limited."
506,2-s2.0-85196058134,Duration-Adjusted Return on Capital: A Novel Approach to Measuring Private Equity Performance,kept,,,True,© 2024 Portfolio Management Research. All rights reserved.
507,2-s2.0-85184559511,The networked financier,kept,,,True,© David R. Meyer 2023. All rights reserved.
508,2-s2.0-85196207590,Towards a future-oriented accountability: accounting for the future through Earth Observation data,kept,,,True,"© 2024, Emerald Publishing Limited."
509,2-s2.0-85213411092,Thwarting the Harm Caused by Private Equity in Surgical Practices … and Even in the NFL: Part 2,excluded,missing_abstract,,True,
510,2-s2.0-105032636572,Strategic Evaluation of Extracting Lithium from Produced Water Using Techno-Finance Module,kept,,,True,"© 2025, Society of Petroleum Engineers."
511,2-s2.0-85194420712,Geographic Location and Corporate Ownership of Hospitals in Relation to Unfilled Positions in the 2023 Emergency Medicine Match,kept,,,True,Copyright: © 2024 Jarou et al.
512,2-s2.0-85177061878,"An update on private equity acquisitions in dermatology, 2013 to 2022",excluded,missing_abstract,,True,
513,2-s2.0-105024492614,Acquisitions of behavioral health treatment facilities from 2010 to 2021,kept,,,True,"© The Author(s) 2024. Published by Oxford University Press on behalf of Project HOPE - The People-To-People Health Foundation, Inc."
514,2-s2.0-85198297260,Private Equity in Cardiovascular Practice: Solution or Symptom?,excluded,missing_abstract,,True,
515,2-s2.0-85186647562,"Safeguarding Physician Wellbeing: Using Checklists for Personal, Professional, and Psychological Safety",kept,,,True,© 2024 Julie L. Wei.
516,2-s2.0-85203075680,"R&D subsidy, non-R&D subsidy and institutional investors' subscription for private placement of new shares: Evidence from China's securities market",kept,,,True,© 2024 Board of Trustees of the University of Illinois
517,2-s2.0-85164439604,"The tradeoff between private equity sponsorship, board centrality, and experience as credible signals for ipo performance",kept,,,True,"Copyright © The Author(s), 2023. Published by Cambridge University Press on behalf of The International Association for Chinese Management Research."
518,2-s2.0-85141645123,Profitability of private equity: mean reversion and transitory shocks,kept,,,True,"© 2022, The Author(s)."
519,2-s2.0-85165544598,The Rise of Private Equity in Gastroenterology Practices,kept,,,True,"© 2023 Gastro-Hep Communications, Inc.. All rights reserved."
520,2-s2.0-85170052947,Optimal contracting with asymmetric risk aversion information and fairness concerns,kept,,,True,"© 2023, Emerald Publishing Limited."
521,2-s2.0-85193920954,Business and Corporate Models for Interventional Radiology in the Office Based Lab and Ambulatory Surgical Center Setting,kept,,,True,© 2024 Elsevier Inc.
522,2-s2.0-105021763863,"Institutional investors, alternative asset fund managers, and ESG",kept,,,True,© The Editors and Contributors Severally 2025.
523,2-s2.0-105033549586,"Introduction: infrastructure, technology, digitalization",kept,,,True,© The Editors and Contributors Severally 2025.
524,2-s2.0-105015481094,M&A and the simulation-based valuation of companies with an uncertain exit price and special rights,kept,,,True,"© (2025), (Duncker und Humblot GmbH). All rights reserved."
525,2-s2.0-85159130488,Understanding the Firm Specific Risk Premium,kept,,,True,© 2023 De Gruyter. All rights reserved.
526,2-s2.0-85169000020,All topics are not created equal: Sentiment and hype of business media topics and the bitcoin market,kept,,,True,© 2023 Elsevier B.V.
527,2-s2.0-105034827365,Are We Saving the News?,kept,,,True,© Cambridge University Press & Assessment 2025.
528,2-s2.0-85198297393,"Private Equity Acquisitions of Outpatient Cardiology Practices in the United States, 2013-2023",excluded,missing_abstract,,True,
529,2-s2.0-85147533095,"Venture capital and private equity investors, governance, and success of IPOs: Evidence from India",kept,,,True,© 2023 The Southern Finance Association and the Southwestern Finance Association.
530,2-s2.0-85152361470,Sovereign wealth funds in the post-pandemic era,kept,,,True,"© 2023, Academy of International Business."
531,2-s2.0-105017965420,Start-Up Space: Global Investment Trends,kept,,,True,"© 2025, American Institute of Aeronautics and Astronautics Inc, AIAA. All rights reserved."
532,2-s2.0-105027470633,An Option-Pricing Framework for the Valuation of Fund Management Compensation,kept,,,True,© 2012
533,2-s2.0-105003826810,Capturing the Growth of Chinese Investment in India,kept,,,True,© 2023 Indian Economic Association.
534,2-s2.0-85166927309,Increased rent misspent? How ownership matters for renovation and rent increases in rental housing in Sweden,kept,,,True,"© 2023 The Author(s). Published by Informa UK Limited, trading as Taylor & Francis Group."
535,2-s2.0-85180538421,"Open Permissioned Blockchain Solution for Private Equity Funding Using a Global, Cross-Cloud Network Blockchain Platform",kept,,,True,"© The Author(s), under exclusive license to Springer Nature Singapore Pte Ltd 2024."
536,2-s2.0-85192600046,Protecting Patients And Society In An Era Of Private Equity Provider Ownership: Challenges And Opportunities For Policy,kept,,,True,"© 2024, Project HOPE. All rights reserved."
537,2-s2.0-105025028929,Growing administrative complexity in the 340B program and the rise of third-party administrators,kept,,,True,"© Published by Oxford University Press on behalf of Project HOPE - The People-To-People Health Foundation, Inc. 2023."
538,2-s2.0-85165680193,Research Handbook on Global Capital Markets Law,kept,,,True,© The Editors and Contributors Severally 2023. All rights reserved.
539,2-s2.0-85160969676,Private equity investment in Europe's primary care sector - a call for research and policy action,excluded,missing_abstract,,True,
540,2-s2.0-85183195192,The influence of initial sponsor backing on post-IPO acquisition activity,kept,,,True,© 2024 The Authors. European Financial Management published by John Wiley & Sons Ltd.
541,2-s2.0-85211241093,Brazilian private equity industry: Market timing for post-IPO divestment; [A indústria brasileira de private equity: Market timing para desinvestimento pós IPO],kept,,,True,© 2024 FEA-RP/USP. Todos os direitos reservados.
542,2-s2.0-85218420601,On the commercial space development in emerging space countries: analysis and comparison of investments for selected cases,kept,,,True,Copyright © 2024 by the International Astronautical Federation (IAF). All rights reserved.
543,2-s2.0-85214376863,Macroeconomic Conditions and Private Equity in Morocco: A Bounds-Testing Cointegration Approach,kept,,,True,"© 2024, SHPMedia Sdn Bhd. All rights reserved."
544,2-s2.0-105025060867,Measuring private equity penetration and consolidation in emergency medicine and anesthesiology,kept,,,True,"© The Author(s) 2023. Published by Oxford University Press on behalf of Project HOPE - The People-To-People Health Foundation, Inc."
545,2-s2.0-85197187088,Global Real Estate Capital Markets: Theory and Practice,kept,,,True,© 2025 Alex Moss and Kieran Farrelly.
546,2-s2.0-85189761095,The future of private practice neurosurgery and the pitfalls of private equity,excluded,missing_abstract,,True,
547,2-s2.0-105015325874,‘Talent settlement’ policy and urban innovation ability: empirical evidence from 287 Chinese cities,kept,,,True,© 2025 The Institute of Urban Sciences.
548,2-s2.0-85196756261,Leveraging Multimodal Large Language Models and Natural Language Processing Techniques for Comprehensive ESG Risk Score Prediction,kept,,,True,"Copyright © 2024 by SCITEPRESS - Science and Technology Publications, Lda."
549,2-s2.0-85188019818,Financialisation and private equity in early childhood care and education in England,kept,,,True,© 2024 Cambridge University Press. All rights reserved.
550,2-s2.0-85198676430,Equity Investment in Physician Practices: What's All This Brouhaha?,kept,,,True,© 2024 by Duke University Press.
551,2-s2.0-105045037391,Positioning corporate real estate to drive competitive advantage and facilitate corporate goals,kept,,,True,© Henry Stewart Publications.
552,2-s2.0-85173842412,"COVID-19 risks in private equity nursing homes in Hesse, Germany – a retrospective cohort study",kept,,,True,"© 2023, BioMed Central Ltd., part of Springer Nature."
553,2-s2.0-105048822341,The Mechanism and Solution of Equity Gap in Private Equity Market; [私募基金市场融资缺口的形成机理与解决路径研究],kept,,,True,"© 2022, Editorial Department of Chinese Journal of Management and Science. All rights reserved."
554,2-s2.0-105017540340,How Levered Promotes Harm Investors,kept,,,True,© 2025 Portfolio Management Research. All rights reserved.
555,2-s2.0-85179109099,Tail risks and private equity performance,kept,,,True,© 2023 The Author(s)
556,2-s2.0-85189705114,Pros of noncompete clauses,excluded,missing_abstract,,True,
557,2-s2.0-85208294220,Shareholder agreements in India: An unsettled jurisprudence,kept,,,True,© Oxford University Press 2024. All rights reserved.
558,2-s2.0-85161355526,Private Equity in US Health Care - Now Cradle to Grave?,excluded,missing_abstract,,True,
559,2-s2.0-85210172435,"Corrigendum: The predictive validity of a Brain Care Score for late-life depression and a composite outcome of dementia, stroke, and late-life depression: data from the UK Biobank cohort (Frontiers in Psychiatry, (2024), 15, (1373797), 10.3389/fpsyt.2024.1373797)",kept,,,True,"Copyright © 2024 Singh, Rivier, Papier, Chemali, Gutierrez-Martinez, Parodi, Mayerhofer, Senff, Clocchiatti-Tuozzo, Nunley, Newhouse, Ouyang, Westover, Tanzi, Lazar, Pikula, Ibrahim, Brouwers, Howard, Howard, Yechoor, Littlejohns, Sheth, Rosand, Fricchione, Anderson and Falcone."
560,2-s2.0-85180268712,Acquisition of Urology Practices by Private Equity Firms,excluded,missing_abstract,,True,
561,2-s2.0-85168775292,Private equity in ophthalmology: taking the long view,kept,,,True,© 2023 Lippincott Williams and Wilkins. All rights reserved.
562,2-s2.0-85187445590,"Volatility and return spillovers between private equity buyout, venture capital and major financial markets",kept,,,True,© 2024 Investment Analysts Society of South Africa.
563,2-s2.0-85158860436,How Private Equity Landlords Prey on Working-Class Communities of Color,excluded,missing_abstract,,True,
564,2-s2.0-85163800988,"Platform landlords: Renters, personal data and new digital footholds of urban control",kept,,,True,© 2023
565,2-s2.0-85185848342,Current Concepts in the Business of Orthopaedics,kept,,,True,© American Academy of Orthopaedic Surgeons.
566,2-s2.0-105024692020,Nursing home finances associated with real estate investment trust and private equity investments,kept,,,True,"© The Author(s) 2024. Published by Oxford University Press on behalf of Project HOPE - The People-To-People Health Foundation, Inc."
567,2-s2.0-85206302286,A tale of two ecosystems: the biopharma landscape in China and India,excluded,missing_abstract,,True,
568,2-s2.0-85149068808,"Fund ownership, wealth, and risk-taking: Evidence on private equity managers",kept,,,True,© 2023 The Author(s)
569,2-s2.0-85170427747,An Introduction to and Evaluation of the 2019 Belgian Companies Act - Preparing for the Previous War?,kept,,,True,"© 2023 Walter de Gruyter GmbH, Berlin/Boston."
570,2-s2.0-85166068655,Private Benchmarking for Private Equity Funds,kept,,,True,Copyright 2023 With Intelligence LLC.
571,2-s2.0-85183851117,Improving Software Startup Viability: Addressing Requirements Prioritization Challenges Amid Increasing Interest Rates,kept,,,True,"© 2006 Gesellschaft für Informatik, Bonn."
572,2-s2.0-105033151551,Start-Up Space: Investment Landscape and Trends for 2024,kept,,,True,Copyright © 2025 by the International Astronautical Federation (IAF). All rights reserved.
573,2-s2.0-85176743201,"Same owner, different impact: How responses to performance feedback differ across a private equity investor's portfolio firms",kept,,,True,© 2023 Strategic Management Society.
574,2-s2.0-105025179904,Private equity (PE) investments and initial public offer (IPO) in the healthcare sector in India,kept,,,True,"© 2026 selection and editorial matter, Tilak Shankar; individual chapters, the contributors."
575,2-s2.0-85188494083,Private Equity Investment in Health Care Soars - But at What Cost?,kept,,,True,© 2024 Lippincott Williams and Wilkins. All rights reserved.
576,2-s2.0-85188026114,Private Equity and Plastic Surgery,excluded,missing_abstract,,True,
577,2-s2.0-105028851650,"Contesting coercion: U.S.-China strategic competition, the middle technology trap, and Chinese government-guided funds",kept,,,True,© The Author(s) 2024.
578,2-s2.0-85186530589,Stakeholder relations as an asset in family firms – Performance effects of changes after PE investment,kept,,,True,© 2024 The Authors
579,2-s2.0-85181211364,Cross-border buyout exit success,kept,,,True,© 2024 John Wiley & Sons Ltd.
580,2-s2.0-85188910201,Effects of partial demand uncertainty reduction on private equity financing in small and medium-sized enterprises: A supply chain perspective,kept,,,True,© 2024 Public Library of Science. All rights reserved.
581,2-s2.0-85189982527,A success dressed as a failure? Evidence from post-IPO withdrawal outcomes in Europe,kept,,,True,© 2024 The Authors. European Financial Management published by John Wiley & Sons Ltd.
582,2-s2.0-85213195033,Private equity investment,kept,,,True,© The Editor and Contributing Authors Severally 2024. All rights reserved.
583,2-s2.0-105025174588,Management of Healthcare in India: Need for a Paradigm Shift,kept,,,True,"© 2026 selection and editorial matter, Tilak Shankar; individual chapters, the contributors."
584,2-s2.0-85179660053,Private equity and entrepreneurial investments: understanding the determinants of founder-CEO succession in the Caribbean,kept,,,True,"© 2023 The Author(s). Published by Informa UK Limited, trading as Taylor & Francis Group."
585,2-s2.0-85212908833,Real Estate Financial Modelling in Excel,kept,,,True,© 2025 Maria Wiedner.
586,2-s2.0-85212947081,"SICAP, a venture capital and private equity vehicle under Lebanese law; [La S.I.C.A.P., véhicule du Venture Capital et du Private Equity en droit libanais]",kept,,,True,© 2024 Universite Saint-Esprit de Kaslik. All rights reserved.
587,2-s2.0-85138522330,Do Private Equity Managers Raise Funds on (Sur)real Returns? Evidence from Deal-Level Data,kept,,,True,"© The Author(s), 2022. Published by Cambridge University Press on behalf of the Michael G. Foster School of Business, University of Washington."
588,2-s2.0-85153070689,Trends in Private Equity Acquisitions of US Otolaryngology Practices,kept,,,True,© 2023 American Academy of Otolaryngology–Head and Neck Surgery Foundation.
589,2-s2.0-85183395422,Re: Braun et al.: Association of private equity firm acquisition of ophthalmology practices with Medicare spending and use of ophthalmology services (Ophthalmology. 2024;131:360–369),excluded,missing_abstract,,True,
590,2-s2.0-85188774509,"Organisation and delivery of HRM: strategic HRM, business models and private equity",excluded,missing_abstract,,True,
591,2-s2.0-85172012988,Going public and innovation: Evidence from the ChiNext stock market,kept,,,True,"© 2023 Economic Society of Australia, Queensland"
592,2-s2.0-85201906802,Private equity funds and population aging,excluded,missing_abstract,,True,
593,2-s2.0-105012137259,Startup Valuations in Emerging Markets,kept,,,True,"© The Author(s), under exclusive license to Springer Nature Switzerland AG 2025."
594,2-s2.0-85196911602,PROJECT FINANCE THROUGH INFRASTRUCTURE INVESTMENT TRUST: LEGAL AND REGULATORY ANALYSIS,kept,,,True,© 2024 The Authors.
595,2-s2.0-85186612231,Entrepreneurial finance in Europe and the Russian war against Ukraine,kept,,,True,© The Author(s) 2024.
596,2-s2.0-85192027128,What's Important: Private Equity Arrangements in Orthopaedic Surgery: Enter at Your Own Risk,excluded,missing_abstract,,True,
597,2-s2.0-85195387554,Hospital behavior over the private equity life cycle,kept,,,True,© 2024 Elsevier B.V.
598,2-s2.0-105015061231,Health Economics for the Otolaryngologist,kept,,,True,"© The Author(s) 2025. This article is distributed under the terms of the Creative Commons Attribution-NonCommercial 4.0 License (https://creativecommons.org/licenses/by-nc/4.0/) which permits non-commercial use, reproduction and distribution of the work without further permission provided the original work is attributed as specified on the SAGE and Open Access pages (https://us.sagepub.com/en-us/nam/open-access-at-sage)."
599,2-s2.0-85189672482,"Corrigendum to “Plasma growth differentiation factors 8 and 11 levels in cats with congestive heart failure secondary to hypertrophic cardiomyopathy” [J Vet Cardiol 25 (2019 Oct) 41–51] (Journal of Veterinary Cardiology (2019) 25 (41–51), (S176027341830198X), (10.1016/j.jvc.2019.08.002))",kept,,,True,© 2024 Elsevier B.V.
600,2-s2.0-85091445596,Performance of VC/PE-backed IPOs: New Insights from India,kept,,,True,© 2020 IMI.
601,2-s2.0-85202585665,Corporate Human Trafficking,kept,,,True,"© 2024, School of Law Publications. All rights reserved."
602,2-s2.0-85181065439,Changes in Hospital Adverse Events and Patient Outcomes Associated with Private Equity Acquisition,kept,,,True,© 2023 American Medical Association. All rights reserved.
603,2-s2.0-85176042693,Private equity should take the lead in sustainability,excluded,missing_abstract,,True,
604,2-s2.0-85186844689,New CMS Nursing Home Ownership Data: Major Gaps And Discrepancies,kept,,,True,"© 2024 Project HOPE— The People-to-People Health Foundation, Inc."
605,2-s2.0-85171788349,"Contracting Costs, Covenant-Lite Lending, and Reputational Capital",kept,,,True,"© The Author(s), 2023."
606,2-s2.0-85164210687,CVS Health's Acquisition of Oak Street Health Reconfirms Market Viability of Private Equity Investment in Value-Based Payment Models for Primary Care,kept,,,True,© 2023 The Author(s).
607,2-s2.0-85153972008,Impact of Geographical Diversification and Limited Attention on Private Equity Fund Returns,kept,,,True,Copyright 2022 With Intelligence LLC.
608,2-s2.0-85194420523,The Risks and Benefits of Physician Practice Acquisition and Consolidation: A Narrative Review of Peer-Reviewed Publications Between 2009 and 2022 in the United States,kept,,,True,© 2024 Tewfik et al.
609,2-s2.0-85189693037,Practice Management Strategies Among Current Members of the American Association of Hip and Knee Surgeons,kept,,,True,© 2024
610,2-s2.0-85214776982,"Health Care Finance, Economics, and Policy for Nurses: A Foundational Guide, Third Edition",kept,,,True,"© 2025 Springer Publishing Company, LLC. All rights reserved."
611,2-s2.0-85203273717,A Review of Research on the Impact of Equity Investment on the Debt Financing of Invested Enterprises,kept,,,True,Copyright © 2024 by the authors.
612,2-s2.0-85171484936,"PIPEs, firm investment, and viability",kept,,,True,"© 2023, The Author(s), under exclusive licence to Springer Science+Business Media, LLC, part of Springer Nature."
613,2-s2.0-85163082857,Private Equity: The Bad and the Ugly,excluded,missing_abstract,,True,
614,2-s2.0-85205217001,Private Equity Acquisitions Of Hospices Are Increasing; Ownership Remains Opaque,kept,,,True,"© 2024 Project HOPE—The People-to-People Health Foundation, Inc."
615,2-s2.0-85186407123,Private equity's plot against older Americans,excluded,missing_abstract,,True,
616,2-s2.0-85176920052,Private Equity and Radiology: Productive Partnership or Inherently Misaligned?,kept,,,True,© 2023. Thieme. All rights reserved.
617,2-s2.0-85160105576,Nowcasting Net Asset Values: The Case of Private Equity,kept,,,True,© 2022 The Author(s). Published by Oxford University Press on behalf of The Society for Financial Studies. All rights reserved.
618,2-s2.0-85179960549,Financial management and family business: a perspective article,kept,,,True,"© 2023, Emerald Publishing Limited."
619,2-s2.0-85164436066,JCF special issue on private equity editorial,kept,,,True,© 2023 Elsevier B.V.
620,2-s2.0-85210525303,The Coming of Age of Venture Capital Investing in the New Fields of the Emerging MOGI Sectors: A Snapshot for the Future: Part 2,kept,,,True,"© 2024, Informatics Publishing Limited. All rights reserved."
621,2-s2.0-85147536749,Ground Ambulance Billing And Prices Differ By Ownership Structure,kept,,,True,
622,2-s2.0-85189874147,Deciphering Private Equity Incentive Contracting and Fund Leverage Choice,kept,,,True,© 2024 T. J. Riddiough.
623,2-s2.0-85172880588,Systematic Literature Review in Reshoring Strategies 4.0,kept,,,True,© 2023 by the authors.
624,2-s2.0-85176273819,Association of Private Equity Firm Acquisition of Ophthalmology Practices with Medicare Spending and Use of Ophthalmology Services,kept,,,True,© 2023 American Academy of Ophthalmology
625,2-s2.0-85202735149,Land and Financialization: The Emerging Role of International Financial Actors in African Land Deals,kept,,,True,"© 2024 selection and editorial matter, Hany Besada, Cristina D’Alessandro and Tefsi Golla."
626,2-s2.0-85211789520,How Private Equity funds can spur new investment in the Global SAM and MOGI Sectors under various uncertainties-Part-1,kept,,,True,"© 2024, Informatics Publishing Limited and Books and Journals Private Ltd. All rights reserved."
627,2-s2.0-105026947453,Role of Financial Markets in Climate Change Adaptation and Mitigation,kept,,,True,© 2026 by IGI Global Scientific Publishing.
628,2-s2.0-85192965485,Do corporations benefit from divesting to private equity acquirers? An empirical investigation,kept,,,True,© 2024 The Authors. Strategic Management Journal published by John Wiley & Sons Ltd.
629,2-s2.0-85182175192,What Private Equity Does Differently: Evidence from Life Insurance,kept,,,True,© The Author(s) 2023.
630,2-s2.0-85188491727,Private equity practice... pros and cons,excluded,missing_abstract,,True,
631,2-s2.0-85208999934,What Is Private Equity and Why Should Its Increasing Presence in Ophthalmology Matter?,excluded,missing_abstract,,True,
632,2-s2.0-85197972908,Erratum: Geographic penetration of private equity ownership in outpatient and residential behavioral health (JAMA Psychiatry (2024) DOI: 10.1001/jamapsychiatry.2024.0825),kept,,,True,© 2024 American Medical Association. All rights reserved.
633,2-s2.0-85196106021,A Private Equity Valuation Primer,kept,,,True,© 2024 Portfolio Management Research. All rights reserved.
634,2-s2.0-85187487129,Factors influencing investment into PropTech and FinTech – only new rules or a new game?,kept,,,True,"© 2024, Andreas Joel Kassner."
635,2-s2.0-85168007514,Signalling effects of doing good in global ICO markets,kept,,,True,© 2023 The Authors
636,2-s2.0-85218408648,Enabling Private Equity Investment in the European New Space Industry,kept,,,True,Copyright © 2024 by the International Astronautical Federation (IAF). All rights reserved.
637,2-s2.0-85180795640,"Changes to reproductive endocrinology and infertility practice, research, and training as investor mergers increase",kept,,,True,© 2023 The Authors
638,2-s2.0-85212991714,Caregiver-Reported Quality in Hospices Owned by Private Equity Firms and Publicly Traded Companies,excluded,missing_abstract,,True,
639,2-s2.0-85165464858,Private Equity Fund Pricing in Secondary Markets: Effects of Taxes and Fund Structure,kept,,,True,© Portfolio Management Research. All Rights Reserved.
640,2-s2.0-85150645951,Business Strategy as Human Rights Risk: the Case of Private Equity,kept,,,True,"© 2023, The Author(s)."
641,2-s2.0-85185001156,Virtues of impact financing: Do financial institutions benefit from considering the environmental impact on financing decisions?,kept,,,True,© 2024 Elsevier Ltd
642,2-s2.0-85160053497,"Dissecting the listing gap: Mergers, private equity, or regulation?",kept,,,True,© 2023 Elsevier B.V.
643,2-s2.0-105000015788,"Correction to: Private Equity’s Growing Presence in Hospice Care: Clinical, Research, and Policy Considerations (Journal of General Internal Medicine, (2025), 10.1007/s11606-025-09353-5)",kept,,,True,"© The Author(s), under exclusive licence to Society of General Internal Medicine 2025."
644,2-s2.0-85189142475,"Private equity investment in health care delivery, Australia, 2008–2022",kept,,,True,© 2024 AMPCo Pty Ltd.
645,2-s2.0-85142237509,An antitrust framework for housing,kept,,,True,© The Author(s) 2022.
646,2-s2.0-105034708848,Raising Finance: From Traditional to New Forms of Entrepreneurial Finance,kept,,,True,© 2026 by World Scientific Publishing Europe Ltd. All rights reserved.
647,2-s2.0-85213379317,Exit Choice Under Uncertainty: Renewable Versus Non-renewable Energy Firms,kept,,,True,"© The Author(s), under exclusive license to Springer Nature Singapore Pte Ltd. 2024."
648,2-s2.0-85159181300,Shareholder litigation and short selling ahead of private equity placements,kept,,,True,© 2023 The Authors. The Financial Review published by Wiley Periodicals LLC on behalf of Eastern Finance Association.
649,2-s2.0-85199086385,Is “Open” ready for investment? A venture capitalist’s dilemma,kept,,,True,"© 2024, Emerald Publishing Limited."
650,2-s2.0-85202500275,"Percentage Of Dentists And Dental Practices Affiliated With Private Equity Nearly Doubled, 2015–21",kept,,,True,"© 2024 Project HOPE— The People-to-People Health Foundation, Inc."
651,2-s2.0-85196313347,Estimating the Alpha and Beta of Private Capital Using State Space Modeling and Bayesian Inference,kept,,,True,© 2024 Portfolio Management Research. All rights reserved.
652,2-s2.0-85172033302,Journal CME Questions,excluded,missing_abstract,,True,
653,2-s2.0-85209233670,Analyzing the role of regulation in shaping private finance for sustainability in the European Union,kept,,,True,© 2024 The Author(s)
654,2-s2.0-85188015607,Cons of noncompete clauses,excluded,missing_abstract,,True,
655,2-s2.0-85136078399,Are family firms really reluctant to innovate? Evidence from IPOs,kept,,,True,"© 2022, Emerald Publishing Limited."
656,2-s2.0-85142712307,How Do Top Acquirers Compare in Technology Mergers? New Evidence from an SP Taxonomy,kept,,,True,© 2022 Elsevier B.V.
657,2-s2.0-105000408004,Cross-border investments and fundraising communication in entrepreneurship-through-acquisition: exploratory evidence from search fund entrepreneurs in Asia,kept,,,True,© The Author(s) 2025.
658,2-s2.0-85141978289,Barbarians inside the gates: how private equity firms create value,kept,,,True,"© 2022, Emerald Publishing Limited."
659,2-s2.0-105023146970,Conference of Pharmacists' Pension Funds: Private equity and venture capital - Opportunities and challenges; [Private Equity und Venture Capital – Chancen und Herausforderungen],excluded,missing_abstract,,True,
660,2-s2.0-85164311144,How Does Human Capital Affect Investing? Evidence from University Endowments,kept,,,True,© The Author(s) 2022. Published by Oxford University Press on behalf of the European Finance Association. All rights reserved.
661,2-s2.0-85193829539,Re-Placing Property,kept,,,True,© 2024 University of Chicago Law School. All rights reserved.
662,2-s2.0-85190148915,Private equity in radiology – Why aren't we more concerned?,kept,,,True,© 2024 Elsevier Inc.
663,2-s2.0-85219125329,Private Equity and the Ravaging of United States Health Care,excluded,missing_abstract,,True,
664,2-s2.0-85200759501,State-aid compliant equity risk finance measures under the GBER: A Witch’s brew?,kept,,,True,"© 2024, Lexxion Verlagsgesellschaft mbH. All rights reserved."
665,2-s2.0-105032272697,Understanding Private Equity Funds: A Guide to Private Equity Research in Accounting,kept,,,True,"© 2024, American Accounting Association. All rights reserved."
666,2-s2.0-85176729726,The Changing Face of Chapter 11 Bankruptcy: Insights from Recent Trends and Research,kept,,,True,© 2023 Annual Reviews Inc.. All rights reserved.
667,2-s2.0-85139630487,Does innovation success reduce the cost of financing? Evidence from private investments in public equity,kept,,,True,© 2022 Elsevier Inc.
668,2-s2.0-85161926394,The impact of private equity investment and renewable energy on environmental degradation: evidence from BRICS countries,kept,,,True,"© 2023, Emerald Publishing Limited."
669,2-s2.0-85178048340,"ESG consideration in venture capital: drivers, strategies and barriers",kept,,,True,"© 2023, Emerald Publishing Limited."
670,2-s2.0-85204246719,Start-Up Space: Global Investment Trends,kept,,,True,"© 2024, American Institute of Aeronautics and Astronautics Inc, AIAA. All rights reserved."
671,2-s2.0-85159926087,The impact of funding on market valuation in technology start-up firms: Implication for open innovation,kept,,,True,© 2023 The Author(s)
672,2-s2.0-85150442303,"Technical founders, digital transformation and corporate technological innovation: empirical evidence from listed companies in China’s STAR market",kept,,,True,© The Author(s) 2023.
673,2-s2.0-85170580525,Financial innovation of Small and Medium Enterprises in Morocco in the area of energy optimization: state of the art,kept,,,True,"© The Authors, published by EDP Sciences. This is an open access article distributed under the terms of the Creative Commons Attribution License 4.0 (https://creativecommons.org/licenses/by/4.0/)."
674,2-s2.0-85197373963,Leveraging Technology: Enhancing Operations and Boosting EBITDA in Private Equity Owned Portfolio Companies,kept,,,True,© 2024 The Author(s).
675,2-s2.0-85189138088,The rise of private equity investment in Australian health care,excluded,missing_abstract,,True,
676,2-s2.0-105025430931,"How do environmental, social, and governance factors impact entrepreneurial finance? Evidence from the European small and medium enterprises",kept,,,True,© 2025 Emerald Publishing Limited
677,2-s2.0-85207923951,Private equity buyouts & firm exporting in crisis periods: Exploring a new channel,kept,,,True,© 2024 The Authors
678,2-s2.0-85182227993,Institutional logics and organizational filters: Differential responses to innovation and environmentalism in China's cleantech sector,kept,,,True,© 2023
679,2-s2.0-85210699824,Eggonomics: The Global Market in Human Eggs and the Donors Who Supply Them,kept,,,True,© 2025 Diane M. Tober.
680,2-s2.0-85202497374,Effect of Private Equity Ownership on Access to Outpatient Urologic Cancer Care in Medicare Recipients,kept,,,True,© 2024 The Author(s)
681,2-s2.0-85182280188,Private Debt and the Role of Venture Capital and Private Equity Sponsors,kept,,,True,© 2023 INFORMS.
682,2-s2.0-85132101514,Sustainability and Private Equity Real Estate Returns,kept,,,True,"© The Author(s), under exclusive licence to Springer Science+Business Media, LLC, part of Springer Nature 2022."
683,2-s2.0-85182086959,The Financialization of Health in the United States,kept,,,True,Copyright © 2024 Massachusetts Medical Society.
684,2-s2.0-85196024317,"Shadow capital in venture financing: Selection, valuation, and exit dynamic",kept,,,True,© 2024
685,2-s2.0-85180575314,Panacea for M&A dealmaking? Investor perceptions of earnouts,kept,,,True,© 2023 Elsevier Inc.
686,2-s2.0-85193518878,"Social capital, syndication, and investment performance: Evidence from PE investing in LBOs",kept,,,True,© 2024 The Author(s)
687,2-s2.0-85179320642,A Role of Private Equity Markets in Korea: An Overview of Literature on Hedge Funds and Private Equity,kept,,,True,"© 2023, Korean Finance Association. All rights reserved."
688,2-s2.0-85176292372,A Theory of Liquidity in Private Equity,kept,,,True,© 2022 INFORMS.
689,2-s2.0-105034713289,Private Equity Investment Activity: Operating Model and Risk-Mitigation Strategies,excluded,missing_abstract,,True,
690,2-s2.0-85178273409,Dynamics of Venture Capital and Private Equity Investments in India: An Empirical Analysis,kept,,,True,© 2023 by the authors.
691,2-s2.0-85195666615,What is Happening in the Ambulatory Space? Past Challenges and Future Directions,kept,,,True,© 2024 Elsevier Inc.
692,2-s2.0-85181165126,"Adverse events were higher at US hospitals taken over by private equity firms, study finds",excluded,missing_abstract,,True,
693,2-s2.0-85152106413,The evolution of capital structure and debt governance: Evidence from private equity-backed companies in Japan,kept,,,True,© 2023 Elsevier B.V.
694,2-s2.0-85205235700,Acquisitions of private-equity-backed private companies: Insights from acquirer’s choice of target and the implications on deal value through the subprime crisis,kept,,,True,"© 2024, Cracow University of Economics. All rights reserved."
695,2-s2.0-85182423330,Private equity acquisition is linked with lower MIPS scores for urologists,excluded,missing_abstract,,True,
696,2-s2.0-85209669028,Systematic Insights into Private Equity Investing,kept,,,True,© 2024 With Intelligence LLC.
697,2-s2.0-105016741893,"Risk, reward and private equity’s billion-dollar play",kept,,,True,© 2025 Emerald Publishing Limited
698,2-s2.0-85142794955,Management buyouts in times of economic policy uncertainty,kept,,,True,© 2022 The Author(s)
699,2-s2.0-85206349424,Does the disclosure of ESG information by private equity firms impact the success of their fundraising efforts?,kept,,,True,"© 2024, Jung-Hee Noh and Heejin Park."
700,2-s2.0-85191177503,Determinants of the performance of private equity backed SMEs: an empirical analysis at the European level,kept,,,True,"© 2024 The Author(s). Published by Informa UK Limited, trading as Taylor & Francis Group."
701,2-s2.0-85165167246,Selection determinants and value creation in private equity investment: a systematic literature review,kept,,,True,"© 2023, Emerald Publishing Limited."
702,2-s2.0-85215597087,All About People,kept,,,True,© 2025 by Jim James. All rights reserved.
703,2-s2.0-85201032183,Private equity firms' purchase of hospitals … and other research,excluded,missing_abstract,,True,
704,2-s2.0-85214350976,Current Trends and Common Themes in Publications Concerning Private Equity Investment Into Orthopaedic Surgery Practices: Key Takeaways,kept,,,True,Copyright © 2024 The Authors.
705,2-s2.0-85182801828,Retraction:Private Equity and Cardiovascular Health Care,excluded,missing_abstract,,True,
706,2-s2.0-85196109504,Amortizing Volatility across Private Capital Investments,kept,,,True,Copyright 2024 With Intelligence LLC.
707,2-s2.0-85212991915,Private Equity Investment in Surgical Care,kept,,,True,"Copyright © 2024 Wolters Kluwer Health, Inc."
708,2-s2.0-85187784507,Ethereum Blockchain for Private Equity Crowdfunding: Enabling Seamless USDC and Share Token Transactions,kept,,,True,"© The Author(s), under exclusive license to Springer Nature Singapore Pte Ltd. 2024."
709,2-s2.0-105004080979,Handbook of Insurance: Volume I: Third Edition,kept,,,True,© The Editor(s) (if applicable) and The Author(s).
710,2-s2.0-85165346313,"Investment Banks, Hedge Funds, and Private Equity",kept,,,True,© 2024 Elsevier Inc. All rights reserved.
711,2-s2.0-85146006901,Fat tails in private equity fund returns: The smooth double Pareto distribution,kept,,,True,© 2022 The Author
712,2-s2.0-85206162674,SUSTAINABLE INVESTING: Problems and Solutions,kept,,,True,© 2025 by World Scientific Publishing Co. Pte. Ltd. All rights reserved.
713,2-s2.0-85141499021,Risk hedging properties of infrastructure: a quantile regression approach,kept,,,True,"© 2022, Emerald Publishing Limited."
714,2-s2.0-105004500699,"Solving the Giving Pledge Bottleneck: How to Finance Solutions Using Philanthropic Private Equity, Second Edition",kept,,,True,"© The Editor(s) (if applicable) and The Author(s), under exclusive license to Springer Nature Switzerland AG 2021, 2024, corrected publication 2024."
715,2-s2.0-105035891935,The Performance of Private Equity Funds of Funds in China; [中国私募股权母基金的投资绩效研究],kept,,,True,© 2023 China Machine Press. All rights reserved.
716,2-s2.0-105012454607,Transfer Pricing and Permanent Establishment Implications under the New Italian Investment Management Exemption Regime,kept,,,True,© IBFD.
717,2-s2.0-105006548817,Private Equity Among US Psychiatric Hospitals,kept,,,True,© 2025 American Medical Association. All rights reserved.
718,2-s2.0-85204132958,Charity begins at the office: issuing cheap stock and stock options to employees and insiders before going public,kept,,,True,"© 2024, Emerald Publishing Limited."
719,2-s2.0-85195321918,Private Equity in Healthcare-Safeguarding Patient Care,excluded,missing_abstract,,True,
720,2-s2.0-85203270954,Specialization and performance in private equity: Evidence from the hotel industry,kept,,,True,© 2024 Elsevier B.V.
721,2-s2.0-85202709287,The performance of private equity portfolio companies during the COVID-19 pandemic,kept,,,True,© 2024 The Author(s)
722,2-s2.0-85161462337,Private Equity and Local Public Finances,kept,,,True,© 2023 The Authors. Journal of Accounting Research published by Wiley Periodicals LLC on behalf of The Chookaszian Accounting Research Center at the University of Chicago Booth School of Business.
723,2-s2.0-85151524595,Inflation hedging effectiveness of farmland and timberland assets in the United States,kept,,,True,© 2023 Elsevier B.V.
724,2-s2.0-105006694681,Making the case for a resurgent U.S. independent veterinary practice segment: a SWOT analysis,kept,,,True,"Copyright © 2025 Traub-Werner, Salois, McKay and Platt."
725,2-s2.0-85206013411,Prioritizing Safety Culture for Ammonia as a Fuel in Energy Transition,kept,,,True,© 2024 American Institute of Chemical Engineers. All rights reserved.
726,2-s2.0-85204514438,Buy-and-build strategy: Evidence from a survey of private equity general partners1,kept,,,True,© 2024 Fondazione Cueim. All rights reserved.
727,2-s2.0-85207359565,Entrepreneurial finance and sustainability: Do institutional investors impact the ESG performance of SMEs?,kept,,,True,© 2024 The Authors
728,2-s2.0-105035885017,The Influencing Factors of Post-Crowdfunding Financing Performance for Equity Crowdfunding Enterprises; [股权众筹企业后续融资绩效的影响因素研究],kept,,,True,© 2024 China Machine Press. All rights reserved.
729,2-s2.0-85196539838,Sustainable infrastructure development in sub-nations of Nigeria: what alternative financing options are open amidst constrained budget?,kept,,,True,"© 2024, Emerald Publishing Limited."
730,2-s2.0-85207567472,"Erratum: Department of Error (The Lancet (2024) 404(10449) (215), (S0140673624014843), (10.1016/S0140-6736(24)01484-3))",kept,,,True,© 2024 Elsevier Ltd
731,2-s2.0-85184900155,Have Alternative Investments Helped or Hurt?,kept,,,True,© 2024 Portfolio Management Research. All rights reserved.
732,2-s2.0-85204922532,INSIDE THE THINKING OF Strategic Buyers and Search Funds,kept,,,False,
733,2-s2.0-85150298046,Has persistence persisted in private equity? Evidence from buyout and venture capital funds,kept,,,True,© 2023 The Authors
734,2-s2.0-85214145071,"THE MERGER & ACQUISITION LEADER'S PLAYBOOK: A PRACTICAL GUIDE TO INTEGRATING ORGANIZATIONS, EXECUTING STRATEGY, AND DRIVING NEW GROWTH AFTER M&A OR PRIVATE EQUITY DEALS",kept,,,True,© 2022 by George Bradt and Jeffrey Pritchett. All rights reserved.
735,2-s2.0-85182365793,"Commentary on ""The Impact of Vertical Integration on Physician Behavior and Healthcare Delivery: Evidence from Gastroenterology Practices""",excluded,missing_abstract,,True,
736,2-s2.0-85205605247,Health in the age of asset manager capitalism,kept,,,True,© 2024 The Author(s).
737,2-s2.0-85183111895,Investing with the Government: A Field Experiment in China,kept,,,True,© 2023 The University of Chicago. All rights reserved. Published by The University of Chicago Press.
738,2-s2.0-85198546521,Mergers and acquisitions with private equity intermediation,kept,,,True,© 2024 The Author(s)
739,2-s2.0-85181468588,The For-Profit Side of Public U: University Contracts with Online Program Managers,kept,,,True,© The Author(s) 2024.
740,2-s2.0-85212794485,Private equity in dermatology: A cloud on the horizon of quality care?,excluded,missing_abstract,,True,
741,2-s2.0-85216730064,A house is more than a home: Why the law should discourage the shift to renting and the effects of the shift on nascent families,kept,,,True,© 2025 Association of Family and Conciliation Courts.
742,2-s2.0-85204735297,Corrigendum to “Brain health scores to predict neurological outcomes from electronic health records” [Int. J. Med. Inform. (2023) 105270](S1386505623002885)(10.1016/j.ijmedinf.2023.105270),kept,,,True,© 2024 Elsevier B.V.
743,2-s2.0-85153623474,Does the day-of-the-week effect exist in other asset classes? Investigation of the globally listed private equity markets,kept,,,True,"© 2023, Emerald Publishing Limited."
744,2-s2.0-85213781938,The Meaning of Money in Cryptocurrency,kept,,,True,© 2024 Taylor & Francis.
745,2-s2.0-85185098577,The Future of Behavioral Health: Can Private Equity and Telehealth Improve Access?,kept,,,True,© 2023 Cambridge University Press. All rights reserved.
746,2-s2.0-85171785810,Modelling profitability of private equity: A fractional integration approach,kept,,,True,© 2023 The Authors
747,2-s2.0-85142383539,"Systematic Literature Review of Private Equity Determinants: Status, Evidence and Open Issues",kept,,,True,© 2022 MDI.
748,2-s2.0-85171655317,"IPO suspension, financing uncertainty and corporate tax avoidance",kept,,,True,© 2023 Sun Yat-sen University
749,2-s2.0-85206174369,Stakeholders at the Gate: Driving Financial Value Through Sustainability in Private Equity,kept,,,True,© 2025 by World Scientific Publishing Co. Pte. Ltd. All rights reserved.
750,2-s2.0-85185959512,Case 71 SVB Financial Group (SVB),kept,,,True,"© The Author(s), under exclusive license to Springer Nature Switzerland AG 2024."
751,2-s2.0-85197114248,"Assessing the Circular Economy Funds: Performance, Fees, Risks, and Sustainability",kept,,,True,© 2024 by the authors.
752,2-s2.0-85177820219,Facing the fiction: can the European Union regulate fictitious commodities and capital?,kept,,,True,"© The Author(s), 2023. Published by Cambridge University Press."
753,2-s2.0-85165893261,Healthcare as asset: Private equity investment and the changing geographies of care in the United States,kept,,,True,© 2023 Elsevier Ltd
754,2-s2.0-85210960619,Private Equity in Distress and the Incentives of Collateralised Loan Obligations,kept,,,True,© 2024 The Author(s).
755,2-s2.0-85212554684,DIVERSITY & INCLUSION IN AN INCREASINGLY CONSOLIDATED PUBLISHING INDUSTRY,kept,,,True,"© 2024 University Library System, University of Pittsburgh. All rights reserved."
756,2-s2.0-105035771572,"Mixed Ownership Reform, Environmental Supervision Intensity and Environmental Protection Investment; [混合所有制程度、 环境监管强度与企业环保投入]",kept,,,True,© 2024 China Machine Press. All rights reserved.
757,2-s2.0-85149931774,At the Frontier of Sustainable Finance: Impact Investing and the Financial Tradeoff; Evidence from Private Portfolio Companies in the United Kingdom,kept,,,True,© 2023 by the authors.
758,2-s2.0-105014522758,The Institutional Framework of Public Versus Private Capital Funding,kept,,,True,© The Author(s) 2025
759,2-s2.0-105016474511,Mytek Innovations: Valuing a Start-up,kept,,,True,© 2025 Lahore University of Management Sciences
760,2-s2.0-85204737100,Historically Informed Patronage: Signifying Modern Royalty with New Early Music on Pine Island,kept,,,True,"© 2024 Baldwin Wallace University, Berea, OH."
761,2-s2.0-85158088899,The New News Barons: Investment Ownership Reduces Newspaper Reporting Capacity,kept,,,True,© 2023 by The American Academy of Political and Social Science.
762,2-s2.0-85191330410,Spillovers of PE investments,kept,,,True,© 2024 John Wiley & Sons Ltd.
763,2-s2.0-85111623171,Mapping research in the field of private equity: a bibliometric analysis,kept,,,True,"© 2021, The Author(s), under exclusive licence to Springer Nature Switzerland AG."
764,2-s2.0-85159079212,A Policy Framework for the Growing Influence of Private Equity in Health Care Delivery,excluded,missing_abstract,,True,
765,2-s2.0-85211884509,"Governance, Regulation and Management of Global Sport Organisations",kept,,,True,© 2025 Emmanuel Bayle.
766,2-s2.0-105024453919,No Surprises Act independent dispute resolution outcomes for emergency services,kept,,,True,"© The Author(s) 2024. Published by Oxford University Press on behalf of Project HOPE - The People-To-People Health Foundation, Inc."
767,2-s2.0-85201574375,"NEW VENTURE GOVERNANCE: AN INTEGRATIVE, MULTIDISCIPLINARY REVIEW",kept,,,True,© Academy of Management Annals.
768,2-s2.0-85158054633,"Institutional investors' site visits, information asymmetry, and investment efficiency",kept,,,True,© 2023
769,2-s2.0-85168841774,Paying for Performance in Public Pension Plans,kept,,,True,© 2022 INFORMS.
770,2-s2.0-105030837497,"CONTROLLING SHAREHOLDERS, POLICY ENVIRONMENT AND ANNOUNCEMENT EFFECT: EVIDENCE FROM PEPS IN CHINA LISTED PROPERTY COMPANDZS",kept,,,True,"© (2025), (Malaysian Institute Of Planners). All rights reserved."
771,2-s2.0-85201414474,Increasing EBITDA by Optimizing IT costs for Private Equity Portfolio Companies; [Aumento del EBITDA mediante la optimización],kept,,,True,© 2024 Universidad Pedagogica y Tecnologica de Colombia. All rights reserved.
772,2-s2.0-85216297354,FRACTAL ANALYSIS IN ALTERNATIVE INVESTMENTS: UNVEILING DYNAMICS AND DIVERSIFICATION BENEFITS,kept,,,True,© 2025 The Author(s).
773,2-s2.0-85148525422,Learning private equity recommitment strategies for institutional investors,kept,,,True,"Copyright © 2023 Kieffer, Meyer, Gloukoviezoff, Lucius and Bouvry."
774,2-s2.0-85198658113,ESG in the Top 100 US Private Equity Firms,kept,,,True,© 2024 Portfolio Management Research. All rights reserved.
775,2-s2.0-105007173521,Private Equity’s Opportunities and Challenges in North Carolina’s Health Care Ecosystem,excluded,missing_abstract,,True,
776,2-s2.0-105038273821,Time-Series Analysis of Going-Private Transactions,kept,,,True,© 2011
777,2-s2.0-85184046260,The Collective Organization of America’s Business Leaders Sectoral Differentiation and Affiliation Networks; [L’organisation collective du grand patronat américain Différenciation sectorielle et réseaux d’affiliation]; [Die kollektive Organisation des amerikanischen Großunternehmertums Sektorale Differenzierung und Netzwerke der Zugehörigkeit]; [Organización colectiva de la alta patronal estadounidense Diferenciación sectorial y redes de afiliación],kept,,,True,© 2024 Editions Ophrys. All rights reserved.
778,2-s2.0-105012120378,"Private Equity Development in Emerging Asian Markets: Impact of Foreign Direct Investment, IPOs, R&D, and Patents",kept,,,True,© The Author(s).
779,2-s2.0-85190646897,Increasing the EBITDA of private equity portfolio company through digital enablement,kept,,,True,© The Author(s).
780,2-s2.0-85200240785,Learning from the United States’ experience: Private equity and financing healthcare in Canada,kept,,,True,© 2024 The Canadian College of Health Leaders. All rights reserved.
781,2-s2.0-85210877308,The Skewed Playing Field between Private Equity and Family Ownership Hemmed in by Intra- and Inter-Country Tax Non-Neutralities,kept,,,True,"© 2024, International Bureau of Fiscal Documentation (IBFD). All rights reserved."
782,2-s2.0-105004119290,Private Equity Investments in the Life Insurance Industry,kept,,,True,© The Author(s).
783,2-s2.0-105021239423,Are cybersecurity firms different? Intra-sector and cross-industry comparisons of financial performance,kept,,,True,© 2025 The Author(s). Published by Oxford University Press.
784,2-s2.0-105034827957,How Power Undermined the Medical Profession,kept,,,True,© David Freeman Engstrom and Nora Freeman Engstrom 2025.
785,2-s2.0-85213378754,ESG and Value Creation in Private Equity Investments: Analysing the Effects,kept,,,True,© The Author 2023.
786,2-s2.0-85171345246,Increases in Medicare Spending and Use after Private Equity Acquisition of Retina Practices,kept,,,True,© 2023 American Academy of Ophthalmology
787,2-s2.0-85203078173,Educational capitalisation: a co-formational feminist framework for conceptualising investment in for-profit education within the racialised and gendered political economy,kept,,,True,"© 2024 The Author(s). Published by Informa UK Limited, trading as Taylor & Francis Group."
788,2-s2.0-85166346273,The no-arbitrage pricing of non-traded assets,kept,,,True,"© 2023, The Author(s), under exclusive licence to Springer-Verlag GmbH Germany, part of Springer Nature."
789,2-s2.0-85218421381,From Lab to Market: Unlocking the Commercialization Potential of University-Based Space Technology Research for Sustainable Development in Asia,kept,,,True,Copyright © 2024 by the International Astronautical Federation (IAF). All rights reserved.
790,2-s2.0-85197510947,"Mentors, markets, and money: How entrepreneurs can leverage feedback loops with stakeholders to articulate value propositions",kept,,,True,"© The Author(s), under exclusive license to Springer Nature Switzerland AG 2023."
791,2-s2.0-85202510687,ESG Disclosures in the Private Equity Industry,kept,,,True,© 2024 The Author(s). Journal of Accounting Research published by Wiley Periodicals LLC on behalf of The Chookaszian Accounting Research Center at the University of Chicago Booth School of Business.
792,2-s2.0-85185602349,Size matters: Unpacking the relationship between institutional investor size and private equity asset allocation within diverse institutional contexts,kept,,,True,© 2024 The Author(s)
793,2-s2.0-85218698659,"IAF Businesses and Innovation Symposium - Held at the 75th International Astronautical Congress, IAC 2024",kept,,,False,
794,2-s2.0-85182877643,TechRank,kept,,,True,© 2023 With Intelligence LLC.
795,2-s2.0-85165116995,"Private Equity Blues: Warner Music Group, Nonesuch Records, and Jazz in the Era of Financialization",kept,,,True,"Copyright © The Author(s), 2023. Published by Cambridge University Press on behalf of the Society for American Music."
796,2-s2.0-105025140290,A venture capitalist’s endeavor: valuing a start-up for investment,kept,,,True,© 2025 Emerald Publishing Limited
797,2-s2.0-85142768043,Decomposing value gains – The case of the best leveraged buy-out ever,kept,,,True,© 2022 The Authors
798,2-s2.0-85206256683,Connectedness and systemic risk between FinTech and traditional financial stocks: Implications for portfolio diversification,kept,,,True,© 2024 Elsevier B.V.
799,2-s2.0-85188158885,Owner Incentives and Performance in Healthcare: Private Equity Investment in Nursing Homes,kept,,,True,"© 2023 The Author(s). Published by Oxford University Press on behalf of The Society for Financial Studies. All rights reserved. [br]For permissions, please e-mail: journals.permissions@oup.com."
800,2-s2.0-85139396563,Mapping the venture capital and private equity research: a bibliometric review and future research agenda,kept,,,True,"© 2022, The Author(s)."
801,2-s2.0-105034719313,The Importance of Governance in Private Equity Financing,excluded,missing_abstract,,True,
802,2-s2.0-85167685567,Private Equity and the Corporatization of Health Care,kept,,,True,"© 2024, Stanford Law School. All rights reserved."
803,2-s2.0-85200547454,Freedom to Flourish: Housing as a Social Good,kept,,,True,© Journal of the Society of Christian Ethics.
804,2-s2.0-105017404078,Institutional investors and investment agency costs: evidence from U.S. dual-class firms,kept,,,True,"© 2025 Informa UK Limited, trading as Taylor & Francis Group."
805,2-s2.0-85217989682,A tale of two masters: Assessing the post-acquisition management strategies of private equity firms and industrial pharmaceutical groups,kept,,,True,"© 2024 selection and editorial matter, Mark Thomas and Janna L. Rose; individual chapters, the contributors."
806,2-s2.0-85213171667,Trends in Private Equity Acquisition of Pain Management Practices,excluded,missing_abstract,,True,
807,2-s2.0-85196877060,Can the Presence of Big 4 Auditors in IPO Prospectus Reduce Failure Risk?,kept,,,True,© 2024 by the author.
808,2-s2.0-85167779965,Private Equity: An Emerging Practice Model,kept,,,True,© 2023
809,2-s2.0-85159162791,Private equity valuation under time-inconsistent preferences,kept,,,True,© 2023 Elsevier B.V.
810,2-s2.0-85194839844,"The impact of research and development internationalisation on environmental, social and governance: Evidence from emerging market multinational enterprises",kept,,,True,© 2024 ERP Environment and John Wiley & Sons Ltd.
811,2-s2.0-85165619635,Private practice groups and medical care centers in Germany: a factual analysis of the current situation; [Praxisgruppen und medizinische Versorgungszentren in Deutschland: eine sachliche Statusbetrachtung],kept,,,True,"© 2023, The Author(s), under exclusive licence to Springer Medizin Verlag GmbH, ein Teil von Springer Nature."
812,2-s2.0-85142203937,"Sustainable development for private equity: Integrating environment, social, and governance factors into partnership valuation",kept,,,True,© 2022 ERP Environment and John Wiley & Sons Ltd.
813,2-s2.0-85191259265,A call to arms: private equity and the US healthcare system,excluded,missing_abstract,,True,
814,2-s2.0-85172927845,ESG positioning in private infrastructure fundraising,kept,,,True,© 2023
815,2-s2.0-85121314985,Impact of Sarbanes Oxley Act on initial public offerings: new evidence from reverse leveraged buyouts,kept,,,True,"© 2021, Emerald Publishing Limited."
816,2-s2.0-85168564264,Private Equity Looting of U.S. Health Care: An Under-Recognized and Uncontrolled Scourge,kept,,,True,© The Author(s) 2022.
817,2-s2.0-85194819033,On Patient Safety: The Danger of Private Equity Involvement in Healthcare,excluded,missing_abstract,,True,
818,2-s2.0-85166062660,The Risk and Performance of Listed Private Equity,kept,,,True,Copyright 2023 With Intelligence LLC.
819,2-s2.0-85197962596,Private Equity Owns 25% of Mental Health Facilities in Some States,excluded,missing_abstract,,True,
820,2-s2.0-85190902801,Private Equity Ownership in Healthcare,excluded,missing_abstract,,True,
821,2-s2.0-85187522816,Physician Perspectives on Private Equity Investment in Health Care,excluded,missing_abstract,,True,
822,2-s2.0-85141642971,Private Equity Looting of U.S. Health Care: An Under-Recognized and Uncontrolled Scourge,excluded,duplicate_doi,2-s2.0-85168564264,False,
823,2-s2.0-105003335987,"Startup Valuation: From Strategic Business Planning to Digital Networking, Second Edition",kept,,,True,"© The Editor(s) (if applicable) and The Author(s), under exclusive license to Springer Nature Switzerland AG 2021, 2024."
824,2-s2.0-85205307874,Beyond Gut Feel: Using Time Series Transformers to Find Investment Gems,kept,,,True,"© The Author(s), under exclusive license to Springer Nature Switzerland AG 2024."
825,2-s2.0-85191786665,Control strategies for impactful exits in impact private equity firms,kept,,,True,"© 2024 The Authors. Accounting & Finance published by John Wiley & Sons Australia, Ltd on behalf of Accounting and Finance Association of Australia and New Zealand."
826,2-s2.0-85182233348,Decarbonizing an energy-hungry world: the dilemma of investing in fossil fuels,kept,,,True,"© 2023, Emerald Publishing Limited."
827,2-s2.0-85174519144,Growing Private Equity Investment in the Indian NBFC Sector Analysing Risks,kept,,,True,© 2023 Economic and Political Weekly. All rights reserved.
828,2-s2.0-85192758719,Corporate pension funds’ search for yield with private equity investment: Its determinants and consequences,kept,,,True,© 2024 The Eastern Finance Association.
829,2-s2.0-85160904495,"Corrigendum to: Securitising Seniors Housing: The Financialisation of Real Estate and Social Reproduction in Retirement and Long-Term Care Homes (Antipode, (2022), 54, 3, (653-680), 10.1111/anti.12795)",kept,,,True,© 2022 The Author. Antipode © 2022 Antipode Foundation Ltd.
830,2-s2.0-85178293947,Fossil fuel divestment in U.S. higher education: Endowment dependence and temporal dynamics,kept,,,True,© 2023 The Author(s).
831,2-s2.0-85185973992,Case 52 SS&C Technologies,kept,,,True,"© The Author(s), under exclusive license to Springer Nature Switzerland AG 2024."
832,2-s2.0-85176590300,Market-based private equity returns,kept,,,True,© 2023 Elsevier B.V.
833,2-s2.0-85184210706,Private Equity Performance around the World,kept,,,True,© 2024 CFA Institute. All rights reserved.
834,2-s2.0-105005403209,A Latent Factor Cash Flow Model for Alternative Investment Funds,kept,,,True,© 2025 CFA Institute. All rights reserved.
835,2-s2.0-85200641304,Hospital Assets before and after Private Equity Acquisition,excluded,missing_abstract,,True,
836,2-s2.0-85214579957,Investment funds in the Spanish agri-food sector: building global platforms; [Los fondos de inversión en el sector agroalimentario español: La construcción de plataformas globales],kept,,,True,"© (2024), (Universidad Politecnica de Valencia.). All Rights Reserved."
837,2-s2.0-105006771173,Labor's Capital: Public Pensions and Private Equity,kept,,,True,"© 2025 the author(s), published by De Gruyter."
838,2-s2.0-85203039098,Derivative media: How Wall Street devours culture,kept,,,True,© 2024 by Andrew deWaard. All rights reserved.
839,2-s2.0-85206269798,Accessing Private Markets: What Does It Cost?,kept,,,True,© 2024 CFA Institute. All rights reserved.
840,2-s2.0-85178231747,The impact of experience on the agglomeration of cross-border investments within a region: The case of private equity in emerging markets,kept,,,True,© 2023 Elsevier Ltd
841,2-s2.0-85180611079,Sponsor reputation and agency conflicts in SPACs,kept,,,True,© 2023 Elsevier Inc.
842,2-s2.0-85183137620,Provider Ownership and Indicators of Service Quality: Evidence from Swedish Residential Care Homes,kept,,,True,© The Author(s) 2023. Published by Oxford University Press on behalf of the Public Management Research Association.
843,2-s2.0-105002411563,Is Private Equity Investing in Your EMS?,excluded,missing_abstract,,True,
844,2-s2.0-85218409886,SPACE ECONOMY IN EMERGING SPACE ECOSYSTEMS - FILLING THE GAP OF NEW SPACE INVESTMENTS THROUGH INVESTMENT BANKING INITIATIVES,kept,,,True,Copyright © 2024 by the International Astronautical Federation (IAF). All rights reserved.
845,2-s2.0-85196614252,Exit or Non-exit? Case Study of Blackstone’s Stake Sale in Mphasis,kept,,,True,"© 2024 International Management Institute, New Delhi."
846,2-s2.0-105017442409,"Wellness as Self-Governance: Digitalization, AI, and Indian Healthtech",kept,,,True,"© Akshaya Kumar, 2025."
847,2-s2.0-85130063023,Determinants of International Buyout Investments,kept,,,True,© 2022 The Author(s).
848,2-s2.0-105010709720,BIBLIOMETRIC ANALYSIS OF PORTFOLIO DIVERSIFICATION FOCUSING ON ALTERNATIVE INVESTMENTS,kept,,,True,"© (2025), (University of Belgrade). All rights reserved."
849,2-s2.0-85203698267,CompanyKG: A Large-Scale Heterogeneous Graph for Company Similarity Quantification,kept,,,True,© 2024 Copyright held by the owner/author(s). Publication rights licensed to ACM.
850,2-s2.0-85152173391,A Systematic Review: Landscape of Private Equity in Dermatology From Past to Present,kept,,,True,© 2023 Journal of Drugs in Dermatology. All rights reserved.
851,2-s2.0-85200687737,Financial and Clinical Characteristics of Hospitals Targeted by Private Equity Firms,excluded,missing_abstract,,True,
852,2-s2.0-85206872046,The Harm from Private Equity's Takeover of Medical Practices and Hospitals,excluded,missing_abstract,,True,
853,2-s2.0-85192469477,The Impact of Private Equity's Involvement in Our Specialty,excluded,missing_abstract,,True,
854,2-s2.0-85213170548,"Evolution of gastroenterology practice: medicare reform, payment systems, and changing landscape",kept,,,True,© 2025 Elsevier Inc. All rights reserved.
855,2-s2.0-85176740707,Who are those new entrants? Dissecting types of foreign capital entrance in traditional industrial districts,kept,,,True,"© 2023 Informa UK Limited, trading as Taylor & Francis Group."
856,2-s2.0-85186214036,Financialization of music: song management firms and fractionalized copyright,kept,,,True,"© 2024 Informa UK Limited, trading as Taylor & Francis Group."
857,2-s2.0-85188249424,Private Equity’s Byzantine Tax Stand—An Untold and New Story of Carried Interest,kept,,,True,"© 2024, Thomson Reuters. All rights reserved."
858,2-s2.0-105021604584,Digital Transformation of Healthcare and Venture Capital's Role in It,kept,,,True,© 2025 Jenny Stanford Publishing Pte. Ltd.
859,2-s2.0-86000262470,No Surprises Act Independent Dispute Resolution Outcomes for Air Ambulances,kept,,,True,© 2025 Duffy EL et al.
860,2-s2.0-85196086276,Unpacking Private Equity Performance,kept,,,True,Copyright 2024 With Intelligence LLC.
861,2-s2.0-85212700378,"Institutional dynamics and governance structures in shaping CSR, social entrepreneurship, and private equity investment",kept,,,True,© 2024 Journal of the Canadian Council for Small Business and Entrepreneurship/Conseil Canadien de la PME et de l’entrepreneuriat.
862,2-s2.0-105018136341,"Growth, productivity and structural change: economic arguments for investment in construction innovation",kept,,,True,© The Editor and Contributors Severally 2025. All rights reserved.
863,2-s2.0-85198902425,Doing What Counts: Following Eviction Data from the Community to the Court,kept,,,True,© 2024 Owner/Author.
864,2-s2.0-85179942390,The immediate effects of private equity acquisition of urology practices on the management of newly diagnosed prostate cancer,kept,,,True,© 2023 The Authors. Cancer Medicine published by John Wiley & Sons Ltd.
865,2-s2.0-105035911769,A Network⁃Adjusted Multiple Testing Procedure with Application to Mutual Fund Selection; [基于网络调整的多重假设检验方法及其在共同基金选择中的应用],kept,,,True,© 2023 China Machine Press. All rights reserved.
866,2-s2.0-85162914373,Private Equity: the Good,excluded,missing_abstract,,True,
867,2-s2.0-85190841991,A Survey of Private Debt Funds,kept,,,True,© The Author(s) 2024. Published by Oxford University Press on behalf of The Society for Financial Studies. All rights reserved.
868,2-s2.0-85210100961,Private equity involvement in primary care: the case of Ireland,kept,,,True,"© The Author(s), 2024."
869,2-s2.0-85196764006,Effects of Private Equity on Dermatologic Quality of Patient Care,excluded,missing_abstract,,True,
870,2-s2.0-85168427495,"Private Equity Ownership in Health Care Linked to Higher Costs, Worse Quality",excluded,missing_abstract,,True,
871,2-s2.0-85165669998,Private equity and venture capital: A critical assessment of their growth and self-regulation,excluded,missing_abstract,,True,
872,2-s2.0-105008596592,THE MAURITIUS INTERNATIONAL FINANCIAL CENTRE: A Critical Assessment since Inception,kept,,,True,© 2025 Oxford University Press.
873,2-s2.0-85186474761,Securing financial returns in politically uncertain worlds: Finance and urban water politics in Brazil,kept,,,True,© The Author(s) 2024.
874,2-s2.0-105010834702,Artificial Intelligence in Sustainable Investment: A New Frontier for High-Net-Worth Investors,kept,,,True,© 2025 IEEE.
875,2-s2.0-105002119007,The Impacts of Hedge Fund Ownership on the Role of Journalism in Democracy through the Lens of Media Management,kept,,,True,"© 2025 Informa UK Limited, trading as Taylor & Francis Group."
876,2-s2.0-85164952067,Private Equity Purchases of Retina Practices: Their Focus on Profit Is a Threat to Healthcare,excluded,missing_abstract,,True,
877,2-s2.0-85174349499,Does private equity investment influence enterprise innovation strategy?,kept,,,True,© 2023
878,2-s2.0-85208103623,Portfolio Diversification Policies: Alternative Asset Classes,kept,,,True,"© The Editor(s) (if applicable) and The Author(s), under exclusive license to Springer Nature Switzerland AG 2024."
879,2-s2.0-105013862333,Role of private equity in vascular care,kept,,,True,© 2025 The Author(s)
880,2-s2.0-85196376262,"Vehicles for Consolidation and Expansion of Physician Practices: Private Equity, Medical Services Organizations, and Strategic Partnerships",excluded,missing_abstract,,True,
881,2-s2.0-85159204757,Private Equity Investment: Friend or Foe to Applied Behavior Analysis?,kept,,,True,© 2022 Published by KURA Education & Publishing.
882,2-s2.0-85165134911,Sustainable private equity and venture capital in developing economies,excluded,missing_abstract,,True,
883,2-s2.0-105022237874,Association Between Market-Level Characteristics and Cardiologists Acquired by Private Equity in the United States,excluded,missing_abstract,,True,
884,2-s2.0-85193637002,Endowment asset allocations: insights and strategies,kept,,,True,© The Author(s) 2024.
885,2-s2.0-85196311616,Private Investing: A Survey of Issues and Solutions,kept,,,True,Copyright 2024 With Intelligence LLC.
886,2-s2.0-85150787750,"Environmental, Social and Governance (ESG) risk, uncertainty, and the mining life cycle",kept,,,True,© 2023 Elsevier Ltd
887,2-s2.0-85203733730,The Art of Commitment Pacing: Engineering Allocations to Private Capital,kept,,,True,© 2024 by Thomas Meyer. All rights reserved..
888,2-s2.0-105004690726,Use of proceeds in private equity-backed initial public offerings,kept,,,True,© 2025 The Authors
889,2-s2.0-85176587176,PRIVATE EQUITY AS AN INTERMEDIARY IN THE MARKET FOR CORPORATE ASSETS,kept,,,True,© 2023 Academy of Management. All rights reserved.
890,2-s2.0-85162983979,Relationship between shadow banking and real estate bubble in China,kept,,,True,© 2023 World Scientific Publishing Company. All rights reserved.
891,2-s2.0-85195942503,Private Equity,excluded,missing_abstract,,True,
892,2-s2.0-85159306779,JACR Health Policy Expert Panel: Private Equity Investment in Radiology,excluded,missing_abstract,,True,
893,2-s2.0-85148659439,From behind the scenes to the forefront: how do intermediaries lead the construction of international innovation ecosystems?,kept,,,True,"© 2023 Informa UK Limited, trading as Taylor & Francis Group."
894,2-s2.0-105035284060,Aerotropolis,kept,,,True,© The Editors and Contributors Severally 2025.
895,2-s2.0-85192368396,Geographic Penetration of Private Equity Ownership in Outpatient and Residential Behavioral Health,excluded,missing_abstract,,True,
896,2-s2.0-85199137943,"PRIVATE EQUITY, CONFLICTS, AND CHAPTER 11: THE THREE TYPES OF ATTORNEY CONFLICTS THAT UNDERMINE CORPORATE RESTRUCTURING",kept,,,True,© 2024 University of Pennsylvania Law School. All rights reserved.
897,2-s2.0-105012035055,Association Between Locoregional Private Equity Investment in Retina Practices and Academic Vitreoretinal Caseload,kept,,,True,© 2025 Franco et al.
898,2-s2.0-85148506051,Private Equity Buyouts and Exports: The Impact of Brexit on UK Firms,kept,,,True,© 2023 The Authors. British Journal of Management published by John Wiley & Sons Ltd on behalf of British Academy of Management.
899,2-s2.0-85207949577,The Impact of Venture Capital on Corporate Social Performance,kept,,,True,"© The Author(s), under exclusive license to Springer Nature Switzerland AG 2024."
900,2-s2.0-105019165851,Working in Business and Finance: An Insider's No-Nonsense Career Guide,kept,,,True,"© Business Expert Press, LLC, 2024. All rights reserved."
901,2-s2.0-85165592277,"“Not what we signed up for”: Nurse shortages, physician scarcity, and time for collective bargaining?",kept,,,True,© 2023 Policy Studies Organization.
902,2-s2.0-85209205511,"Risk, Returns, and Wealth Creation: Insights from Private Market Investments",kept,,,True,Copyright 2024 With Intelligence LLC.
903,2-s2.0-85205136700,Editorial Comment on “Effect of Private Equity Ownership on Access to Outpatient Urologic Cancer Care in Medicare Recipients”,excluded,missing_abstract,,True,
904,2-s2.0-85181562934,Private Equity Partnerships in Urology,excluded,missing_abstract,,True,
905,2-s2.0-85194063269,Emergency Physicians’ Ethical Issues with Hospital Business Models,kept,,,True,© 2024 Elsevier Inc.
906,2-s2.0-85202723609,When Private Equity Discovered African Agriculture: A View from Tanzania,kept,,,True,"© 2024 selection and editorial matter, Hany Besada, Cristina D’Alessandro and Tefsi Golla."
907,2-s2.0-85185525303,Private equity firms and industrial policy: elaborating the state-finance nexus in state-led markets,kept,,,True,"© 2024 The Author(s). Published by Informa UK Limited, trading as Taylor & Francis Group."
908,2-s2.0-105013098960,Ownership Structure and Impact on Corporate Governance,kept,,,True,© The Author(s).
909,2-s2.0-85188320468,The Impact of Stock Market Profitability on the Dynamics of Venture Investments in Russia; [Влияние доходности фондового рынка на динамику венчурных инвестиций в России],kept,,,True,© Siberian Federal University.
910,2-s2.0-85180154760,Acquisition of Urology Practices by Private Equity Firms and Performance in the Merit-based Incentive Payment System,kept,,,True,© 2023 Lippincott Williams and Wilkins. All rights reserved.
911,2-s2.0-85138097760,"Dermatology workforce in the United States – Part I: Overview, transformations, and implications",kept,,,True,"© 2022 American Academy of Dermatology, Inc."
912,2-s2.0-85150496825,Discount-Rate Risk in Private Equity: Evidence from Secondary Market Transactions,kept,,,True,© 2023 the American Finance Association.
913,2-s2.0-85172423548,Manager Mobility and Private Equity Syndications from the Perspective of Coupling Networks: Evidence from China's Private Equity Industry,kept,,,True,© 2020 Tsinghua University Press.
914,2-s2.0-85138369920,Equilibrium policy portfolios when some investors are restricted from holding certain assets,kept,,,True,"© 2022, Otto Randl, Arne Westerkamp and Josef Zechner."
915,2-s2.0-85209401136,"Corrigendum: The predictive validity of a Brain Care Score for dementia and stroke: data from the UK Biobank cohort (Frontiers in Neurology, (2023), 14, (1291020), 10.3389/fneur.2023.1291020)",kept,,,True,"Copyright © 2024 Singh, Oreskovic, Carr, Papier, Conroy, Senff, Chemali, Gutierrez-Martinez, Parodi, Mayerhofer, Marini, Nunley, Newhouse, Ouyang, Brouwers, Westover, Rivier, Falcone, Howard, Howard, Pikula, Ibrahim, Sheth, Yechoor, Lazar, Anderson, Tanzi, Fricchione, Littlejohns and Rosand."
916,2-s2.0-85189521337,Corporate governance mishap in a startup: a case of GoMechanic,kept,,,True,"© 2024, Emerald Publishing Limited."
917,2-s2.0-85150265988,What drives gearing in early-stage firms? Evidence from blue economy startups,kept,,,True,© 2023 Elsevier Inc.
918,2-s2.0-85194561293,"Banking on innovation: Listed and non-listed equity investing, evidence from société générale de Belgique, 1850–1934",kept,,,True,© 2024 The Author(s)
919,2-s2.0-105028589037,Evaluation of the Dynamics of Venture Investments Optimal Share in Investor’s Portfolio in Comparison o the Stock Market in Russia; [Оценка динамики оптимальной доли венчурных инвестиций в портфеле инвестора в сравнении с фондовым рынком в России],kept,,,True,© Siberian Federal University. All rights reserved.
920,2-s2.0-85176264323,‘Best run club in the world': Manchester City fans and the legitimation of sportswashing?,kept,,,True,© The Author(s) 2023.
921,2-s2.0-105024791441,Physical Climate Risk and Volatility of Financial Markets: The Moderating Role of Moon Days,kept,,,True,© 2025 Wiley Periodicals LLC.
922,2-s2.0-105024850256,The effect of R&D subsidies on financing innovation in the presence of private investors,kept,,,True,"© 2025 Informa UK Limited, trading as Taylor & Francis Group."
923,2-s2.0-85194881715,CompanyKG: A Large-Scale Heterogeneous Graph for Company Similarity Quantification,kept,,,True,© 2015 IEEE.
924,2-s2.0-85188027149,The Looming Future of Private Equity in Plastic Surgery,kept,,,True,© 2023 The Author(s). Published by Oxford University Press on behalf of The Aesthetic Society. All rights reserved.
925,2-s2.0-85195329160,AOA Critical Issues Symposium: The Dynamic Environment of Health Care,kept,,,True,© 2024 Lippincott Williams and Wilkins. All rights reserved.
926,2-s2.0-85161294671,Private Equity Acquisition of Oncology Clinics in the US From 2003 to 2022,excluded,missing_abstract,,True,
927,2-s2.0-85179035948,Capital structure of single family office-owned firms,kept,,,True,© 2024 Elsevier Ltd
928,2-s2.0-85143673745,Privatized espionage: NSO Group Technologies and its Pegasus spyware,kept,,,True,© 2022 The Authors. Thunderbird International Business Review published by Wiley Periodicals LLC.
929,2-s2.0-85206967137,The Role of the Lawyer as Deal Maker in Health Care Acquisitions: From Amoral to Immoral?,kept,,,True,"© The Author(s), 2024. Published by Cambridge University Press on behalf of American Society of Law, Medicine & Ethics."
930,2-s2.0-85180725896,Funding gap in the Hungarian venture capital market,kept,,,True,"© 2023, Corvinus University of Budapest. All rights reserved."
931,2-s2.0-85168340435,The role of financial markets in the energy transition: an analysis of investment trends and opportunities in renewable energy and clean technology,kept,,,True,"© 2023, The Author(s), under exclusive licence to Springer-Verlag GmbH Germany, part of Springer Nature."
932,2-s2.0-85159387658,"Sovereign wealth fund investment in venture capital, private equity, and real asset funds",kept,,,True,"© 2023, Academy of International Business."
933,2-s2.0-85191146584,The restless urban landscape of housing financialization: geographies of residential real estate investment trust expansion in Germany and the United States,kept,,,True,"© 2024 The Author(s). Published by Informa UK Limited, trading as Taylor & Francis Group."
934,2-s2.0-85174080245,Changes in Diagnoses and Site of Care for Patients Receiving Hospice Care From Agencies Acquired by Private Equity Firms and Publicly Traded Companies,kept,,,True,© 2023 Braun RT et al.
935,2-s2.0-85208189747,CORPORATE OWNERSHIP AND EMPLOYEE COMPENSATION,kept,,,True,© 2025 Academy of Management. All rights reserved.
936,2-s2.0-85205227870,Extending the marshallian industrial districts framework: reframing types of multinationals; [Ampliando el marco de los distritos industriales marshallianos: teorizando sobre tipos de multinacionales],kept,,,True,© 2024 by the authors.
937,2-s2.0-85185932303,Case 28 PJT Partners,kept,,,True,"© The Author(s), under exclusive license to Springer Nature Switzerland AG 2024."
938,2-s2.0-105001890459,Private Equity and Healthcare: The Cost of Placing Profits Over Patient Safety,kept,,,True,"© The Editor(s) (if applicable) and The Author(s), under exclusive license to Springer Nature Switzerland AG 2024."
939,2-s2.0-85169235786,"Dynamic Contracting with Intermediation: Operational, Governance, and Financial Engineering",kept,,,True,© 2023 The Authors. The Journal of Finance published by Wiley Periodicals LLC on behalf of American Finance Association.
940,2-s2.0-85203692870,Space is an Uncorrelated Investment Sector The Space Industry is Not Strongly Correlated to Major Market Indices or Alternative Asset Classes,kept,,,True,"© 2024, American Institute of Aeronautics and Astronautics Inc, AIAA. All rights reserved."
941,2-s2.0-85169795709,Private equity and healthcare firm behavior: Evidence from ambulatory surgery centers,kept,,,True,© 2023 Elsevier B.V.
942,2-s2.0-85171959621,Sports law,kept,,,True,© Jack Anderson 2023. All rights reserved.
943,2-s2.0-85196392944,CASH IN ON YOUR HARD WORK: DOS AND DON'TS WHEN SELLING YOUR CHEMICAL BUSINESS,kept,,,True,© 2024 TeknoScienze. All rights reserved.
944,2-s2.0-85148551593,Entrepreneurial multi-business families - evidence from continental europe,kept,,,True,"© 2023 Walter de Gruyter GmbH, Berlin/Boston."
945,2-s2.0-85199206735,THE RISE OF PRIVATE EQUITY CONTINUATION FUNDS,kept,,,True,© 2024 University of Pennsylvania Law School. All rights reserved.
946,2-s2.0-105033278516,Evolution of start-up investments: an overview and future research directions,kept,,,True,Copyright © 2025 Inderscience Enterprises Ltd.
947,2-s2.0-105025226817,ANTICOMPETITIVE DIRECTORS,kept,,,True,"© 2025 Lane Miles, Mark A. Lemley & Rory Van Loo."
948,2-s2.0-85208097619,Private Equity,kept,,,True,"© The Editor(s) (if applicable) and The Author(s), under exclusive license to Springer Nature Switzerland AG 2024."
949,2-s2.0-85175434859,Private Equity and Medicine: A Marriage Made in Hell,excluded,missing_abstract,,True,
950,2-s2.0-85209655425,Private versus funded infertility care: not a challenge but a call for cooperation,kept,,,True,© 2024 Reproductive Healthcare Ltd.
951,2-s2.0-85153701096,Picking Winners: Identifying Features of High-Performing Special Purpose Acquisition Companies (SPACs) with Machine Learning,kept,,,True,© 2023 by the author.
952,2-s2.0-105028181023,"Patient Capital, Deep Integration of Industry-Academia-Research, and Enterprise Independent Innovation-Empirical Evidence from Technology Commercialization Guidance Funds; [耐心资本、产学研深度融合与企业自主创新———基于科技成果转化引导基金的经验证据]",kept,,,True,"© 2025, Editorial Board of Modern Economic Science. All rights reserved."
953,2-s2.0-85187241439,Fee Variation in Private Equity,kept,,,True,© 2024 the American Finance Association.
954,2-s2.0-85186843052,"Private Equity–Acquired Physician Practices And Market Penetration Increased Substantially, 2012–21",kept,,,True,"© 2024 Project HOPE— The People-to-People Health Foundation, Inc."
955,2-s2.0-85206351069,Analyzing the Financial Performance of Corporate Social Responsibility Using Machine Learning-Enabled Financial Enterprise Model,kept,,,True,"© The Author(s), under exclusive license to Springer Nature Singapore Pte Ltd. 2024."
956,2-s2.0-85184003700,"Private equity market development, state ownership, and firm innovation: Evidence from China",kept,,,True,© 2024 Elsevier Inc.
957,2-s2.0-85149658995,Benchmarking private equity: The direct alpha method,kept,,,True,© 2023 The Authors
958,2-s2.0-105026680073,The relationship between healthcare provider ownership and performance in high-income countries: An umbrella review,kept,,,True,"© The Author(s), 2025. Published by Cambridge University Press."
959,2-s2.0-85187508483,Physicians in Private Equity Practices - Canaries in a Coal Mine?,excluded,missing_abstract,,True,
960,2-s2.0-85214185028,Demographics of Ophthalmology and Optometry Practices and Changes in Utilization Patterns of Procedures and Services Following Private Equity Acquisition,kept,,,True,"Copyright © 2024 Wolters Kluwer Health, Inc. All rights reserved."
961,2-s2.0-85194764528,Annual Survey of Judicial Developments Pertaining to Private Equity and Venture Capital,excluded,missing_abstract,,True,
962,2-s2.0-85147806067,Shaking hands with common foes: Clique premium and information diffusion in private equity networks,kept,,,True,© 2023 The Author(s)
963,2-s2.0-85200469153,Risk analysis of private equity financing of manufacturing industry based on DANP model,kept,,,True,© 2024 Inderscience Enterprises Ltd.
964,2-s2.0-105013724259,"Housing financialization: Tensions, crises, and evolution",kept,,,True,"© 2026 selection and editorial matter, Alfonso Valenzuela Aguilera, Luis Alberto Salinas Arreortua and José Gasca Zamora; individual chapters, the contributors."
965,2-s2.0-85162843626,Anticompetitive Financial Leverage: In Search of a Theory of Harm,kept,,,True,"© 2023 Kluwer Law International BV, The Netherlands."
966,2-s2.0-85196235181,Trends in Private Equity Consolidation in Cardiovascular Care,excluded,missing_abstract,,True,
967,2-s2.0-85163038201,Inside-out strategic coupling for smallholder market integration – Mango production in Malawi as a test case,kept,,,True,© The Author(s) 2023.
968,2-s2.0-85142834004,"Governance on lithium mining shareholdings: expanding Environment, Social and Governance (ESG) indicators to economic regulation and raw material politics",kept,,,True,"© 2022, The Author(s)."
969,2-s2.0-85208455029,Shariah Contracts in Private Equity and Its Prospect for Small and Medium Enterprises (SME),kept,,,True,"© 2024, SHPMedia Sdn Bhd. All rights reserved."
970,2-s2.0-85207296508,Industrial Policy Environment and Private Equity Placement: Evidence from Chinese Real Estate Firms,kept,,,True,© 2024 by the authors.
971,2-s2.0-85204167228,Private Equity Acquisition of Physician Practices - Looking for Ethical Guidance from Professional Societies,excluded,missing_abstract,,True,
972,2-s2.0-85135568859,Changing the C-suite: opportunities and threats for leadership diversity and equality,kept,,,True,"© 2022, Emerald Publishing Limited."
973,2-s2.0-85190090897,Leveraging national security: private equity and bankruptcy in the United States defense industry,kept,,,True,"© The Author(s), 2024."
974,2-s2.0-105025031064,Life cycle of private equity investments in physician practices: an overview of private equity exits,kept,,,True,"© The Author(s) 2024. Published by Oxford University Press on behalf of Project HOPE - The People-To-People Health Foundation, Inc."
975,2-s2.0-85209901364,Does size matter? Strategies and outcomes by investor size and type in the single-family rental market in Minneapolis and St. Paul,kept,,,True,© 2024 Urban Affairs Association.
976,2-s2.0-85164404806,Merger review of creeping private equity consolidation: a new use for Article 22 EUMR and beyond?,kept,,,True,© 2023 Edward Elgar Publishing Ltd.
977,2-s2.0-85194191359,Mixed Equity Participation and Corporate Performance,kept,,,True,© 2024 Proceedings of the 13th International Conference on Logistics and Systems Engineering. All Rights Reserved.
978,2-s2.0-105007262800,The Case of Missing Women—Dynamics of Funding Women Entrepreneurs,kept,,,True,"© The Editor(s) (if applicable) and The Author(s), under exclusive license to Springer Nature Singapore Pte Ltd. 2025."
979,2-s2.0-105033054590,SPACE TECH REPORT: EVOLVING METHODOLOGIES FOR A COMPREHENSIVE SPACE SECTOR ANALYSIS,kept,,,True,Copyright ©2025 by Fondazione E. Amaldi.
980,2-s2.0-85183639205,"Retracted:""Conceptual foundations of the movement of innovative capital in conditions of priority development of the """"""""green"""""""" economy""",excluded,retracted,,True,"© The Authors, published by EDP Sciences. This is an open access article distributed under the terms of the Creative Commons Attribution License 4.0 (https://creativecommons.org/licenses/by/4.0/)."
981,2-s2.0-105017611712,Non-Core Real Estate Returns: An Empirical Approach,kept,,,True,© 2025 Portfolio Management Research. All rights reserved.
982,2-s2.0-85180622812,"International Conference on Power Engineering and Intelligent Systems, PEIS 2023",kept,,,True,
983,2-s2.0-85148009956,Mechanisms of How Private Equity Drives Industrial Upgrade: An Empirical Study Based on China’s Panel Data,kept,,,True,© 2023 by the authors.
984,2-s2.0-85196810359,Octavius joins the top rank,kept,,,False,
985,2-s2.0-85204576897,Why Direct Indexing Is a Tectonic Shift for Private Markets: A Guide to Direct Start-Up Investments,kept,,,True,Copyright 2024 With Intelligence LLC.
986,2-s2.0-85207217613,Machine learning private equity returns,kept,,,True,© 2024 The Authors
987,2-s2.0-85130570649,Private equity and its effect on patients: a window into the future,excluded,missing_abstract,,True,
988,2-s2.0-85198028596,"Retraction: Private equity in health care: The good, the bad, and some of the ugly (Annals of Surgery (2024) DOI: 10.1097/SLA.0000000000006318)",kept,,,True,"© 2024 Wolters Kluwer Health, Inc. All rights reserved."
989,2-s2.0-85182644900,Financial resource pooling in club deals,kept,,,True,© 2024 The Author(s)
990,2-s2.0-105039169316,Fintech insights: determinants of early-stage venture capital in an emerging economy,kept,,,True,Copyright © 2025 Inderscience Enterprises Ltd.
991,2-s2.0-85184313568,"International Conference on Power Engineering and Intelligent Systems, PEIS 2023",excluded,duplicate_cleaned_abstract,2-s2.0-85180622812,True,
992,2-s2.0-85182198813,Permanent Establishment Risk Exposure of Private Equity Funds and the New Italian Investment Management Exemption: A Quest for Certainty,kept,,,True,© IBFD.
993,2-s2.0-85190998890,A meta-analysis on private equity technology-driven value creation,kept,,,True,© The Author(s).
994,2-s2.0-85203172939,"Private funding, profitability and growth opportunities of immigrant SMMEs: a resource-based view",kept,,,True,© 2024 Inderscience Enterprises Ltd.
995,2-s2.0-85164686251,Private Equity: A Punctuated Equilibrium in Retina,excluded,missing_abstract,,True,
996,2-s2.0-105017931259,"Vaccine Economics, Private Equity, And More",excluded,missing_abstract,,True,
997,2-s2.0-85182579695,The Unfolding Story of Private Equity in Ophthalmology,excluded,missing_abstract,,True,
998,2-s2.0-85184417109,Access to Sudden Sensorineural Hearing Loss Care at Private Equity-Owned Otolaryngology Clinics,kept,,,True,© 2024 American Academy of Otolaryngology–Head and Neck Surgery Foundation.
999,2-s2.0-85211259475,Problem behavior: Overview and contemporary issues,kept,,,True,© 2025 Elsevier Inc. All rights reserved.
1000,2-s2.0-105003355874,Establishing an Open and Sustainable Belt and Road Innovation System,kept,,,True,"© The Editor(s) (if applicable) and The Author(s) 2024, corrected publication 2024."
1001,2-s2.0-85128282396,Lending when relationships are scarce: The role of information spread via bank networks,kept,,,True,© 2022 Elsevier B.V.
1002,2-s2.0-85103173253,Profiting on Crisis: How Predatory Financial Investors Have Worsened Inequality in the Coronavirus Crisis,kept,,,True,© 2021 SAGE Publications.
1003,2-s2.0-85119673956,Exporting by Private Equity-Backed Portfolio Companies,kept,,,True,© 2021 British Academy of Management and Wiley Periodicals LLC.
1004,2-s2.0-85099975344,Post-COVID-19: Rising from the ashes,kept,,,True,Copyright 2020 Pageant Media Ltd.
1005,2-s2.0-85173544684,Family Ownership After Going Public: Exploring Nonlinear Effect on Innovation Inputs and the Role of Institutional Investors,kept,,,True,"© 2023 International Management Institute, New Delhi."
1006,2-s2.0-85098222074,Should surgeons consider partnering with private equity investors?,excluded,missing_abstract,,True,
1007,2-s2.0-85105060639,The forestry investment total return (FITR) index,kept,,,True,© 2021 University College Dublin in Dublin. All rights reserved.
1008,2-s2.0-85139551642,From Gentrification to Sterilization? Building on Big Capital,kept,,,True,"© 2022 Informa UK Limited, trading as Taylor & Francis Group."
1009,2-s2.0-85143646988,Physicians’ Perspectives Regarding Private Equity Transactions in Outpatient Health Care—A Scoping Review and Qualitative Analysis,kept,,,True,© 2022 by the authors.
1010,2-s2.0-85131317782,Varieties of funds and performance: the case of private equity,kept,,,True,"© 2022 The Author(s). Published by Informa UK Limited, trading as Taylor & Francis Group."
1011,2-s2.0-85172777298,The First Chicago Valuation Method,kept,,,True,"© The Author(s), under exclusive license to Springer Nature Switzerland AG 2023."
1012,2-s2.0-85123077200,A Decision-Making Model of Technological-Focused Government Agency Selection of Technological Start-Up Businesses,kept,,,True,"© 2022, Walailak University. All rights reserved."
1013,2-s2.0-85117615765,Investor activism strategies of private equity firms: evidence from continental Europe,kept,,,True,"© 2021, Emerald Publishing Limited."
1014,2-s2.0-85124716907,The Covariance Structure between Liquid and Illiquid Assets,kept,,,True,Copyright 2022 With Intelligence Ltd.
1015,2-s2.0-85138661526,Private or Public Equity? the Evolving Entrepreneurial Finance Landscape,kept,,,True,© 2022 by Annual Reviews.
1016,2-s2.0-85081243773,"Cross-Border LBOs, Human Capital, and Proximity: Value Addition through Monitoring in Private Equity Investments",kept,,,True,"© 2020 Michael G. Foster School of Business, University of Washington."
1017,2-s2.0-85120752873,Determinants and effects of Venture Capital and Private Equity: a literature analysis; [Determinanten und Effekte von Venture Capital und Private Equity: Eine Literaturanalyse],kept,,,True,"© 2021, List-Gesellschaft e.V."
1018,2-s2.0-85091123229,Effects of Foreign Investment on Domestic Private Equity,kept,,,True,"© 2020 Informa UK Limited, trading as Taylor & Francis Group."
1019,2-s2.0-85126569183,The role of private equity investments on exports: Evidence from OECD countries,kept,,,True,© 2022 Elsevier B.V.
1020,2-s2.0-85112510340,Commentary: Problems with the endowment model,kept,,,True,© 2021 Portfolio Management Research. All rights reserved.
1021,2-s2.0-85128916741,The decline of corporate governance and the transfer of wealth from public investors to private equity,excluded,missing_abstract,,True,
1022,2-s2.0-85118324966,Key investors and their strategies in the expansion of European student housing investment,kept,,,True,"© 2021 The Author(s). Published by Informa UK Limited, trading as Taylor & Francis Group."
1023,2-s2.0-85120075784,Hospital ownership and financial stability: A matched case comparison of a nonprofit health system and a private equity–owned health system,kept,,,True,© 2022 by Emerald Publishing Limited.
1024,2-s2.0-85113287416,Mobilising mainstream finance for a future clean energy transition: The case of Finland,kept,,,True,© 2021 Elsevier Ltd
1025,2-s2.0-85100904108,Deal or No Deal? Modelling the Impact of Brexit Uncertainty on UK Private Equity Activity,kept,,,True,© 2021 The Authors. British Journal of Management published by John Wiley & Sons Ltd on behalf of British Academy of Management
1026,2-s2.0-85117204739,"Turning over the Keys: Public Prisons, Private Equity, and the Normalization of Markets behind Bars",kept,,,True,© The Author(s) 2021. Published by Cambridge University Press on behalf of the American Political Science Association.
1027,2-s2.0-85131910140,Private equity and the regulation of financialised infrastructure: the case of Macquarie in Britain's water and energy networks,kept,,,True,"© 2022 The Author(s). Published by Informa UK Limited, trading as Taylor & Francis Group."
1028,2-s2.0-85115250331,Is the Jack Ma trajectory unique? Assessing the place-based hypothesis on entrepreneurial success,kept,,,True,"© 2021 The Author(s). Published by Informa UK Limited, trading as Taylor & Francis Group."
1029,2-s2.0-85153828700,Green Bonds in the System of International Environmental Financing of Industry 4.0 Projects,kept,,,True,"© The Editor(s) (if applicable) and The Author(s), under exclusive license to Springer Nature Switzerland AG 2022."
1030,2-s2.0-85135597263,Driving forces and current trends in private equity acquisitions within ophthalmology,kept,,,True,© 2022 Lippincott Williams and Wilkins. All rights reserved.
1031,2-s2.0-85152312191,Transformation of Microfinance and Financial as well as Social Inclusion in India,kept,,,True,"© 2023 selection and editorial matter, Ramesh Chandra Das; individual chapters, the contributors."
1032,2-s2.0-85135596173,Editorial: Private equity investment and ophthalmology: Why the discussion matters,excluded,missing_abstract,,True,
1033,2-s2.0-85182489261,Status and Development Trend of Artificial Intelligence Application in the Private Equity Industry,kept,,,True,"© The Author(s), under exclusive license to Springer Nature Singapore Pte Ltd 2023."
1034,2-s2.0-105038124039,Production InkJet Print Market: Key Drivers Fueling Its Adoption,kept,,,False,
1035,2-s2.0-85143862554,Comparative Analysis: Influence of Interest Rates on Returns of Real Estate Private Equity Index and Real Estate Public Equity Index,kept,,,True,© 2022 Manu Sharma.
1036,2-s2.0-85170175308,Value Creation for Owners and Directors: A Practical Guide on How to Lead your Business,kept,,,True,"© The Editor(s) (if applicable) and The Author(s), under exclusive licence to Springer Nature Switzerland AG 2023."
1037,2-s2.0-85135597271,Private equity acquisitions: Physician considerations at different stages of career,kept,,,True,© 2022 Lippincott Williams and Wilkins. All rights reserved.
1038,2-s2.0-85188004751,Development and analysis of a new dedicated stock market index of European listed space companies and comparison with existing ones,kept,,,True,Copyright © 2023 by the International Astronautical Federation (IAF). All rights reserved.
1039,2-s2.0-85112765727,Private Equity and Health Care Delivery: Value-Based Payment as a Guardrail?,excluded,missing_abstract,,True,
1040,2-s2.0-85174975847,Institutional Investors in the Single-Family Rental Market,kept,,,True,Copyright 2023 With Intelligence LLC.
1041,2-s2.0-85126072602,Surgical Dermatology and Private Equity: A Review of the Literature and Discussion,kept,,,True,© 2022 Lippincott Williams and Wilkins. All rights reserved.
1042,2-s2.0-85158918777,Corporate Practice of Medicine,kept,,,True,"© The Author(s), under exclusive license to Springer Nature Switzerland AG 2022."
1043,2-s2.0-85105035530,The evolution of private equity fund value,kept,,,True,© 2021 Portfolio Management Research. All rights reserved.
1044,2-s2.0-85138657283,Public or Private? Determining the Optimal Ownership Structure,kept,,,True,Copyright 2022 With Intelligence Ltd.
1045,2-s2.0-85124725524,THE STRATEGIC ROLE OF PRIVATE EQUITY IN THE INTERNATIONALIZATION OF ITALIAN SMEs,kept,,,True,"© 2021 Journal of Financial Management, Markets and Institutions. All Rights Reserved."
1046,2-s2.0-85179688798,Investing in Abolition,kept,,,True,© 2023 Georgetown Law Journal Association. All rights reserved.
1047,2-s2.0-85135596287,To sell or not to sell: Considerations when evaluating private equity acquisitions,kept,,,True,© 2022 Lippincott Williams and Wilkins. All rights reserved.
1048,2-s2.0-85149055312,Ethical issues surrounding private-equity involvement in dermatology,kept,,,True,© Springer Nature Switzerland AG 2021. All rights reserved.
1049,2-s2.0-85127541030,Sources of Value Creation in Private Equity Buyouts of Private Firms,kept,,,True,"© 2022 The Author(s) 2022. Published by Oxford University Press on behalf of the European Finance Association. All rights reserved. For permissions, please email: journals.permissions@oup.com."
1050,2-s2.0-105037406465,Financial Innovations and Monetary Reform: How to Get Out of the Debt Trap,kept,,,True,"© The Editor(s) (if applicable) and The Author(s), under exclusive license to Springer Nature Switzerland AG 2023."
1051,2-s2.0-85139463921,Ethical Dilemmas in Hawaii’s First Public-Private Venture Capital Fund,kept,,,True,"© 2021, NeilsonJournals Publishing. All rights reserved."
1052,2-s2.0-85169814336,The SOS PROTEUS Information Centre in the City of Kranj: A Public- Private Equity Partnership,excluded,missing_abstract,,True,
1053,2-s2.0-85109808208,Valuing Private Equity Investments Strip by Strip,kept,,,True,© 2021 the American Finance Association
1054,2-s2.0-85114087407,Trends in Funding and Acquisition of Surgical Practices by Private Equity Firms in the US from 2000 to 2020,excluded,missing_abstract,,True,
1055,2-s2.0-85181141134,Capturing Unicorns: A New Approach to Valuing Late-Stage VC-Backed Companies and Demystifying Private Markets,kept,,,True,© 2023 The Author(s).
1056,2-s2.0-85106362420,CapitalVX: A machine learning model for startup selection and exit prediction,kept,,,True,© 2021 The Authors
1057,2-s2.0-85144492989,Effects of chain ownership and private equity financing on quality in the English care home sector: retrospective observational study,kept,,,True,© 2022 The Author(s). Published by Oxford University Press on behalf of the British Geriatrics Society. All rights reserved.
1058,2-s2.0-85171681380,Thematic Investing with Big Data: The Case of Private Equity,kept,,,True,© 2023 CFA Institute. All rights reserved.
1059,2-s2.0-85138513964,Pricing and value creation in private equity-backed buy-and-build strategies,kept,,,True,© 2022 The Authors
1060,2-s2.0-85131256151,Tunneling Through Private Equity Placements: Evidence from Japan,kept,,,True,"© 2022 Su Chenchen, published by Sciendo."
1061,2-s2.0-85135596273,Transitioning from a standalone practice to a private equity-partnered practice and impact on clinical operations,kept,,,True,© 2022 Lippincott Williams and Wilkins. All rights reserved.
1062,2-s2.0-85135597247,How private equity achieves return on investment in ophthalmology,kept,,,True,© 2022 Lippincott Williams and Wilkins. All rights reserved.
1063,2-s2.0-85127121527,Retrospective overview of the journal venture capital using bibliometric approach,kept,,,True,"© 2022 Informa UK Limited, trading as Taylor & Francis Group."
1064,2-s2.0-85124737739,Artjewel: No Treasure for Posh Ventures,kept,,,True,Copyright 2021 With Intelligence Ltd.
1065,2-s2.0-85126687233,Toward a Preliminary Theory of Organizational Incentives: Addressing Incentive Misalignment in Private Equity-Owned Long-Term Care Facilities,kept,,,True,© 2022 The Author(s)
1066,2-s2.0-85111988765,Factors Influencing Performance of Private Equity Investment Funds Exit Through Mergers and Acquisitions,kept,,,True,"© 2021, The Author(s), under exclusive license to Springer Nature Switzerland AG."
1067,2-s2.0-85173404476,"Financialization, the Private Equity Industry and LBOs",kept,,,True,"© The Author(s), under exclusive license to Springer Nature Switzerland AG 2023."
1068,2-s2.0-85103446013,Development of infrastructure funds for the mobilization of private capital for of the infrastructure projects implementation,kept,,,True,"© The Authors, published by EDP Sciences, 2021."
1069,2-s2.0-85152315119,Raising Investment/Financing,kept,,,True,© 2021 by John Wiley and Sons Ltd.
1070,2-s2.0-85097129127,Trends in Private Equity Deals in Oral and Maxillofacial Surgery and Dentistry,excluded,missing_abstract,,True,
1071,2-s2.0-85150957389,"Financial frontiers: borders, conversions, enclosures",kept,,,True,"© 2023 Informa UK Limited, trading as Taylor & Francis Group."
1072,2-s2.0-85102652219,"Alternative investments, new organizational forms, and corporate governance",kept,,,True,© 2021 Academy of Management. All rights reserved.
1073,2-s2.0-85105278779,"Private equity investments in health care: An overview of hospital and health system leveraged buyouts, 2003–17",kept,,,True,"© 2021 Project HOPE— The People-to-People Health Foundation, Inc."
1074,2-s2.0-85139804877,"Blockchain, fintech, and islamic finance: Building the future in the new islamic digital economy",kept,,,True,"© 2022 Walter de Gruyter GmbH, Berlin/Boston."
1075,2-s2.0-85161443365,Theoretical Background,kept,,,True,"© 2022, The Author(s), under exclusive license to Springer Nature Switzerland AG."
1076,2-s2.0-85104049392,Asymmetric political attention across foreign and domestic private equity real estate investors,kept,,,True,"© 2021 Informa UK Limited, trading as Taylor & Francis Group."
1077,2-s2.0-85105213056,Is corporate governance of private equity targets more effective for risk mitigation?,kept,,,True,"© 2021, The Author(s)."
1078,2-s2.0-85115780932,Market timing in private equity placements: Empirical evidence from China,kept,,,True,© 2021 Elsevier B.V.
1079,2-s2.0-85129141979,What matters for private investment in renewable energy?,kept,,,True,"© 2022 The Author(s). Published by Informa UK Limited, trading as Taylor & Francis Group."
1080,2-s2.0-85212467558,A Study on the Impact of Real Estate Firm Characteristics on the Exit Mode of Private Equity Investors Based on Logistics Regression Model,kept,,,True,"© The Author(s), under exclusive license to Springer Nature Singapore Pte Ltd. 2022."
1081,2-s2.0-85165896178,Agriculture as an Asset Class in the Alternative Investments Space,kept,,,True,"© 2023, The Author(s), under exclusive license to Springer Nature Switzerland AG."
1082,2-s2.0-85187413936,Venture capital and private equity: Catalysing the solar sector,excluded,missing_abstract,,True,
1083,2-s2.0-85110283143,A cryptocurrency risk–Return analysis for bull and bear regimes,kept,,,True,© 2021 The Journal of Alternative Investments. All rights reserved.
1084,2-s2.0-85197107480,Start-Up Space: Global Investment Trends,kept,,,True,"© 2023, American Institute of Aeronautics and Astronautics Inc, AIAA. All rights reserved."
1085,2-s2.0-85130529498,Private equity and Covid-19,kept,,,True,© 2022 Elsevier Inc.
1086,2-s2.0-85123122152,The changing world of IVF: the pros and cons of new business models offering assisted reproductive technologies,kept,,,True,"© 2022, The Author(s), under exclusive licence to Springer Science+Business Media, LLC, part of Springer Nature."
1087,2-s2.0-85130167849,Fund model innovations for circular economy investing,kept,,,True,"© Siri Jakobsen, Thomas Lauvås, Francesco Quatraro, Einar Rasmussen and Marianne Steinmo 2021."
1088,2-s2.0-85174065490,PRIVATE EQUITY INVESTMENT IN PRIVATE FOR-PROFIT HEALTHCARE IN AUSTRALIA AND NEW ZEALAND: A SCOPING REVIEW,kept,,,True,© 2023 WITPress. All rights reserved.
1089,2-s2.0-85210689630,The Impact of COVID-19 on Institutional Single Family Institutional Investors in Growing U.S. Markets,kept,,,True,"© The Editor(s) (ifapplicable) and The Author(s), under exclusive license to Springer Nature Singapore Pte Ltd. 2023."
1090,2-s2.0-85135485358,Status hierarchies and norm diffusion: the increase of top incomes in high finance,kept,,,True,© 2021 The Author(s). Published by Oxford University Press and the Society for the Advancement of Socio-Economics. All rights reserved.
1091,2-s2.0-85101281564,"Growth of private equity in dermatology through acquisitions and new clinic formation, 2018 to 2019",excluded,missing_abstract,,True,
1092,2-s2.0-85101908289,Is private equity different from public equity?,kept,,,True,© 2021 Journal of Wealth Management. All rights reserved.
1093,2-s2.0-85107810431,The value added by private equity in mergers and acquisitions by financial institutions,kept,,,True,"© 2021 Informa UK Limited, trading as Taylor & Francis Group."
1094,2-s2.0-85082418581,When the going gets tough: Private equity firms’ role as agents and the resolution of financial distress in buyouts,kept,,,True,© 2020 International Council for Small Business.
1095,2-s2.0-85135828872,Corporate Governance and Responsible Investment in Private Equity,kept,,,True,© Simon Witney 2021.
1096,2-s2.0-85113170041,Private Equity Exit Strategies and Profitability During the Global Pandemic: Evidence from Around the World,kept,,,True,© 2021 British Academy of Management and Wiley Periodicals LLC
1097,2-s2.0-85105203037,Health care policy and law acquisitions of hospice agencies by private equity firms and publicly traded corporations,excluded,missing_abstract,,True,
1098,2-s2.0-85182464054,Private Equity Investment in Fintech,kept,,,True,"© The Author(s), under exclusive license to Springer Nature Singapore Pte Ltd 2023."
1099,2-s2.0-85099585021,Association of private equity ownership with increased employment of advanced practice professionals in outpatient dermatology offices,excluded,missing_abstract,,True,
1100,2-s2.0-85137860579,Perspectives on Private Equity and Venture Capital,kept,,,True,"Copyright © 2022 by The American Association of Immunologists, Inc."
1101,2-s2.0-85118538679,Financial profit in medicine: A position paper from the american college of physicians,kept,,,True,© 2021 American College of Physicians. All rights reserved.
1102,2-s2.0-85090982307,Can investors time their exposure to private equity?,kept,,,True,© 2020
1103,2-s2.0-85104572746,Research on the Influencing Factors of Establishing Buyout Fund and Value Creation Benefits,kept,,,True,© Published under licence by IOP Publishing Ltd.
1104,2-s2.0-85112084100,"Correction to: Mapping research in the field of private equity: a bibliometric analysis (Management Review Quarterly, (2021), 10.1007/s11301-021-00231-y)",kept,,,True,"© The Author(s), under exclusive licence to Springer Nature Switzerland AG 2021."
1105,2-s2.0-85137795788,LloydsPharmacy parent company sells UK businesses to private equity firm,excluded,missing_abstract,,True,
1106,2-s2.0-85147680720,The Effects of Public and Private Equity Markets on Firm Behavior,kept,,,True,© 2022 by Annual Reviews.
1107,2-s2.0-85147504322,Geographic Variation in Private Equity Penetration Across Select Office-Based Physician Specialties in the US,excluded,missing_abstract,,True,
1108,2-s2.0-85120973726,Global leveraged buyout deal performance: A cross-border cross-cultural perspective,kept,,,True,© 2021 Elsevier B.V.
1109,2-s2.0-85191940079,Identifying the conditions for a successful business transfer: The case of the Owner Buy Out (OBO); [Identification des conditions de réussite d’une transmission d’entreprise: le cas de l’Owner Buy Out (OBO)],kept,,,True,© 2021 ISEOR. All rights reserved.
1110,2-s2.0-85107208705,Exploring market multiples accuracy for professional practices: sales is the value anchor but profitability and location matter too,kept,,,True,"© 2021, The Author(s), under exclusive licence to Springer Science+Business Media, LLC, part of Springer Nature."
1111,2-s2.0-85143096300,ISLAMIC FINANCIAL MARKETS AND INSTITUTIONS,kept,,,True,© 2023 Abul Hassan.
1112,2-s2.0-85113743376,How Do Investors Assess Water Risks?,kept,,,True,"© 2021, The Author(s), under exclusive license to Springer Nature Switzerland AG."
1113,2-s2.0-85161148606,Research on Supply Chain Financing Mode of New Energy Vehicle Industry,kept,,,True,"© 2023, The Author(s), under exclusive license to Springer Nature Singapore Pte Ltd."
1114,2-s2.0-105040017109,APPLICATIONS OF FINTECH AND BLOCKCHAIN-BASED SOLUTIONS IN GREEN FINANCE; [FINTECH ÉS BLOKKLÁNC ALAPÚ MEGOLDÁSOK ALKALMAZÁSI LEHETŐSÉGEI A ZÖLD PÉNZÜGYEKBEN],kept,,,True,"© 2022, Corvinus University of Budapest. All rights reserved."
1115,2-s2.0-85105685466,"Finance’s Social License? Sugar, Farmland and Health",kept,,,True,© 2021 The Author(s);.
1116,2-s2.0-85150879389,The New ESG Bond Markets,kept,,,True,"© The Editor(s) (if applicable) and The Author(s), under exclusive license to Springer Nature Switzerland AG 2022."
1117,2-s2.0-85099554526,Do stressed PE firms misbehave?,kept,,,True,© 2020 Elsevier B.V.
1118,2-s2.0-85176274577,"Colorart grows, cenveo shrinks",kept,,,False,
1119,2-s2.0-85104405093,Valuing start-up firms: A reverse-engineering approach for fair-value multiples from venture capital transactions,kept,,,True,© 2021 Elsevier Inc.
1120,2-s2.0-85130210833,Technological and Entrepreneurial Factors as Drivers of Private Equity Funding in Morocco,kept,,,True,"© 2022, The Author(s), under exclusive license to Springer Nature Switzerland AG."
1121,2-s2.0-85133914777,“Fixing” the nuclear waste problem? The new political economy of spent fuel management in the United States,kept,,,True,© 2022 Elsevier Ltd
1122,2-s2.0-85137791889,How private equity-backed buyout contracts shape corporate governance,kept,,,True,"© 2022 Informa UK Limited, trading as Taylor & Francis Group."
1123,2-s2.0-85187990295,THE SPACESCAPE: UNDERSTANDING THE BREADTH OF INVESTMENT IN THE SPACE INDUSTRY,kept,,,True,Copyright © 2023 by the International Astronautical Federation (IAF). All rights reserved.
1124,2-s2.0-85135597432,Implications of the presence of private equity in ophthalmology: An academic perspective,kept,,,True,© 2022 Lippincott Williams and Wilkins. All rights reserved.
1125,2-s2.0-85108570987,Profile of Devan Chemicals: a leader in functional textile finishes,kept,,,True,© 2021 Textiles Intelligence Limited. All Rights Reserved.
1126,2-s2.0-105012137871,PRIVATE COST OF CAPITAL AND INCREMENTAL BUSINESS VALUE OF MID-MARKET FIRMS,kept,,,True,"© 2021, Universiti Putra Malaysia Press. All rights reserved."
1127,2-s2.0-85140259365,ESG criteria in alternative investments,kept,,,True,"© The Author(s), under exclusive license to Springer Nature Switzerland AG 2021."
1128,2-s2.0-85087308637,"Information Asymmetries in Private Equity: Reporting Frequency, Endowments, and Governance",kept,,,True,"© 2020, Springer Nature B.V."
1129,2-s2.0-85104774077,The social enterprise phenomenon in the georgian context,kept,,,True,© 2021 Taylor & Francis.
1130,2-s2.0-85173322359,"Asset Allocation and Private Markets: A Guide to Investing with Private Equity, Private Debt and Private Real Assets",kept,,,True,"© 2021 Cyril Demaria, Maurice Pedergnana, Rémy He and Roger Rissi."
1131,2-s2.0-85106067870,Growth and Performance of Private Equity and Venture Capital Activity in Emerging Markets,kept,,,True,"© 2021 Taylor & Francis Group, LLC."
1132,2-s2.0-85102680161,"Venture Capital-Backed Firms, Unavoidable Value-Destroying Trade Sales, and Fair Value Protections",kept,,,True,"© 2021, The Author(s)."
1133,2-s2.0-85182473871,International Practice of Technology Applications in the Private Equity Industry,kept,,,True,"© The Author(s), under exclusive license to Springer Nature Singapore Pte Ltd 2023."
1134,2-s2.0-85121362902,Choice between rights issue and private placements of equity and the role of information asymmetry,kept,,,True,"© 2021, Emerald Publishing Limited."
1135,2-s2.0-85099910431,"Same same, but different: capital structures in single family offices compared with private equity firms",kept,,,True,"© 2021, The Author(s)."
1136,2-s2.0-85097465795,Space environment management: Framing the objective and setting priorities for controlling orbital debris risk,kept,,,True,© 2020
1137,2-s2.0-85112458190,Hedge funds and their prime brokers: Favorable ipo allocations,kept,,,True,© Journal of Portfolio Management 2021.
1138,2-s2.0-85129178653,Association between Hospital Private Equity Acquisition and Outcomes of Acute Medical Conditions among Medicare Beneficiaries,kept,,,True,© 2022 BMJ Publishing Group. All rights reserved.
1139,2-s2.0-85126324089,A Novel Approach to Risk Parity: Diversification across Risk Factors and Market Regimes,kept,,,True,© 2022 With Intelligence Ltd.
1140,2-s2.0-85205203741,"Private Equity Financing in Infrastructure and Real Estate: Impact, Strategies, and Value Addition",kept,,,True,© Springer Nature Singapore Pte Ltd. 2023.
1141,2-s2.0-85173655232,"Pension funds and private equity real estate: History, performance, pathologies, risks",excluded,missing_abstract,,True,
1142,2-s2.0-85132619023,The Global Wealth Chains of Private-Equity-Run Physician Practices,kept,,,True,© 2022 The Authors. Tijdschrift voor Economische en Sociale Geografie published by John Wiley & Sons Ltd on behalf of Royal Dutch Geographical Society / Koninklijk Nederlands Aardrijkskundig Genootschap.
1143,2-s2.0-85138544194,Performance analysis of agribusiness companies: a study in Brazil,kept,,,True,"© 2022, Universidade Federal Rural de Pernambuco. All rights reserved."
1144,2-s2.0-105036603969,Building a Sustainable Brand in Specialty Chemicals (Carve Out from a Big Corporate),kept,,,True,"© The Author(s), under exclusive license to Springer Nature Switzerland AG 2021."
1145,2-s2.0-85153665934,"The Economics of Infrastructure in Cameroon: State, Challenges, and Policy Reforms",kept,,,True,© Oxford University Press 2022. All rights reserved.
1146,2-s2.0-85135466653,The Valuation of Illiquid Assets: A Focus on Private Equity and Real Estate,kept,,,True,© Solar-Terrestrial Physics.All right reserved.
1147,2-s2.0-85087067307,Managerial Skill and European PERE Fund Performance,kept,,,True,"© 2020, The Author(s)."
1148,2-s2.0-85182486827,Technology Applications in Private Equity Regulation,kept,,,True,"© The Author(s), under exclusive license to Springer Nature Singapore Pte Ltd 2023."
1149,2-s2.0-85130491255,PHENOMENON OF DIRECT INVESTMENTS THAT ARE NOT ASSOCIATED WITH “CLASSIC” TNCS,kept,,,True,"© 2022, Russian Academy of Sciences. All rights reserved."
1150,2-s2.0-85188008955,Start-up Space: Global Investment Trends,kept,,,True,Copyright © 2023 by BryceTech. Published by the IAF with permission and released to the IAF to publish in all forms.
1151,2-s2.0-85105106304,LBO and VC investments in recent crises,kept,,,True,© 2021 Portfolio Management Research. All rights reserved.
1152,2-s2.0-85127445178,Rethinking the M&A process: Learning private equity’s secret to outperforming corporate strategic acquirers,kept,,,True,"© 2022, Emerald Publishing Limited."
1153,2-s2.0-85179252945,"A DIRECTOR’S GUIDE TO GOVERNANCE IN THE BOARDROOM: ACROSS THE PRIVATE, PUBLIC, AND VOLUNTARY SECTORS",kept,,,True,"© 2022 selection and editorial matter, Arturo Langa and Monica Langa."
1154,2-s2.0-85105065378,"Which cat to bell? Investment duration, exit type, and returns in venture investments",kept,,,True,© 2021 University College Dublin in Dublin. All rights reserved.
1155,2-s2.0-85172087863,"Physician Crisis: Why Physicians Are Leaving Medicine, Why You Should Stay, and How To Be Happy",kept,,,True,"© The Editor(s) (if applicable) and The Author(s), under exclusive license to Springer Nature Switzerland AG 2023."
1156,2-s2.0-85144850138,"Human Resources, Investor Composition and Performance of Venture Funds: Focused on the Stakeholders of Venture Funds",kept,,,True,© 2022 by the authors.
1157,2-s2.0-85121917201,Urology Practice Acquisitions by Private Equity Firms from 2011e2021,kept,,,True,"© 2021 by AMERICAN UROLOGICAL ASSOCIATION EDUCATION AND RESEARCH, INC."
1158,2-s2.0-85159070821,"The Time-Varying Link of Public Timber REITs with Private Timberland, Real Estate, and Financial Assets",kept,,,True,© The Author(s) 2022.
1159,2-s2.0-85163215042,Start-Up Investor Governance Case,kept,,,True,"© 2021, The Author(s)."
1160,2-s2.0-85147658287,Association of Private Equity Acquisition of Physician Practices with Changes in Health Care Spending and Utilization,kept,,,True,© 2022 Authors. All rights reserved.
1161,2-s2.0-85139815112,Advanced introduction to private equity,kept,,,True,© Paul A. Gompers and Steven N. Kaplan 2022. All rights reserved.
1162,2-s2.0-85116323976,Private Equity Buyouts and Workplace Safety,kept,,,True,"© 2021 The Author(s) 2021. Published by Oxford University Press on behalf of The Society for Financial Studies. All rights reserved. For permissions, please e-mail: journals.permissions@oup.com."
1163,2-s2.0-85100882156,The development of collateral stripping by distressed borrowers,kept,,,True,© The Author(s) (2020). Published by Oxford University Press. All rights reserved.
1164,2-s2.0-85163151761,Real Estate Private Equity Investing in China: From a Practitioner’s Perspective,kept,,,True,"© 2021, The Author(s), under exclusive license to Springer Nature Switzerland AG."
1165,2-s2.0-85152246408,Private Equity and Venture Capital in Germany: How Europe’s Heartland is Poised to Become the Next Bay Area,kept,,,True,© 2023 by Jake Besanceney Northwestern Journal of International Law & Business.
1166,2-s2.0-85165374059,NEWSPACE COMPANIES: Incorporating and financing operations,kept,,,True,"© 2024 selection and editorial matter, Lesley Jane Smith, Ingo Baumann, and Susan-Gale Wintermuth; individual chapters, the contributors."
1167,2-s2.0-85108302955,Ethical and professionalism implications of physician employment and health care business practices: A policy paper from the American College of Physicians,kept,,,True,© 2021 American College of Physicians. All rights reserved.
1168,2-s2.0-85145956728,Workforce Composition In Private Equity-Acquired Versus NonPrivate Equity-Acquired Physician Practices,kept,,,True,"© 2023, Project HOPE. All rights reserved."
1169,2-s2.0-85144090469,Dermatoethics: Contemporary ethics and professionalism in dermatology,kept,,,True,© Springer Nature Switzerland AG 2021. All rights reserved.
1170,2-s2.0-85131563625,Private equity and growth,kept,,,True,"© 2022, The Author(s), under exclusive licence to Springer Science+Business Media, LLC, part of Springer Nature."
1171,2-s2.0-85105336339,"Private equity in dermatology: Effect on price, utilization, and spending",kept,,,True,"© 2021 Project HOPE— The People-to-People Health Foundation, Inc."
1172,2-s2.0-85112080999,How cultural distance affects the formation of international strategic alliance – an explanation of the transaction costs theory,kept,,,True,"© 2021, Emerald Publishing Limited."
1173,2-s2.0-85101131865,The influence of behavioral factors on SMES’ owners intention to adopt private finance,kept,,,True,© 2021 The Author(s)
1174,2-s2.0-85133060549,INTRODUCING HEDGE FUNDS,kept,,,True,© Oxford University Press 2021.
1175,2-s2.0-85167583292,Start-up Space: Global Investment Trends,kept,,,True,© 2022 by the International Astronautical Federation (IAF). All rights reserved.
1176,2-s2.0-85123398398,Proximal Policy Optimisation for a Private Equity Recommitment System,kept,,,True,"© 2022, Springer Nature Switzerland AG."
1177,2-s2.0-85109939648,Institutional investors and infrastructure investing,kept,,,True,© 2021 The Authors 2021. Published by Oxford University Press.
1178,2-s2.0-85120809234,The positive externalities of leveraged buyouts,kept,,,True,© 2021 Elsevier B.V.
1179,2-s2.0-85158052196,Solving the giving Pledge Bottleneck: How to finance social and environmental challenges using venture philanthropy at scale,kept,,,True,"© The Editor(s) (if applicable) and The Author(s), under exclusive license to Springer Nature Switzerland AG 2021. All rights reserved."
1180,2-s2.0-85178019827,Performance measures of startups,kept,,,True,© 2023 Inderscience Enterprises Ltd.
1181,2-s2.0-85135959827,Are private equity and venture capital helping small and medium-sized enterprises during the COVID-19 pandemic? Evidence from China,kept,,,True,"© 2022 Economic Society of Australia, Queensland"
1182,2-s2.0-85125479240,"Disrupting the biological clock: Fertility benefits, egg freezing and proactive fertility management",kept,,,True,© 2021
1183,2-s2.0-85165017013,Takahashi–Alexander Revisited: Modeling Private Equity Portfolio Outcomes Using Historical Simulations,kept,,,True,© 2023 Authors. All rights reserved.
1184,2-s2.0-85112498729,Renaissance of alternate finance: Bibliometric visualization of private equity and venture capital,kept,,,True,"© 2021 University of Debrecen, Institute of Mathematics. All rights reserved."
1185,2-s2.0-85145829971,Performance Assessment of “Buy-and-Build” Strategies Applied in Digital-Driven Corporate Venturing,kept,,,True,"© 2022, International Journal of Technology.All Rights Reserved."
1186,2-s2.0-85118573378,Architectural dimensions of socially driven venture capital firms: social innovation in the capital markets,kept,,,True,"© 2021, Raymond J. Jones and Manjula S. Salimath."
1187,2-s2.0-85126590939,Hospice Acquisitions by Profit-Driven Private Equity Firms,excluded,missing_abstract,,True,
1188,2-s2.0-85126509865,An Inside Peek at AI Use in Private Equity,kept,,,True,© 2021 With Intelligence Ltd.
1189,2-s2.0-85105882550,Behavior of stock prices due to the lock-up period expiration in IPOs and follow-ons,kept,,,True,© 2021 Universidade de Sao Paulo. All rights reserved.
1190,2-s2.0-85114220614,The propensity of a tech startup to approach a financial source: an analysis of its determinants over the lifecycle,kept,,,True,© IEOM Society International.
1191,2-s2.0-85131062406,The potential of alternative investments as an asset class: a thematic and bibliometric review,kept,,,True,"© 2020, Emerald Publishing Limited."
1192,2-s2.0-85125635680,"Buy low, sell high? Do private equity fund managers have market timing abilities?",kept,,,True,© 2022
1193,2-s2.0-85127505113,Financial Impacts And Operational Implications Of Private Equity Acquisition Of US Hospitals,kept,,,True,"© 2022, Project HOPE. All rights reserved."
1194,2-s2.0-105008607924,Startup Valuation: From Strategic Business Planning to Digital Networking,kept,,,True,"© The Editor(s) (if applicable) and The Author(s), under exclusive license to Springer Nature Switzerland AG 2021. All rights reserved."
1195,2-s2.0-85107150824,"Linking real estate data with entrepreneurial ecosystems: Coworking spaces, funding and founding activity of start-ups",kept,,,True,© 2021
1196,2-s2.0-85123983464,Valuation of Mass Shoe Last Company Limited,kept,,,True,"© 2022, The Author(s), under exclusive license to Springer Nature Switzerland AG."
1197,2-s2.0-85175492577,Sustainability Disclosure and Financial Performance: The Case of Private and Public Real Estate,kept,,,True,© 2023 With Intelligence LLC.
1198,2-s2.0-105039432486,Corporate Finance: Fundamentals of Value and Price,kept,,,True,"© The Editor(s) (if applicable) and The Author(s), under exclusive license to Springer Nature Switzerland AG 2023."
1199,2-s2.0-85126925233,Transitioning to a dental services organization: An emerging trend in orthodontic practice transitions,kept,,,True,© 2022
1200,2-s2.0-85099602371,"Insurance Acceptance, Appointment Wait Time, and Dermatologist Access across Practice Types in the US",kept,,,True,© 2021 American Medical Association. All rights reserved.
1201,2-s2.0-85161384969,A Snapshot of Private Equity and Venture Capital Industry: Pre- and Post-crisis,kept,,,True,"© 2022, The Author(s), under exclusive license to Springer Nature Switzerland AG."
1202,2-s2.0-85089860201,What owns the land: the corporate organization of farmland investment,kept,,,True,"© 2020 Informa UK Limited, trading as Taylor & Francis Group."
1203,2-s2.0-85125746177,Association of Physician Management Companies and Private Equity Investment With Commercial Health Care Prices Paid to Anesthesia Practitioners,kept,,,True,© 2022 American Medical Association. All rights reserved
1204,2-s2.0-85112530267,Getting financial markets to work for climate finance,kept,,,True,© 2021 Authors.
1205,2-s2.0-85163194309,Sovereign Wealth Funds' (SWFs') Social Media Strategies,kept,,,True,"© the authors, 2023. All Rights Reserved."
1206,2-s2.0-85121556708,Private Equity Acquisition And Responsiveness To Service-Line Profitability At Short-Term Acute Care Hospitals,kept,,,True,"© 2021 Project HOPE—The People-to-People Health Foundation, Inc."
1207,2-s2.0-85140991300,Entrepreneur's incentives for risk-taking and short-term debt,kept,,,True,© 2022 Elsevier Inc.
1208,2-s2.0-85121601573,The construction and application of a quantitative trading system based on a trading model that repeatedly trades at the same price,kept,,,True,© 2021 SPIE.
1209,2-s2.0-85135597733,Private equity ownership of ophthalmology practices: How does it impact clinical research?,kept,,,True,© 2022 Lippincott Williams and Wilkins. All rights reserved.
1210,2-s2.0-85129466111,Permanent private equity: Market performance and transactions,kept,,,True,© 2022 The Authors. Journal of Financial Research published by Wiley Periodicals LLC on behalf of The Southern Finance Association and the Southwestern Finance Association.
1211,2-s2.0-85101920571,Valuing a lost opportunity: An alternative perspective on the illiquidity discount,kept,,,True,© 2021 Portfolio Management Research. All rights reserved.
1212,2-s2.0-85104722530,Macro factor model: Application to liquid private portfolios,kept,,,True,© 2021 Journal of Portfolio Management. All rights reserved.
1213,2-s2.0-85132025257,How Does Past Experience Impact Hedge Fund Activism?,kept,,,True,©
1214,2-s2.0-85166040024,Ensemble Models Using Symbolic Regression and Genetic Programming for Uncertainty Estimation in ESG and Alternative Investments,kept,,,True,"© The Editor(s) (if applicable) and The Author(s), under exclusive license to Springer Nature Switzerland AG 2022."
1215,2-s2.0-85113230557,Friend or foe? Corporate scandals and foreign attempts to restructure Japan,kept,,,True,"© 2021, Japan Focus. All rights reserved."
1216,2-s2.0-85123025191,Trends in Private Equity Acquisition of Orthopaedic Surgery Practices in the United States,kept,,,True,© 2022 American Academy of Orthopaedic Surgeons.
1217,2-s2.0-85106641706,Determining the Characteristics of the Private Equity Targets: UK Evidence,kept,,,True,© 2021 The Authors. British Journal of Management published by John Wiley & Sons Ltd on behalf of British Academy of Management.
1218,2-s2.0-86000387693,What Determines the Success of an IPO? Analysis of IPO Underpricing on the Warsaw Stock Exchange,kept,,,True,"© 2021 Pawel Malachowski et al., published by Sciendo."
1219,2-s2.0-85135597972,Contractual considerations in the private equity era,kept,,,True,© 2022 Lippincott Williams and Wilkins. All rights reserved.
1220,2-s2.0-85132342416,"The economics of PIPEs, revisited",kept,,,True,"© 2022, The Author(s)."
1221,2-s2.0-85099511791,Cross-border buyout pricing,kept,,,True,"© 2020, The Author(s)."
1222,2-s2.0-85105118926,Endowment performance,kept,,,True,© 2021 Portfolio Management Research. All rights reserved.
1223,2-s2.0-85142366909,Ownership Change and Care Quality: Lessons From Minnesota's Experience With Value-Based Purchasing,kept,,,True,© 2022 The Author(s). Published by Oxford University Press on behalf of The Gerontological Society of America.
1224,2-s2.0-85128247681,Recent Trends in Private Equity Acquisition of Orthopaedic Practices in the United States,kept,,,True,© American Academy of Orthopaedic Surgeons.
1225,2-s2.0-85127409181,Financial versus strategic bidders and underpricing as an acquisition motive,kept,,,True,© 2022 The Authors. Journal of Business Finance & Accounting published by John Wiley & Sons Ltd.
1226,2-s2.0-85122277902,What Is the Potential Impact of Private Equity Acquisitions Regarding Plastic Surgery Practices?,excluded,missing_abstract,,True,
1227,2-s2.0-85102997495,Public–private entrepreneurial financing partnership model in Nigeria,kept,,,True,© 2021 Wiley Periodicals LLC.
1228,2-s2.0-85139327339,Family offices as startup investors: A synergetic relationship of the old and new economy?,kept,,,True,"© 2022 Walter de Gruyter GmbH, Berlin/Boston."
1229,2-s2.0-105023242820,"The Financialization of Land and Agriculture: Mechanisms, Implications and Responses",kept,,,True,© Cambridge University Press 2022.
1230,2-s2.0-85099055541,The More the Merrier? Diversity and Private Equity Performance,kept,,,True,© 2021 The Authors. British Journal of Management Published by John Wiley & Sons Ltd on behalf of British Academy of Management
1231,2-s2.0-85133041722,"VENTURE CAPITAL, ANGEL CAPITAL, AND OTHER FINANCE, IPOS, AND ACQUISITIONS",kept,,,True,© Oxford University Press 2021.
1232,2-s2.0-85164322121,Private Equity Pieces Together Print and Packaging: September 2022 Merger Activity,excluded,missing_abstract,,True,
1233,2-s2.0-85182492430,Technology Applications in Private Equity Compliance Management,kept,,,True,"© The Author(s), under exclusive license to Springer Nature Singapore Pte Ltd 2023."
1234,2-s2.0-85132544913,A Study of Private Equity Rounds of Entrepreneurial Finance in EU: Are Buyout Funds Uninvited Guests for Startup Ecosystems?,kept,,,True,"© 2022 by the authors. Licensee MDPI, Basel, Switzerland."
1235,2-s2.0-85117239423,Private portfolio attribution analysis,kept,,,True,© Journal of Alternative Investments 2021.
1236,2-s2.0-85092913728,Leveraged Buyouts and Innovation: Enhancing Business Acquisition Outcomes,kept,,,True,© 1973-2011 IEEE.
1237,2-s2.0-85082412783,The role of political capital on private equity placement acquisition for Chinese publicly listed private sector enterprises,kept,,,True,"© 2020 Informa UK Limited, trading as Taylor & Francis Group."
1238,2-s2.0-85137910253,The Value of Smoothing,kept,,,True,© 2022 South African Academy for Science and the Arts. All rights reserved.
1239,2-s2.0-85148423926,Reliability of interim performance in private equity funds,kept,,,True,"© 2023 Informa UK Limited, trading as Taylor & Francis Group."
1240,2-s2.0-85134235583,Cryptocurrencies: from characteristics to behaviours,kept,,,True,Copyright © 2022 Inderscience Enterprises Ltd.
1241,2-s2.0-85092244465,Winning a deal in private equity: Do educational ties matter?,kept,,,True,© 2020 Elsevier B.V.
1242,2-s2.0-85158894867,Private Equity Should Take the Lead in Sustainability,excluded,missing_abstract,,True,
1243,2-s2.0-85129245265,Make Hay While the Sun Shines: Private Equity and the False Claims Act,kept,,,True,© 2021 Vanderbilt Law Review. All rights reserved.
1244,2-s2.0-85176230832,Industry News,kept,,,False,
1245,2-s2.0-85108271186,Analysis of public policies and programmes towards water security in post-Apartheid South Africa,kept,,,True,© 2021 IWA Publishing. All rights reserved.
1246,2-s2.0-85190586866,New Perspectives for the Regulation of the Electricity Sector; [Novas Perspetivas para a Regulação do Setor Elétrico],kept,,,True,"© 2021, Imprensa da Universidade de Coimbra. All rights reserved."
1247,2-s2.0-85101255435,Private Equity Transactions: Perceptions of U.S. Vitreoretinal Surgery Fellows,excluded,missing_abstract,,True,
1248,2-s2.0-85099261296,Characteristics of private equity return: Evidence from Brazil,kept,,,True,"© This is an Open Access article, distributed under the terms of the Creative Commons Attribution 4.0 International license, which permits unrestricted re-use, distribution, and reproduction in any medium, provided the original work is properly cited."
1249,2-s2.0-85128911269,Does Rare Whisky Add Value in Multi-Asset Portfolios?,kept,,,True,© 2022 Portfolio Management Research. All right reserved.
1250,2-s2.0-85137696656,Highlights of Private Equity and Venture Capital Valuation,kept,,,True,"© 2022, The Author(s), under exclusive license to Springer Nature Switzerland AG."
1251,2-s2.0-85105532232,Gastroenterology Physician Practice Management and Private Equity: Thriving in Uncertain Times,excluded,missing_abstract,,True,
1252,2-s2.0-85102953002,Private equity and physician medical practices — Navigating a changing ecosystem,excluded,missing_abstract,,True,
1253,2-s2.0-85135596862,Private equity in ophthalmology: Differences between present versus past,kept,,,True,© 2022 Lippincott Williams and Wilkins. All rights reserved.
1254,2-s2.0-85160771717,"Africa’s Air Transport Infrastructure: Challenges, Complexities and Opportunities",kept,,,True,"© 2023, The Author(s), under exclusive license to Springer Nature Switzerland AG."
1255,2-s2.0-85147876418,What drives private equity investments returns – evidence from African investments,kept,,,True,Copyright © 2022 Inderscience Enterprises Ltd.
1256,2-s2.0-85182482179,Private Equity in the Age of Fintech,kept,,,True,"© The Author(s), under exclusive license to Springer Nature Singapore Pte Ltd 2023."
1257,2-s2.0-85161361778,Research Design,kept,,,True,"© 2022, The Author(s), under exclusive license to Springer Nature Switzerland AG."
1258,2-s2.0-85135798135,Reconciling Limited Partners’ Cash-Flow Forecasting with the Look-Through for AIFs,kept,,,True,Copyright 2022 With Intelligence Ltd.
1259,2-s2.0-85125458458,Evaluating the Viability of the Ghan Airport Cargo Centre as a Public-Private Partnership Project,kept,,,True,"© 2022, Springer Nature Switzerland AG."
1260,2-s2.0-85124343701,Family business valuation in emerging economies: the arcor case,kept,,,True,"© 2021, Emerald Publishing Limited."
1261,2-s2.0-85182464984,Technology Innovation and Private Equity,kept,,,True,"© The Author(s), under exclusive license to Springer Nature Singapore Pte Ltd 2023."
1262,2-s2.0-85130546479,Private equity market structure based on Shapley value,kept,,,True,"© 2022, Editorial Board of Journal of Systems Engineering Society of China. All right reserved."
1263,2-s2.0-85112642581,Neoliberal education and the neoliberal digital classroom,kept,,,True,"© 2021 Informa UK Limited, trading as Taylor & Francis Group."
1264,2-s2.0-85182483282,Technology Applications in Private Equity Anti-Money Laundering,kept,,,True,"© The Author(s), under exclusive license to Springer Nature Singapore Pte Ltd 2023."
1265,2-s2.0-85105956588,Investor-owned Health Care: The Hidden Blight on America’s “System”,kept,,,True,© The Author(s) 2021.
1266,2-s2.0-85140326312,Cash for Calls: A Quantitative Approach to Managing Liquidity for Capital Calls,kept,,,True,© Journal of Alternative Investments.All rights reserved.
1267,2-s2.0-85135297784,"CAPITAL CHOICES: Sectoral Politics and the Variation of Sovereign Wealth, Revised Edition",kept,,,True,"© 2019, 2022 by Juergen Braunstein. All rights reserved."
1268,2-s2.0-85136724693,"Defense Contractors, Private Equity Firms, and US National Security",kept,,,True,© 2022 The Author(s) (2022). Published by Oxford University Press on behalf of the International Studies Association.
1269,2-s2.0-85098053809,Private Equity Buyouts in Japan: Effects on Employment Numbers,kept,,,True,© 2020 The Authors
1270,2-s2.0-85123459265,"Global inequality in sub-fertility treatment needs safer, cost effective, evidence-based and economically viable choices for patients and stakeholders",kept,,,True,"© 2022, Sociedade Brasileira de Reproducao Assistida. All rights reserved."
1271,2-s2.0-85140574097,Unveiling Latent Structure of Venture Capital Syndication Networks,kept,,,True,© 2022 by the authors.
1272,2-s2.0-85057123566,The coming wave of small business succession and the role of stakeholder synergy theory,kept,,,True,© 2018 Elsevier Inc.
1273,2-s2.0-85142790088,CHINA-ASEAN COOPERATION FUND,kept,,,True,"© 2022 selection and editorial matter, Cai Fang, Peter Nolan, Wang Linggui; individual chapters, the contributors."
1274,2-s2.0-85102301227,Private Equity and Urology: An Emerging Model for Independent Practice,kept,,,True,© 2020 The Author(s)
1275,2-s2.0-85143423714,WHY ARE PRIVATE EQUITY TRANSACTIONS INSURED? A NEO-INSTITUTIONAL THEORY PERSPECTIVE,kept,,,True,© 2022 Academy of Management. All rights reserved.
1276,2-s2.0-85103386482,What is different about private equity-backed acquirers?,kept,,,True,© 2021 The Authors. Review of Financial Economics published by Wiley Periodicals LLC on behalf of University of New Orleans.
1277,2-s2.0-85118993437,"Socialize, de-commodify and de-financialize long-term care",kept,,,True,© 2021 Longwoods Publishing Corp.. All rights reserved.
1278,2-s2.0-85139039461,Overview of Investing in Private Corporate Debt,kept,,,True,© The Author(s) 2022.
1279,2-s2.0-85110116208,Private equity in anesthesiology – Indicators for future evaluation,excluded,missing_abstract,,True,
1280,2-s2.0-85100382240,Do Private Equity Managers Have Superior Information on Public Markets?,kept,,,True,© 2022 Cambridge University Press. All rights reserved.
1281,2-s2.0-85128407609,High-End Bargaining Problems,kept,,,True,© 2022 Vanderbilt Law Review. All rights reserved.
1282,2-s2.0-85102622428,Governance implications of attracting external equity investors in private family firms,kept,,,True,© 2021 Academy of Management. All rights reserved.
1283,2-s2.0-85111257173,Market adoption of healthy buildings in the office sector: A global study from the owner’s perspective,kept,,,True,"© 2021, Global Social Science Institute. All rights reserved."
1284,2-s2.0-85174704879,The Hidden Costs of Ignoring Cash Flow: A Call for Strategic Requirements Prioritization at Startups During an Era of Rising Interest Rates,kept,,,True,© 2023 IEEE.
1285,2-s2.0-85106322968,Alternative Finance after Natural Disasters,kept,,,True,© 2021 The Authors. British Journal of Management published by John Wiley & Sons Ltd on behalf of British Academy of Management.
1286,2-s2.0-85148399211,Managing an ART unit as a profitable business,kept,,,True,© 2021 John Wiley & Sons Ltd. All rights reserved.
1287,2-s2.0-85135961686,The Benefit of Cross-Border Investments in the Chinese Emerging Venture Capital and Private Equity Market,kept,,,True,© Association Française de Finance. Tous droits réservés pour tous pays.
1288,2-s2.0-85085383899,"The Platform Political Economy of FinTech: Reintermediation, Consolidation and Capitalisation",kept,,,True,"© 2020 Informa UK Limited, trading as Taylor & Francis Group."
1289,2-s2.0-85165366333,Private equity takeovers are harming patients,excluded,missing_abstract,,True,
1290,2-s2.0-85167691705,"Towards a rethinking of structural vulnerabilities: Private equity, financialization and work",excluded,missing_abstract,,True,
1291,2-s2.0-85133093433,CONVERGENCE AND DIVERSITY IN THE HEDGE FUND AND PRIVATE EQUITY INDUSTRY,kept,,,True,© Oxford University Press 2021.
1292,2-s2.0-85126890542,"The mobility of top earnings, income, and wealth in China: Facts from the 2011–2017 China household finance survey",kept,,,True,© 2022 Elsevier Inc.
1293,2-s2.0-85112520969,Long- And short-run dynamics between South African hedge funds and the equity market,kept,,,True,© 2021 Portfolio Management Research. All rights reserved.
1294,2-s2.0-85109886973,Antecedents of Stage-wise Investment Preferences of Venture Capital and Private Equity Firms in India: An Empirical Exploration,kept,,,True,© 2021 Institute of Financial Management and Research.
1295,2-s2.0-85128943783,FOR WHOM CORPORATE LEADERS BARGAIN,kept,,,True,© 2021 University of Southern California. All rights reserved.
1296,2-s2.0-85101239694,Tunnelling in asset-injecting private placements: evidence from China,kept,,,True,© 2021 Accounting and Finance Association of Australia and New Zealand.
1297,2-s2.0-85219659867,Involvement of venture capital companies in innovative companies,kept,,,True,© Faiza Elloumi et al.
1298,2-s2.0-85135400401,Relationship of public farmland and timberland REITs with their private equity counterparts and selected asset classes,kept,,,True,"© 2022, Emerald Publishing Limited."
1299,2-s2.0-85134484269,Agile predators: private equity and the spread of shareholder value strategies to US for-profit colleges,kept,,,True,© The Author(s) 2020.
1300,2-s2.0-85125081429,Gastroenterology Practice Consolidation Between 2012 and 2020,kept,,,True,"© 2022, The Author(s), under exclusive licence to Springer Science+Business Media, LLC, part of Springer Nature."
1301,2-s2.0-85137314241,"Private Equity Acquisitions Of Ambulatory Surgical Centers Were Not Associated With Quality, Cost, Or Volume Changes",kept,,,True,"© 2022 Project HOPE— The People-to-People Health Foundation, Inc."
1302,2-s2.0-85133988940,"Oral health care in Europe: Financing, access and provision",kept,,,False,
1303,2-s2.0-85104594290,Evaluation of the Social Benefits of Financial Innovation Towns Based on SEM Model - - Taking Yuhuang Shannan Fund Town as an Example,kept,,,True,"© The Authors, published by EDP Sciences, 2021."
1304,2-s2.0-85106368651,Antecedents of financial instrument choice by VC/PE funds: Using the theory of adverse selection,kept,,,True,© 2021 Laeknafelag Islands. All rights reserved.
1305,2-s2.0-85117222517,Portfolio upside and downside risk—both matter!,kept,,,True,© Portfolio Management.All right reserved.
1306,2-s2.0-85139061693,Integrating Private Equity in a Liquid Multi-Asset Portfolio,kept,,,True,Copyright 2022 With Intelligence Ltd.
1307,2-s2.0-85138321404,"Financing the energy transition: The role of public funding, collaboration and private equity",kept,,,True,© 2021 Elsevier Inc. All rights reserved.
1308,2-s2.0-85146071785,"Institutional Investors, Alternative Asset Managers, and ESG Preferences",kept,,,True,"© 2023, The Author(s)."
1309,2-s2.0-85121642165,Experience as Dr. Jekyll and Mr. Hyde: Performance Outcome Delays in the Private Equity Context,kept,,,True,"© 2021 Society for the Advancement of Management Studies and John Wiley & Sons, Ltd."
1310,2-s2.0-85133248386,Initial funding and founders’ human capital: An empirical analysis using multiple surveys for start-up firms,kept,,,True,© 2022 The Authors
1311,2-s2.0-85120604352,Securitising Seniors Housing: The Financialisation of Real Estate and Social Reproduction in Retirement and Long-Term Care Homes,kept,,,True,© 2021 The Author. Antipode © 2021 Antipode Foundation Ltd.
1312,2-s2.0-85126040117,MEASURING THE SPILLOVERS OF VENTURE CAPITAL,kept,,,True,© 2020 The President and Fellows of Harvard College and the Massachusetts Institute of Technology.
1313,2-s2.0-85124569749,Private Equity and Bank Capital Requirements: Evidence from European Firms,kept,,,True,© 2022 The Authors. British Journal of Management published by John Wiley & Sons Ltd on behalf of British Academy of Management.
1314,2-s2.0-85164853235,The Savvy Investor's Guide to Building Wealth Through Alternative Investments,kept,,,True,"© 2021 H. Kent Baker, Greg Filbeck, and Andrew C. Spieler. All rights reserved."
1315,2-s2.0-85106021394,Performance determinants of European private equity real estate funds,kept,,,True,"© 2021, Emerald Publishing Limited."
1316,2-s2.0-85101029152,Applying ‘Deep ESG’ to Asian private equity,kept,,,True,"© 2021 The Author(s). Published by Informa UK Limited, trading as Taylor & Francis Group."
1317,2-s2.0-85172444934,A Novel Algorithm for Informed Investment in Cybersecurity Companies and Technologies,kept,,,True,"© 2023, The Author(s), under exclusive license to Springer Nature Switzerland AG."
1318,2-s2.0-85153501505,Private companies: the missing link on the path to net zero,kept,,,True,"© 2023 Informa UK Limited, trading as Taylor & Francis Group."
1319,2-s2.0-85182459470,Status and Development Trend of Big Data Technology Application in the Private Equity Industry,kept,,,True,"© The Author(s), under exclusive license to Springer Nature Singapore Pte Ltd 2023."
1320,2-s2.0-85117240476,Expanding corporate finance perspectives to equity crowdfunding,kept,,,True,"© 2021, The Author(s), under exclusive licence to Springer Science+Business Media, LLC, part of Springer Nature."
1321,2-s2.0-85134898249,The Inhibitory Effect of the Deregulation Short-Sale on Private Equity Placement,kept,,,True,"Copyright © 2022 Wang, Su and Xu."
1322,2-s2.0-85139050668,New Insights into Private Equity: Empirical Evidence from More Than 500 Buyouts,kept,,,True,Copyright 2022 With Intelligence Ltd.
1323,2-s2.0-85163163787,IPO Governance Case,kept,,,True,"© 2021, The Author(s)."
1324,2-s2.0-85105122690,Price discounts for unlisted equity securities with random or indefinite liquidity horizons,kept,,,True,© 2021 Portfolio Management Research. All rights reserved.
1325,2-s2.0-105046334371,Expansion into private markets fuels outsourcing demand,kept,,,True,© Henry Stewart Publications 1753-1802.
1326,2-s2.0-85152560484,Islamic Private Equity: A Hybrid Equity-Debt Structure as an Alternative Investment Structure,kept,,,True,"© 2023, The Author(s), under exclusive license to Springer Nature Switzerland AG."
1327,2-s2.0-85110325959,Private company acquisitions in the market for corporate control: A comparison between private equity and corporate acquirers,kept,,,True,© 2021 Board of Trustees of the University of Illinois
1328,2-s2.0-85128851533,"Barbarians at the Store? Private Equity, Products, and Consumers",kept,,,True,© 2022 the American Finance Association.
1329,2-s2.0-85102635823,The agency costs of private equity: Why do limited partners still invest?,kept,,,True,© 2021 Academy of Management. All rights reserved.
1330,2-s2.0-85102153648,Characteristics of private equity-owned hospitals in 2018,kept,,,True,© 2021 American College of Physicians. All rights reserved.
1331,2-s2.0-105022174064,"Management buy-outs, control procedures and performance: the case of unlisted French SMEs acquired by their managers (2002-2012); [Rachat d’entreprise par les cadres dirigeants, modalités de contrôle et performance: le cas des PME françaises non cotées reprises par leurs dirigeants (2002-2012)]; [Adquisición de empresas por parte de ejecutivos, procedimientos de control y desempeño: el caso de las PyME francesas no cotizadasadquirido por sus gerentes (2002-2012)]",kept,,,True,"© 2021, EMS, Editions Management and Societe. All rights reserved."
1332,2-s2.0-85127233809,Modeling the volatilities of globally listed private equity markets,kept,,,True,"© 2022, Emerald Publishing Limited."
1333,2-s2.0-85128249935,"Socioeconomic Factors, Urological Epidemiology and Practice Patterns",excluded,missing_abstract,,True,
1334,2-s2.0-85143505814,Decentralized investing: A social innovation for broader patient engagement,kept,,,True,© 2022
1335,2-s2.0-85156148511,Physician Practice Consolidation: Considerations for the Remaining Independents,kept,,,True,© 2022 NEJM Catalyst Innovations in Care Delivery. All right reserved.
1336,2-s2.0-85128040813,On the performance of Timberland as an alternative asset,kept,,,True,© 2022 B. Mei.
1337,2-s2.0-85128565769,Reversing competition: The case of corporate governance,kept,,,True,© the several contributors 2021.
1338,2-s2.0-85140006436,"Private Equity: Antecedents, Outcomes, Mediators, and Moderators",kept,,,True,© The Author(s) 2022.
1339,2-s2.0-85113153027,The Startup Environment and Funding Activity in India,kept,,,True,© 2021 World Scientific Publishing Company.
1340,2-s2.0-85153438457,Financialisation and Real Estate,kept,,,True,© 2021 John Wiley & Sons Ltd. All rights reserved.
1341,2-s2.0-85108071707,Innovative Credit Guarantee Schemes with equity-for-guarantee swaps,kept,,,True,© 2021
1342,2-s2.0-85119238260,Under pressure: Essays on urban housing,kept,,,True,© 2022 Taylor & Francis.
1343,2-s2.0-85117284141,Triple dissonance: women-led funds. With a gender lens. In Africa.,kept,,,True,"© 2021 Informa UK Limited, trading as Taylor & Francis Group."
1344,2-s2.0-85134209371,Should Defined Contribution Plans Include Private Equity Investments?,kept,,,True,© 2022 CFA Institute. All rights reserved.
1345,2-s2.0-85160353054,HOW DOES THE LAW PROTECT THE CROWD? ABOUT CROWD INVESTOR PROTECTION MECHANISMS INTRODUCED BY THE EU REGULATION 2020/1503,kept,,,True,"© 2022, University of Zagreb Faculty of Economics and Business. All rights reserved."
1346,2-s2.0-85114416706,Implementation of the Internet of Medical Things (IoMT): Clinical and Policy Implications,kept,,,True,"© 2021, The Author(s), under exclusive license to Springer Nature Switzerland AG."
1347,2-s2.0-85138767889,Private market impact investing firms: Ownership structure and investment style,kept,,,True,© 2022 The Authors
1348,2-s2.0-85134787721,"Old wine in private equity bottles? Resurgence of contract-for-deed home sales in US urban neighborhoods: International Journal of Urban and Regional Research, 2018",excluded,missing_abstract,,True,
1349,2-s2.0-85117243756,Impact of quality of involvement of vc/pe in ipo firms: Evidence from india,kept,,,True,© 2021 Lavoisier. All rights reserved.
1350,2-s2.0-85152645619,Private equity in radiology; [Private Equity in der Radiologie],excluded,missing_abstract,,True,
1351,2-s2.0-85117220665,Volatility Decay and Diversification Role of Timberland as the Investment Horizon Lengthens,kept,,,True,"© 2021 The Author(s) 2021. Published by Oxford University Press on behalf of the Society of American Foresters. All rights reserved. For permissions, please e-mail: journals.permissions@oup.com."
1352,2-s2.0-85137594719,Comparing CEO Compensation Effects of Public and Private Acquisitions,kept,,,True,© 2021 by the authors.
1353,2-s2.0-85114987675,Prevalence and performance of private equity-affiliated fertility practices in the United States,kept,,,True,© 2021 American Society for Reproductive Medicine
1354,2-s2.0-85142339612,Understanding Family Firm Intentions to Use Private Equity: A Theory of Planned Behaviour Perspective,kept,,,True,"© 2022 Walter de Gruyter GmbH, Berlin/Boston 2022."
1355,2-s2.0-85126604758,The startup environment and funding activity in India,excluded,duplicate_doi,2-s2.0-85113153027,True,© 2021 World Scientific Publishing Company.
1356,2-s2.0-85123078093,Financing Sources of Exploration Works in the Light of Risk Related to their Activity; [Źródła finansowania prac eksploracyjnych w świetle ryzyka związanego z ich realizacją],kept,,,True,© 2021 Polish Mineral Engineering Society. All rights reserved.
1357,2-s2.0-105000664252,Corporate Renewal and Turnaround of Troubled Businesses: The Private-Equity Advantage,kept,,,True,"© 2021 now Publishers, Inc."
1358,2-s2.0-85124522306,Private Equity and the Resolution of Financial Distress,kept,,,True,"© 2021 The Author(s) 2021. Published by Oxford University Press on behalf of The Society for Financial Studies. All rights reserved. For permissions, please e-mail: journals.permissions@oup.com."
1359,2-s2.0-85117229116,Private equity real estate fund performance: A comparison to REITs and open-end core funds,kept,,,True,© Portfolio Management.All right reserved.
1360,2-s2.0-85137876584,Private Equity: Risks and Opportunities,excluded,missing_abstract,,True,
1361,2-s2.0-85105775887,The Imported Mismatch Rule in Light of the Fundamental Freedoms,kept,,,True,"© 2021 Kluwer Law International BV, The Netherlands"
1362,2-s2.0-85131472560,Homage: Harnessing technology to tackle Singapore’s ageing challenges,kept,,,True,"© 2022 selection and editorial matter, Howard Thomas and Havovi Joshi."
1363,2-s2.0-85130791913,Jan Ståhlberg,kept,,,True,"© 2022, The Author(s), under exclusive license to Springer Nature Switzerland AG."
1364,2-s2.0-85086020370,Institutional influence on syndicate structure and cross-border leveraged buyouts,kept,,,True,© 2020 Financial Management Association International
1365,2-s2.0-85168769412,Exploring Coinvestment Partner Selection Strategies Using Exponential Random Graph Models,kept,,,True,© 2023 Jie Ren.
1366,2-s2.0-85134784163,Association Between Private Equity Acquisition of Urology Practices and Physician Medicare Payments,kept,,,True,© 2022 Elsevier Inc.
1367,2-s2.0-85121673541,Private equity comes knocking on your practice's door: a “fairy godmother” or the “big bad wolf?”,excluded,missing_abstract,,True,
1368,2-s2.0-85071315469,The economics of PIPEs,kept,,,True,© 2019 Elsevier Inc.
1369,2-s2.0-85110307360,Allocating to liquid alternative strategies for mean–Variance diversification,kept,,,True,© 2021 The Journal of Alternative Investments. All rights reserved.
1370,2-s2.0-85139401135,From the post enron accounting scandals to the subprime crisis: A financial history of the united states 2004-2006,kept,,,True,"© 2011 M. E. Sharpe, Inc. All rights reserved."
1371,2-s2.0-85116460195,Problems of private equity placements in South Korea and suggestions for amendable measures,kept,,,True,"© 2021, Korean Securities Association. All rights reserved."
1372,2-s2.0-85139294476,"Venture Capital Redefined: The Economic, Political, and Social Impact of COVID on the VC Ecosystem",kept,,,True,"© The Editor(s) (if applicable) and The Author(s), under exclusive license to Springer Nature Switzerland AG 2022. All rights reserved."
1373,2-s2.0-85131487654,"Coproducing the Rules of the Game: State, Insurance Companies, and Private Equity in 1990s France",kept,,,True,© 2022 Taylor & Francis.
1374,2-s2.0-85117189082,Three decades of global institutional investment in commercial real estate,kept,,,True,© Portfolio Management.All right reserved.
1375,2-s2.0-85108336377,Solar Power and its Discontents: Critiquing Off-grid Infrastructures of Inclusion in East Africa,kept,,,True,© 2021 The Authors. Development and Change published by John Wiley & Sons Ltd on behalf of International Institute of Social Studies
1376,2-s2.0-85114997001,Asset-Level Risk and Return in Real Estate Investments,kept,,,True,© 2020 The Author(s) 2020. Published by Oxford University Press on behalf of The Society for Financial Studies. All rights reserved.
1377,2-s2.0-85130560920,COVID-19 and Private Equity Investment in Health Care Delivery,excluded,missing_abstract,,True,
1378,2-s2.0-85120675881,Private equity in plastic surgery: A nine-year analysis,excluded,missing_abstract,,True,
1379,2-s2.0-105000691553,Retrospective on Corporate Renewal,kept,,,True,"© 2021 now Publishers, Inc."
1380,2-s2.0-85100086838,Private Equity Backed Radiology Considerations for the Radiology Trainee,kept,,,True,© 2021 Elsevier Inc.
1381,2-s2.0-85147948745,Empirical Research on Private Equity Funds: A Review of the Past Decade and Future Research Opportunities,kept,,,True,© 2022 N. Dai.
1382,2-s2.0-86000709274,Momentum Across Asset Classes,kept,,,True,© 2021 Stephen Satchell and Andrew Grant.
1383,2-s2.0-85138459381,EDITORIAL COMMENT,excluded,missing_abstract,,True,
1384,2-s2.0-85167351670,Private equity in ophthalmology and optometry: a time series analysis from 2012 to 2021,kept,,,True,© 2023. All rights reserved.
1385,2-s2.0-85103189202,Entrepreneurship ecosystem in Lebanon,kept,,,False,
1386,2-s2.0-85150906410,The Promise of Sustainable Finance: Lessons From Brazil,kept,,,True,© 2022 Walsh School of Foreign Service.
1387,2-s2.0-85142242771,UTOPIAS OF OIL: Private Equity and Entrepreneurial Ambition in the U.S. Oil and Gas Industry,kept,,,True,© American Anthropological Association 2022.
1388,2-s2.0-85112698890,"How much for a haircut? Illiquidity, secondary markets, and the value of private equity",kept,,,True,© 2021 Financial Management Association International.
1389,2-s2.0-85135439143,Prolonged Private Equity Holding Periods: Six Years Is the New Normal,kept,,,True,© Solar-Terrestrial Physics.All right reserved.
1390,2-s2.0-85162627179,Private Equity Firm Performance: An Empirical Evidence From India Using Benchmark Index,kept,,,True,© 2023 IMI.
1391,2-s2.0-85111795329,The Economic Analysis of Volcker Rule,kept,,,True,"© 2021 Walter de Gruyter GmbH, Berlin/Boston 2021."
1392,2-s2.0-85113666457,Risk and responsibility: Private equity financiers and the US shale revolution,kept,,,True,© 2021 The Author. Economic Anthropology published by Wiley Periodicals LLC on behalf of American Anthropological Association.
1393,2-s2.0-85118558000,Transportation Infrastructure Project Financing; Highways Capital Structure Design Techniques,kept,,,True,© 2021 Hanieh Soleymani et al.
1394,2-s2.0-85141396900,How to Promote ESG in Private Equity,kept,,,True,© Korean Securities Association.
1395,2-s2.0-85189250276,The unsophisticated “sophisticated”: Old age and the accredited investors definition,kept,,,True,"© 2021 Certified Financial Planner Board of Standards, Inc."
1396,2-s2.0-85121977426,Performance analysis of healthcare-focused special purpose acquisition companies,kept,,,True,"© Gimede Gigante, Daniele Notarnicola, 2021."
1397,2-s2.0-85141671462,Exploration of Financial App Software Simulation Practice Learning in the Internet Era,kept,,,True,"© 2022, The Author(s), under exclusive license to Springer Nature Singapore Pte Ltd."
1398,2-s2.0-85130512037,Performance and Volatility Analysis of Real Estate Private Equity Index and Listed REIT Index: A USA Based Study,kept,,,True,© The Electrochemical Society
1399,2-s2.0-85127498720,Access to Urological Care for Medicaid-Insured Patients at Urology Practices Acquired by Private Equity Firms,kept,,,True,© 2022
1400,2-s2.0-85073996233,Private equity as a commodification of companies: the case of the German automotive supply industry,kept,,,True,"© 2019 Informa UK Limited, trading as Taylor & Francis Group."
1401,2-s2.0-85200729546,Deconstructing Private Equity Buyout Valuations,kept,,,True,© 2022 Thomson Reuters and Contributors.
1402,2-s2.0-85087510838,Financialised Private Equity Finance and the Debt Gamble: The Case of Toys R Us,kept,,,True,"© 2020 Informa UK Limited, trading as Taylor & Francis Group."
1403,2-s2.0-85117091669,Post-initial-public-offering takeovers of firms controlled by private equity: Is there evidence of a liquidity conflict?,kept,,,True,© 2021 by The University of Chicago. All rights reserved.
1404,2-s2.0-85148396462,Financial Modeling and Valuation: A Practical Guide to Investment Banking and Private Equity: Second Edition,kept,,,True,© 2022 by Paul Pignataro. All rights reserved.
1405,2-s2.0-85122388924,Private Equity and Health Care Delivery,excluded,missing_abstract,,True,
1406,2-s2.0-105003752309,"Half the Firms, Double the Profits: Public Firms' Transformation, 1996-2022",kept,,,True,© 2025 M. J. Roe and C. C. Y. Wang.
1407,2-s2.0-85142167213,THE DISTINCTIVE EVOLUTION OF HOUSING FINANCIALIZATION IN BRAZIL AND MEXICO,kept,,,True,© 2022 Urban Research Publications Limited.
1408,2-s2.0-105031360472,Private Equity Investments and Value Creation in Small and Medium-Sized Enterprises,kept,,,True,© 2022 World Scientific Publishing Europe Ltd.
1409,2-s2.0-85137615468,Private Equity and Its Increasing Role in US Healthcare,excluded,missing_abstract,,True,
1410,2-s2.0-85078464412,Building a Centre of Capital Accumulation: A Study of the Institutional Emergence of the French Private Equity Sector (from the Early 1980s to 2017),kept,,,True,"© 2020 Informa UK Limited, trading as Taylor & Francis Group."
1411,2-s2.0-85168970875,Private equity’s intrusion into US healthcare,excluded,missing_abstract,,True,
1412,2-s2.0-85086155192,Real estate crisis resolution regimes and residential REITs: emerging socio-spatial impacts in Barcelona,kept,,,True,"© 2020 Informa UK Limited, trading as Taylor & Francis Group."
1413,2-s2.0-85127298024,Do Alliance portfolios encourage or impede new business practice adoption? Theory and evidence from the private equity industry,kept,,,True,© 2022 John Wiley & Sons Ltd.
1414,2-s2.0-85114393067,Practical Applications of LBO and VC Investments in Recent Crises,excluded,missing_abstract,,True,
1415,2-s2.0-85180662550,Five Development Stages of Financial Management of Family Businesses,kept,,,True,"© 2023, The Author(s), under exclusive license to Springer Fachmedien Wiesbaden GmbH, part of Springer Nature."
1416,2-s2.0-85184799130,A Scalable and Adaptive System to Infer the Industry Sectors of Companies: Prompt + Model Tuning of Generative Language Models,kept,,,True,"© FinNLP-Muffin 2023 - Joint Workshop of the 5th Financial Technology and Natural Language Processing and 2nd Multimodal AI For Financial Forecasting, in conjunction with IJCAI 2023 - Proceedings."
1417,2-s2.0-85123498246,Safe as houses? Thinking on the rise of investment into UK residential markets,kept,,,True,"© 2022, Emerald Publishing Limited."
1418,2-s2.0-85171787171,ESG as an innovative tool to improve the efficiency and financial stability of financial organizations,kept,,,True,© 2023 The Authors. Published by Elsevier B.V. This is an open access article under the CC BY-NC-ND license (https://creativecommons.org/licenses/by-nc-nd/4.0) Peer-review under responsibility of the scientific committee of the Tenth International Conference on Information Technology and Quantitative Management.
1419,2-s2.0-85159956394,L’introduction de la loi de Pareto dans la modélisation financière,kept,,,True,"© 2023 Presses Universitaires de France, Departement des Revues. All rights reserved."
1420,2-s2.0-85159910299,"Patterns of investment in agricultural research and innovation for the Global South, with a focus on sustainable agricultural intensification",kept,,,True,"Copyright © 2023 Prasad, Bhatnagar, Bhandari, Jacob, Narayan, Echeverría, Beintema, Farah Cox and Compton."
1421,2-s2.0-85117164435,When to go and how to go? founder and leader transition in private equity firms,kept,,,True,© Journal of Alternative Investments 2021.
1422,2-s2.0-85165362490,"Evaluating trends in private equity ownership and impacts on health outcomes, costs, and quality: systematic review",kept,,,True,© 2023 BMJ Publishing Group. All rights reserved.
1423,2-s2.0-85126521063,Trends in Debt Valuations of Private Equity-Backed Dermatology Groups Before and During the COVID-19 Pandemic,kept,,,True,© 2022 American Medical Association. All rights reserved.
1424,2-s2.0-85087135699,Estimating the effect of active management and private equity for defined benefit pension funds,kept,,,True,© 2020 Board of Trustees of the University of Illinois
1425,2-s2.0-85098063410,Of pride and prejudice: agent learning under sticky and persistent stereotype,kept,,,True,"© 2020, The Author(s)."
1426,2-s2.0-85123695172,Does the introduction of stock exchange markets boost economic growth in African countries?,kept,,,True,© 2022 Association for Comparative Economic Studies
1427,2-s2.0-85131742584,Richard Ennis’s Insights: The Fairy Tale of Alternative Investing,kept,,,True,Copyright 2022 With Intelligence Ltd.
1428,2-s2.0-85137660864,Value creation in private equity portfolio companies: a structured review of evidence and proposed framework,kept,,,True,"© 2022 Informa UK Limited, trading as Taylor & Francis Group."
1429,2-s2.0-85120773721,Trends in Orthopedic Surgeon Practice Consolidation From 2008 to 2019,kept,,,True,© 2021 Elsevier Inc.
1430,2-s2.0-85175256733,Equity crowdfunding and financial literacy of individual investors in Japan,kept,,,True,"© 2021, Masatoshi Fujii, Chie Hosomi and Yoshiaki Nose."
1431,2-s2.0-85140257825,Syndication Strategies of Venture Capital and Private Equity Firms in India- An Empirical Investigation,kept,,,True,© 2022 With Intelligence Ltd.
1432,2-s2.0-85147441833,Alt-Finance: How the City of London Bought Democracy,kept,,,True,© Raisons d’agir éditions 2021; English language translation and Meg Morley and Théo Bourgeron 2022.
1433,2-s2.0-85121318418,Is Equity Crowdfunding the Land of Promise for Female Entrepreneurship?,kept,,,True,"© 2021, Editoriale Scientifica srl. All rights reserved."
1434,2-s2.0-85205155672,Conclusions,kept,,,True,"© TheEditor(s)(ifapplicable)andTheAuthor(s),underexclusivelicensetoSpringerNatureSwitzerlandAG2023."
1435,2-s2.0-85116316879,How to Successfully Translate Shared Value Agendas into Action? Evidences from the Case of 21 Invest,kept,,,True,"© The Author(s), under exclusive license to Springer Nature Switzerland AG 2021."
1436,2-s2.0-85176275585,Production inkjet printing: Key drivers fueling adoption,kept,,,False,
1437,2-s2.0-85122372686,Private Equity and Health Care Delivery - Reply,excluded,missing_abstract,,True,
1438,2-s2.0-85121495085,Private Equity In Dermatology: The Authors Reply,excluded,missing_abstract,,True,
1439,2-s2.0-85112460905,The global market portfolio,kept,,,True,© Journal of Portfolio Management 2021.
1440,2-s2.0-85087718796,Indigenous investments: Are they different? Lessons from Iwi*,kept,,,True,© The Author(s) 2020.
1441,2-s2.0-105004816166,Analysing the criteria of private equity investment in South Africa,kept,,,True,© 2021. The Authors.
1442,2-s2.0-85138689178,Fractile Graphical Analysis in Finance: A New Perspective with Applications,kept,,,True,© 2022 by the authors.
1443,2-s2.0-85128996685,"Private Funds for Ordinary People: Fees, Flows, and Performance",kept,,,True,"© The Author(s), 2022."
1444,2-s2.0-85099953193,Private equity and the leverage myth,kept,,,True,Copyright 2020 Pageant Media Ltd.
1445,2-s2.0-85114445777,Private equity benchmarking for asset owners and investment managers,kept,,,True,© 2021 EDP Sciences. All rights reserved.
1446,2-s2.0-85135332147,THE RISE OF BANKRUPTCY DIRECTORS,kept,,,True,© 2022 University of Southern California. All rights reserved.
1447,2-s2.0-85128007152,The performance of private equity timberland funds in the United States between 1985 and 2018,kept,,,True,"© 2022 R. Chudy, B. Mei and S. Skjerstad."
1448,2-s2.0-85127253135,Testing the Efficiency of Globally Listed Private Equity Markets,kept,,,True,© 2021 by the author.
1449,2-s2.0-85184985591,Colocation Datacenter Customer Power Usage Forecasting Using Synthetic Data and Integration of Macroeconomic Indicators,kept,,,True,© 2023 IEEE.
1450,2-s2.0-85108564826,Investing outside the box: Evidence from alternative vehicles in private equity,kept,,,True,© 2021 Elsevier B.V.
1451,2-s2.0-85122360573,Private Equity and Health Care Delivery,excluded,missing_abstract,,True,
1452,2-s2.0-85130264464,Pioneering management buy-out and entrepreneurial finance research: Mike Wright’s research legacy,kept,,,True,"© 2022, The Author(s), under exclusive licence to Springer Science+Business Media, LLC, part of Springer Nature."
1453,2-s2.0-85172810947,Valuation Versus Pricing: A Conceptual and Practical Guide to Estimate Economic Value for Early-Stage Companies Via DCF,kept,,,True,"© The Author(s), under exclusive license to Springer Nature Switzerland AG 2023."
1454,2-s2.0-85104087952,The crypto-growth of “International Schooling”: emergent issues and implications,kept,,,True,"© 2021 The Author(s). Published by Informa UK Limited, trading as Taylor & Francis Group."
1455,2-s2.0-85134217165,"Replicating Private Equity with Value Investing, Homemade Leverage, and Hold-to-Maturity Accounting",kept,,,True,© 2021 The Author(s). Published by Oxford University Press on behalf of The Society for Financial Studies. All rights reserved.
1456,2-s2.0-85135598037,Private equity in ophthalmology: Lessons from other specialties,kept,,,True,© 2022 Lippincott Williams and Wilkins. All rights reserved.
1457,2-s2.0-85119182285,The influence of private equity and venture capital on the post-IPO performance of newly-public acquirers,kept,,,True,© 2021
1458,2-s2.0-85123408557,"33rd Benelux Conference on Artificial Intelligence, BNAIC/ BENELEARN 2021",kept,,,True,
1459,2-s2.0-85110394278,Measuring hedge fund liquidity mismatch,kept,,,True,© 2021 The Journal of Alternative Investments. All rights reserved.
1460,2-s2.0-85102053631,Through the Optics of Finance: Speculative Urbanism and the Transformation of Markets,kept,,,True,© 2021 Urban Research Publications Limited
1461,2-s2.0-105017202763,Missing Gender Diversity: Private Equity and Venture Capital in India,excluded,missing_abstract,,True,
1462,2-s2.0-85130544244,Association of Private Equity Investment in US Nursing Homes with the Quality and Cost of Care for Long-Stay Residents,kept,,,True,© 2021 by the Author(s).
1463,2-s2.0-85101927404,A survey of institutional investors' investment and management decisions on illiquid assets,kept,,,True,"© This open-access article is distributed under the terms of the Creative Commons Attribution Non-Commercial License (CC BY-NC) (http://creativecommons.org/licenses/by-nc/4.0/), which permits reuse, distribution and reproduction of the article, provided that the original work is properly cited and the reuse is restricted to noncommercial purposes. For commercial reuse, contact editor@csrt.com"
1464,2-s2.0-85124769863,Public and Private Equity Returns: Different or Same?,kept,,,True,Copyright 2021 With Intelligence Ltd.
1465,2-s2.0-85118742191,The Rise of State-Owned Investors: Sovereign Wealth Funds and Public Pension Funds,kept,,,True,© 2021 Annual Reviews Inc.. All rights reserved.
1466,2-s2.0-85138667164,Private Equity Performance and the Effects of Cash-Flow Timing,kept,,,True,"© 2022 by The American Association of Immunologists, Inc."
1467,2-s2.0-85205195909,Introduction,kept,,,True,"© TheEditor(s)(ifapplicable)andTheAuthor(s),underexclusivelicensetoSpringerNatureSwitzerlandAG2023."
1468,2-s2.0-85147048152,Is There a Path for an Economic Turnaround in Pediatric Ophthalmology?,kept,,,True,© 2023 Slack Incorporated. All rights reserved.
1469,2-s2.0-85125775284,Evolutionary Learning of Private Equity Recommitment Strategies,kept,,,True,© 2021 IEEE.
1470,2-s2.0-85137007002,The Full Canvas: Exploring the Bright and Dark Sides of International Business Strategy,kept,,,True,"© 2022, Springer Nature Switzerland AG."
1471,2-s2.0-85105850186,Transnational experience and high-performing entrepreneurs in emerging economies: Evidence from Vietnam,kept,,,True,© 2021 The Author(s)
1472,2-s2.0-85131931668,EDITORIAL COMMENT,excluded,missing_abstract,,True,
1473,2-s2.0-85119054299,Signaling Information Management in Entrepreneurial Firms’ Financing Acquisition: An Integrated Signaling and Screening Perspective,kept,,,True,© 2021 IGI Global. All rights reserved.
1474,2-s2.0-85141174905,Portfolio Optimization of Equity Funds,kept,,,True,© 2022 IEEE.
1475,2-s2.0-85138357415,Applying blockchain for primary financial market: A survey,kept,,,True,© 2021 The Authors. IET Blockchain published by John Wiley & Sons Ltd on behalf of The Institution of Engineering and Technology.
1476,2-s2.0-85163215877,Integrating Digitalization Role to Play in Financial Management,kept,,,True,© 2023 IEEE.
1477,2-s2.0-85147597673,Transforming Financial Institutions: Value Creation through Technology Innovation and Operational Change,kept,,,True,"© 2022 by John Wiley and Sons, Ltd. All rights reserved."
1478,2-s2.0-85135763262,Private Equity and Its Emergence in Orthopaedics,kept,,,True,© American Academy of Orthopaedic Surgeons.
1479,2-s2.0-85214271657,Should Investors Care Where Private Equity Managers Went to School?,kept,,,True,"© 2022 F. Fuchs, R. Füss, T. Jenkinson, S. Morkoetter."
1480,2-s2.0-85121960900,Hospital Ownership and Financial Stability: A Matched Case Comparison of a Nonprofit Health System and a Private Equity-Owned Health System,excluded,duplicate_doi,2-s2.0-85120075784,True,Copyright © 2022 Jennifer L. Hefner and Ingrid M. Nembhard. Published under exclusive licence by Emerald Publishing Limited.
1481,2-s2.0-85144996418,Investor Relations and ESG Reporting in a Regulatory Perspective: A Practical Guide for Financial Market Participants,kept,,,True,"© Reliance Holding ApS and Louis Capital, under exclusive license to Springer Nature AG 2022, corrected publication 2022"
1482,2-s2.0-85096175022,The genesis of voluntary disclosure: An analysis of firms’ first earnings guidance,kept,,,True,© 2020 INFORMS
1483,2-s2.0-85138039027,Regulation and development of private equity in Europe,excluded,missing_abstract,,True,
1484,2-s2.0-85126791504,"Private Equity and Venture Capital in Europe: Markets, Techniques, and Deals",kept,,,True,© 2021 Elsevier Ltd.
1485,2-s2.0-85142916352,Critical Review of Residential Development Project Financing in India,kept,,,True,© 2022 American Real Estate Society.
1486,2-s2.0-85135455918,Elite recruitment in US finance: How university prestige is used to secure top executive positions,kept,,,True,© 2022 The Authors. The British Journal of Sociology published by John Wiley & Sons Ltd on behalf of London School of Economics and Political Science.
1487,2-s2.0-85145811329,Does the truth rest with the minority? Divergent views on nonfinancial firms' financial investments from the private equity market,kept,,,True,© 2022 Elsevier Inc.
1488,2-s2.0-85130338643,Comparison of financing performance between “bidding type financing” and “proactive financing seeking”: From the perspective of incomplete-information game; [股权“ 竞价融资” 与“ 主动寻求融资” 的融资绩效比较 ———基于不完全信息博弈视角],kept,,,True,"© 2022, Journal of Industrial Engineering and Engineering Management.All Rights Reserved."
1489,2-s2.0-85195294130,The Impact of Private Equity Investment on the Market Performance of Listed Companies on the A-Share Market in China,kept,,,True,© 2023 by De La Salle University
1490,2-s2.0-85159354839,Foreign Investment Funds: Change in Tax Regime for Dividends and Capital Gains,kept,,,True,"© 2021, International Bureau of Fiscal Documentation (IBFD). All rights reserved."
1491,2-s2.0-85187548911,The Emergence of Artificial Intelligence and Machine Learning in Contemporary Business Management,kept,,,True,© 2023 IEEE.
1492,2-s2.0-85131685896,Modeling the exit cashflows of private equity fund investments,kept,,,True,© Infopro Digital Limited 2022.
1493,2-s2.0-85105092153,Private equity investment opportunities in Africa: Evaluation of the growth opportunities and risks in a global context,kept,,,True,© 2021 Portfolio Management Research. All rights reserved.
1494,2-s2.0-85182495033,Status and Development Trend of Blockchain Application in the Private Equity Industry,kept,,,True,"© The Author(s), under exclusive license to Springer Nature Singapore Pte Ltd 2023."
1495,2-s2.0-85105343745,"Consolidation, private equity, and more",excluded,missing_abstract,,True,
1496,2-s2.0-85098856842,From Governing to Managing: Exploring Modes of Control in Private Equity Relationships,kept,,,True,© 2021 European Accounting Association.
1497,2-s2.0-85128475528,THE OXFORD HANDBOOK OF HEDGE FUNDS,kept,,,True,© Oxford University Press 2021.
1498,2-s2.0-85100027256,Contracts with (Social) benefits: The implementation of impact investing,kept,,,True,© 2021
1499,2-s2.0-85174894471,Vitreoretinal Specialist Use of Ancillary Testing: An IRIS® Registry Analysis,kept,,,True,© 2023 Vishwakarma et al.
1500,2-s2.0-85170431387,"Year-End M&A Wrap-Up: Enthusiasm, Energy, and Continuity",kept,,,False,
1501,2-s2.0-85038618035,Why do private firms adopt IFRS?,kept,,,True,"© 2017 Informa UK Limited, trading as Taylor & Francis Group."
1502,2-s2.0-85062524040,New directions in entrepreneurial finance,kept,,,True,© 2019
1503,2-s2.0-85033392688,Does success bring success? The post-offering lives of equity-crowdfunded firms,kept,,,True,© 2017 Elsevier B.V.
1504,2-s2.0-85073058477,Stage financing and syndication in the IPO underpricing of venture-backed firms: Venture capital and IPO underpricing,kept,,,True,© The Author(s) 2018.
1505,2-s2.0-85125294540,SWFs and Corporate Social Responsibility,kept,,,True,"© The Editor(s) (if applicable) and The Author(s), under exclusive licence to Springer Nature Switzerland AG 2019."
1506,2-s2.0-85075381976,The Financing of Small and Medium-Sized Enterprises: An Analysis of the Financing Gap in Brazil,kept,,,True,"© 2019, The Author(s)."
1507,2-s2.0-85093887299,Venture capital⇔patronage to apprenticeship to profession,kept,,,True,© 2019 Portfolio Management Research. All right reserved.
1508,2-s2.0-85056319203,Fast thinking in private equity: The role of heuristics in screening buyout opportunities,kept,,,True,© 2019 International Council for Small Business.
1509,2-s2.0-85054492267,The role of innovation in venture capital and private equity investments in different investment phases,kept,,,True,"© 2018, © 2018 Informa UK Limited, trading as Taylor & Francis Group."
1510,2-s2.0-85149501308,Entrepreneurial Finance in Emerging Markets: Conclusions,kept,,,True,"© The Editor(s) (if applicable) and The Author(s), under exclusive licence to Springer Nature Switzerland AG 2020."
1511,2-s2.0-85042591431,Private-equity-firm-owned chemical distributors: Exit through SBOs or IPOs?,excluded,missing_abstract,,True,
1512,2-s2.0-85030456116,Benefits of public reporting: Evidence from IPOs backed by listed private equity firms,kept,,,True,© 2017 Elsevier B.V.
1513,2-s2.0-85001828612,Asymmetric Dominance and Its Impact on Mortgage Default Deficiency Collection Efforts,kept,,,True,© 2016 American Real Estate and Urban Economics Association
1514,2-s2.0-85042592886,Valuing a private equity carried interest as a call option on fund performance,excluded,missing_abstract,,True,
1515,2-s2.0-85099241356,Impact of private equity on employment and co-determination: The case of Germany; [El impacto de las empresas de capital de riesgo en el empleo y la co-determinación: El caso de Alemania],kept,,,True,© 2020 CSIC.
1516,2-s2.0-105038150689,Private Equity Snags LSC,excluded,missing_abstract,,True,
1517,2-s2.0-85088524041,Practical applications of private equity investment and local employment growth: A county-level analysis,excluded,missing_abstract,,True,
1518,2-s2.0-85068316985,Private equity’s governance advantage: A requiem,kept,,,True,© 2019 Boston University Law Review. All rights reserved.
1519,2-s2.0-85148855800,BRAZILIAN MLP: AN ALTERNATIVE TO ATTRACT INVESTORS TO PIPELINE PROJECTS,kept,,,True,"© 2019, Instituto Brasileiro de Petroleo. All rights reserved."
1520,2-s2.0-85190660497,Register of shareholders of non-public joint-stock companies and limited joint-stock partnerships; [Rejestr akcjonariuszy niepublicznych spółek akcyjnych i komandytowo-akcyjnych],kept,,,True,"© 2020, Wydawnictwo Naukowe Uniwersytetu Mikolaja Kopernika. All rights reserved."
1521,2-s2.0-85042426047,The Choice of Exit: Influence of Private Equity Investors and Buyout Entry,kept,,,True,"© 2018, © 2018 Institute of Financial Management and Research."
1522,2-s2.0-85076187466,Small groups of investors and their private armies: the ascendance of private equity firms and their control over private military companies as further evidence of epochal change theory,kept,,,True,"© 2019, © 2019 Informa UK Limited, trading as Taylor & Francis Group."
1523,2-s2.0-85060827560,Sustaining the Buyout Governance Model: Inside Secondary Management Buyout Boards,kept,,,True,© 2019 British Academy of Management
1524,2-s2.0-85049980400,Relationship Banking and Loan Syndicate Structure: The Role of Private Equity Sponsors,kept,,,True,© 2018 The Eastern Finance Association
1525,2-s2.0-85122168812,Private equity,excluded,missing_abstract,,True,
1526,2-s2.0-85055971977,Does a rural location matter for innovative small firms? How rural and urban environmental contexts shape strategies of agri-business innovative small firms,kept,,,True,"© 2018, Emerald Publishing Limited."
1527,2-s2.0-85048530709,Private equity portfolio company fees,kept,,,True,© 2018
1528,2-s2.0-85083231860,For-Profit Nursing Homes in the Netherlands: What Factors Explain Their Rise?,kept,,,True,© The Author(s) 2020.
1529,2-s2.0-85068784594,Automated Assessment of the Value of Private Equity Funds on the Basis of an Optimization Software Package,kept,,,True,© 2019 Published under licence by IOP Publishing Ltd.
1530,2-s2.0-85061296745,Private ownership and the cost of public debt: Evidence from the bond market,kept,,,True,© 2018 INFORMS.
1531,2-s2.0-85048077173,Global risk factors in the returns of listed private equity,kept,,,True,"© 2018, Emerald Publishing Limited."
1532,2-s2.0-85040992015,Industry specialization of private equity firms: a source of buy-out performance heterogeneity,kept,,,True,"© 2018, © 2018 Informa UK Limited, trading as Taylor & Francis Group."
1533,2-s2.0-85082421702,"Corporate reputation, shareholders’ gains, and market discounts: evidence from the private equity placement in China",kept,,,True,© 2019 Zhejiang University.
1534,2-s2.0-85054152735,Harmful diversification: Evidence from alternative investments,kept,,,True,© 2018 Elsevier Ltd
1535,2-s2.0-85133084041,INDIRECT REGULATION OF HEDGE FUNDS,kept,,,True,© Oxford University Press 2021.
1536,2-s2.0-85106818661,The impact of smoothness on private equity expected returns,kept,,,True,© 2020 Pageant Media Ltd.
1537,2-s2.0-85103723690,Profiles of Chinese Business Angels,kept,,,True,"© The Editor(s) (if applicable) and The Author(s), under exclusive licence to Springer Nature Switzerland AG 2020."
1538,2-s2.0-85100677878,"The Gold Rush: Private Equity Brings Capital, Seeks Profit, in Health Care",excluded,missing_abstract,,True,
1539,2-s2.0-85123267081,The impact of private equity placements on the listed companies’ financial performance; [定向增发对上市公司财务绩效影响的研究],kept,,,True,"© 2019, Journal of Industrial Engineering and Engineering Management.All Rights Reserved."
1540,2-s2.0-85063750696,Leveraged buyout booms and busts: Can Islamic finance help prevent and mitigate such market distortions?,kept,,,True,"© Mouad El Haloui, Rajae Aboulaich, 2019"
1541,2-s2.0-85053304255,Private equity investment in family firms: the role of stake size and deal syndication,kept,,,True,"© 2018, © 2018 Informa UK Limited, trading as Taylor & Francis Group."
1542,2-s2.0-85052634799,Demand for and Assessment of Audit Quality in Private Companies,kept,,,True,"© 2018 Accounting Foundation, The University of Sydney"
1543,2-s2.0-85010908017,Dry powder and short fuses: Private equity funds in emerging markets,kept,,,True,© 2016 Elsevier B.V.
1544,2-s2.0-85106726361,Climate financing: case study of Kenya Climate Venture Ltd.,kept,,,True,"© 2021, Emerald Publishing Limited."
1545,2-s2.0-85097511807,The Deregulation of the Private Equity Markets and the Decline in IPOs,kept,,,True,"© 2020 The Author(s) 2020. Published by Oxford University Press on behalf of The Society for Financial Studies. All rights reserved. For permissions, please e-mail: Journals.permissions@oup.com."
1546,2-s2.0-85056321732,Private equity performance and capital flows: Evidence from China,kept,,,True,© 2018 Elsevier B.V.
1547,2-s2.0-85091779305,Ethical concerns regarding private equity in Right to Try in the USA,excluded,missing_abstract,,True,
1548,2-s2.0-85088379427,Bitcoin price anomalies: Peer-to-peer (P2P) trading on localbitcoins,kept,,,True,© 2019 Portfolio Management Research. All Right Reserved.
1549,2-s2.0-85093901533,Infrastructure investment as a true portfolio diversifier,kept,,,True,© 2019 Portfolio Management Research. All right reserved.
1550,2-s2.0-85083376256,Development of a Techno-economic Framework for Renewable Energy Project Financing,kept,,,True,© 2019 IEEE.
1551,2-s2.0-85102156173,Venture capital internationalization: Synthesis and future research directions,kept,,,True,© 2019 The Authors.
1552,2-s2.0-85045109147,The interplay between home and host country institutions in an emerging market context: Private equity in Latin America,kept,,,True,© 2018 Elsevier Inc.
1553,2-s2.0-85104811894,An inconvenient fact: Private equity returns and the billionaire factory,kept,,,True,© 2020 Journal of Index Investing. All rights reserved.
1554,2-s2.0-85047248855,Entrepreneurial finance: Unifying themes and future directions,kept,,,True,© 2018 Elsevier B.V.
1555,2-s2.0-85076279330,Comment on: “Conflicts of interest for physician owners of private equity–owned medical practices”,excluded,missing_abstract,,True,
1556,2-s2.0-85073502292,A new method to estimate risk and return of commercial real estate assets from cash flows,kept,,,True,"© 2019, American Real Estate Society. All rights reserved."
1557,2-s2.0-85059232671,Market risk calculation for private equity fund-of-funds,kept,,,True,© Henry Stewart Publications 1752-8887 (2018).
1558,2-s2.0-85100882444,Private Equity Demystified: An Explanatory Guide,kept,,,True,"© John Gilligan & Mike Wright 2008, 2010, 2014, 2020. All rights reserved."
1559,2-s2.0-85077604233,SBA small business investment company program (updated),kept,,,True,"© 2019 by Nova Science Publishers, Inc."
1560,2-s2.0-85053705267,Angel investors around the world,kept,,,True,"© 2018, Academy of International Business."
1561,2-s2.0-85029709411,Ethanol production from food waste in West Attica: evaluation of investment plans under uncertainty,kept,,,True,"© 2017 Informa UK Limited, trading as Taylor & Francis Group."
1562,2-s2.0-85062680719,A dual portfolio approach to a student managed fund,kept,,,True,"© 2019, Emerald Publishing Limited."
1563,2-s2.0-85088400011,Institutional Investment Strategy and Manager Choice: A Critique,kept,,,True,© 2020 Journal of Alternative Investments. All rights reserved.
1564,2-s2.0-85106797567,Has private equity performed for investors? An annotated bibliography,kept,,,True,© 2020 Ria Thomson. All rights reserved.
1565,2-s2.0-85092612666,"Corrigendum: Who is agile? An investigation of the psychological antecedents of workforce agility (GBOE, (2020), 39, 6, (28–38), 10.1002/joe.22055)",kept,,,True,© 2020 Wiley Periodicals LLC
1566,2-s2.0-85021109887,Are minority-owned businesses underserved by financial markets? Evidence from the private-equity industry,kept,,,True,"© 2017, Springer Science+Business Media New York."
1567,2-s2.0-85091064492,"Profile of elevate textiles: A global trailblazer in performance fabrics, threads and technologies",kept,,,True,© Textiles Intelligence Limited 2020.
1568,2-s2.0-85093902334,Private equity program breadth and strategic asset allocation,excluded,missing_abstract,,True,
1569,2-s2.0-85072051031,Reliability and relevance of fair values: private equity investments and investee fundamentals,kept,,,True,"© 2019, Springer Science+Business Media, LLC, part of Springer Nature."
1570,2-s2.0-85059351922,Financial geography II: Financial geographies of housing and real estate,kept,,,True,© The Author(s) 2018.
1571,2-s2.0-85065851598,Intermediation in Private Equity: The Role of Placement Agents,kept,,,True,"Copyright © Michael G. Foster School of Business, University of Washington 2019."
1572,2-s2.0-85050511542,Private equity deal success and pre-acquisition determinants–empirical evidence from Germany,kept,,,True,"© 2018, © 2018 Informa UK Limited, trading as Taylor & Francis Group."
1573,2-s2.0-85070627211,Private Equity Investment in Health Care - Reply,excluded,missing_abstract,,True,
1574,2-s2.0-85164491391,The Impact of Private Equity Fund on Firms’ Tax Avoidance*,kept,,,True,"© 2019, Korean Accounting Association. All rights reserved."
1575,2-s2.0-85095615416,ESG factor integration into private equity,kept,,,True,"© 2020 by the authors. Licensee MDPI, Basel, Switzerland."
1576,2-s2.0-85081379772,Amazon and Whole Foods: adventures in grocery shopping,kept,,,True,"© 2020, Emerald Publishing Limited."
1577,2-s2.0-85091125467,"Re: Private Equity Acquisitions of Physician Medical Groups Across Specialties, 2013-2016",excluded,missing_abstract,,True,
1578,2-s2.0-85061923258,Founder retention as CEO at IPO in emerging economies: The role of private equity owners and national institutions,kept,,,True,© 2019 Elsevier Inc.
1579,2-s2.0-85063564083,THE EFFECTS OF ACTIVIST INVESTORS ON FIRMS’ MERGERS AND ACQUISITIONS,kept,,,True,© 2019 The Southern Finance Association and the Southwestern Finance Association
1580,2-s2.0-85088369512,Practical applications of demystifying illiquid assets: Expected returns for private equity,excluded,missing_abstract,,True,
1581,2-s2.0-85088399195,Expected shortfall asset allocation: A multi-dimensional risk-budgeting framework,kept,,,True,© 2019 Portfolio Management Research. All Right Reserved.
1582,2-s2.0-85070517990,Words Speak Louder without Actions,kept,,,True,© 2019 the American Finance Association
1583,2-s2.0-85069850804,"Private Equity and Dermatology - First, Do No Harm",excluded,missing_abstract,,True,
1584,2-s2.0-85078213722,Private Equity and Venture Capital in China in the Aftermath of the Sino-American Trade Disputes,kept,,,True,"© 2020 Emerging Markets Institute, Beijing Normal University."
1585,2-s2.0-85068049287,Formation of proactive strategies of chinese private equity funds in the russian corporate control market,kept,,,True,© Siberian Federal University. All rights reserved.
1586,2-s2.0-85079142478,Finance and investment needs of space SMEs in Europe a survey-based analysis,kept,,,True,Copyright © 2019 by the International Astronautical Federation (IAF). All rights reserved.
1587,2-s2.0-85149574971,Space Finance for ‘New Space’ and Small Satellites,kept,,,True,© Springer Nature Switzerland AG 2020.
1588,2-s2.0-85053366528,Role of capital market to accelerate the transition to low-carbon energy system,kept,,,True,© Springer Nature Singapore Pte Ltd. 2018.
1589,2-s2.0-85101910243,Equity crowdfunding in the eurasian economic union (EAEU),kept,,,True,"© Shaghikyan A.S., Hayrapetyan H.N., 2020"
1590,2-s2.0-85096654560,When investor incentives and consumer interests diverge: Private equity in higher education,kept,,,True,© The Author(s) 2019. Published by Oxford University Press on behalf of The Society for Financial Studies. All rights reserved.
1591,2-s2.0-85047501701,Incentive Structure of Special Purpose Acquisition Companies,kept,,,True,"© 2018, T.M.C. Asser Press."
1592,2-s2.0-85088394732,Investments in cryptocurrencies: Handle with care!,kept,,,True,© 2019 Portfolio Management Research. All rights reserved.
1593,2-s2.0-85087818219,Private equity focused on family firms & small and medium sized companies: Review and science mapping analysis of the recent scientific field.,kept,,,True,© 2019 Universidad de Malaga. All Rights Reserved.
1594,2-s2.0-85078116305,Permian operators delivering strong production,kept,,,False,
1595,2-s2.0-85071714412,A development bank’s choice of private equity partner: a behavioural game-theoretic approach*,kept,,,True,"© 2019, © 2019 Informa UK Limited, trading as Taylor & Francis Group."
1596,2-s2.0-85076270826,Conflicts of interest for physician owners of private equity–owned medical practices,excluded,missing_abstract,,True,
1597,2-s2.0-85070917212,Social housing as infrastructure: An investment pathway,kept,,,True,© Australian Housing and Urban Research Institute Limited 2018
1598,2-s2.0-85081366676,Private Equity in Ophthalmology and Optometry: Analysis of Acquisitions from 2012 through 2019 in the United States,kept,,,True,© 2020 American Academy of Ophthalmology
1599,2-s2.0-85056834050,How Big of a Lemons Market is the Secondary Market for Private Equity Real Estate Limited Partnerships?,kept,,,True,"© 2018, Springer Science+Business Media, LLC, part of Springer Nature."
1600,2-s2.0-85095861140,Re: The Growth of Private Equity Investment in Health Care: Perspectives from Ophthalmology,excluded,missing_abstract,,True,
1601,2-s2.0-85081532512,The Role of Financial Markets and Institutions in Private Sector Development in Africa,kept,,,True,© 2019 Elsevier Inc. All rights reserved..
1602,2-s2.0-85088361822,Beyond bitcoin: A statistical comparison of leading cryptocurrencies and fiat currencies and their impact on portfolio diversification,kept,,,True,© 2019 Portfolio Management Research. All Right Reserved.
1603,2-s2.0-85052670523,Putting private equity scorecard approach (PESA™) to work,excluded,missing_abstract,,True,
1604,2-s2.0-85051057458,Foreign ownership and innovation in independent SMEs. A cross-European analysis,kept,,,True,"© 2017, © 2017 Journal of the Canadian Council for Small Business and Entrepreneurship/Conseil de la PME et de l'entrepreneuriat."
1605,2-s2.0-85044967320,Venture capital and private equity financing: an overview of recent literature and an agenda for future research,kept,,,True,"© 2017, Springer-Verlag GmbH Germany."
1606,2-s2.0-85065878700,Earnings management in the private equity divestment process on warsaw stock exchange,kept,,,True,"© 2018, Institute of Economic Research. All rights reserved."
1607,2-s2.0-85092680724,"Institutional review board quality, private equity, and promoting ethical human subjects research",kept,,,True,© 2020 American College of Physicians. All rights reserved.
1608,2-s2.0-85089911461,On the differential analysis of enterprise valuation methods as a guideline for unlisted companies assessment (I): Empowering discounted cash flow valuation,kept,,,True,© 2020 by the authors.
1609,2-s2.0-85053444620,Evidence of governance arbitrage by private equity sponsors,kept,,,True,© 2018 Accounting and Finance Association of Australia and New Zealand
1610,2-s2.0-85102147446,Private equity funds and croatian experience; [Private Equity fondovi i hrvatsko iskustvo],kept,,,True,"© 2020, University of Zagreb, Faculty of Political Sciences. All rights reserved."
1611,2-s2.0-85144893671,Performance of Private Equity Funds in Korea,kept,,,True,"© 2020, Korean Securities Association. All rights reserved."
1612,2-s2.0-85104583889,Promoting employee ownership: a look at the states,kept,,,True,"© 2019, Emerald Publishing Limited."
1613,2-s2.0-85122243648,Investment funds and underpricing of shares,kept,,,True,"© 2019, Hitalo Alberto de Souza Faria Castilho, Matheus Souza De Resende, Eduardo Ramos de Oliveira Franco Montoro, Vinicius Akio De Almeida Shotoko, Michele Nascimento Jucá and Eli Hadad Junior."
1614,2-s2.0-85074956437,Theory and practice of valuation approaches in renewable energy investments: A survey among investment professionals,kept,,,True,© 2019 Inderscience Enterprises Ltd.
1615,2-s2.0-85034833746,Country of Origin Effects and New Financial Actors: Private Equity Investment and Work and Employment Practices of French Firms,kept,,,True,© 2017 John Wiley & Sons Ltd.
1616,2-s2.0-85051675679,Are foreign private equity buyouts bad for workers?,kept,,,True,© 2018 Elsevier B.V.
1617,2-s2.0-85058767640,"Between cooperative and private equity capital in the Norwegian food sector: How do the corporate, cultural and political environments make a difference?",excluded,missing_abstract,,True,
1618,2-s2.0-85082736290,Inquiry into the moroccan private equity industry: A proposal of an adapted value creation framework,kept,,,True,© 2020 Sciedu Press.
1619,2-s2.0-85056461710,Family ownership and R&D investment: the moderating role of banks and private equity,kept,,,True,"© 2018, Emerald Publishing Limited."
1620,2-s2.0-85085135955,Implications of Private Equity in Oral and Maxillofacial Surgery,excluded,missing_abstract,,True,
1621,2-s2.0-85096533095,There's no need to be a pioneer in emerging private equity markets,kept,,,True,© 2020 Elsevier B.V.
1622,2-s2.0-85121723742,Impact of Private Equity Trading Platforms on Firm Value and Corporate Governance,kept,,,True,"© 2020, Korean Securities Association. All rights reserved."
1623,2-s2.0-85077457128,Risk Adjustment in Private Equity Returns,kept,,,True,© 2019 by Annual Reviews. All rights reserved.
1624,2-s2.0-85052932103,Introduction: Business groups re-examined,kept,,,True,© Oxford University Press 2018. All rights reserved.
1625,2-s2.0-85054577848,Follow-on financing through syndication in the VC industry–a signaling perspective of VC human capital and fund characteristics,kept,,,True,"© 2018, © 2018 Informa UK Limited, trading as Taylor & Francis Group."
1626,2-s2.0-85048048851,Annington versus Deutsche Annington: Private Equity and Housing in the Anglo-Saxon and Rhenish Contexts,kept,,,True,"© 2018, © 2018 The Author(s). Published by Informa UK Limited, trading as Taylor & Francis Group."
1627,2-s2.0-85078325101,Private equity firms and management control: the framing of shareholder-oriented practices,kept,,,True,"© 2020, Springer Science+Business Media, LLC, part of Springer Nature."
1628,2-s2.0-85073107448,Herd behaviour in buyout investments,kept,,,True,© 2019 Elsevier B.V.
1629,2-s2.0-85084245749,Hedge fund manager fraud through PIPEs: Analysis of operational risk and the limits of law enforcement,kept,,,True,"© 2018, Emerald Publishing Limited."
1630,2-s2.0-85106643054,Quadratic hedging strategies for private equity fund payment streams,kept,,,True,© 2019 China Science Publishing & Media Ltd.
1631,2-s2.0-85056455166,"Crouching tigers, hidden dragons: Private equity fund selection in China",kept,,,True,© 2018
1632,2-s2.0-85055791605,Characteristics of venture capital investing in a climate of the digitalization of the Russian economy,kept,,,True,© IAEME Publication.
1633,2-s2.0-85035080740,Does culture affect the performance of private equity buyouts?,kept,,,True,"© 2017, Springer-Verlag GmbH Germany, part of Springer Nature."
1634,2-s2.0-85118586370,The Blitzkrieg Acquisition of Medical Practices by Private Equity,excluded,missing_abstract,,True,
1635,2-s2.0-85065758061,Private equity and human capital risk,kept,,,True,© 2019 The Authors
1636,2-s2.0-85088511114,Selection determinants for private equity investments,kept,,,True,Copyright © 2019 Pageant Media Ltd.
1637,2-s2.0-85081038202,Testing futures trading strategy assumptions,kept,,,True,© 2019 Portfolio Management Research. All Right Reserved.
1638,2-s2.0-85050485408,Do private equity funds manipulate reported returns?,kept,,,True,© 2018 Elsevier B.V.
1639,2-s2.0-85072761240,Making consumer to buy funds: Factor portfolio in global stock distribution market; [일반 소비자의 공모펀드 구매유인 제고 방안: 글로벌 주식유통시장에서 요인포트폴리오 활용],kept,,,True,© Korean Distribution Science Association (KODISA).
1640,2-s2.0-85085600908,Private equity determinants in European union,kept,,,True,"© 2020, Economic Laboratory for Transition Research. All rights reserved."
1641,2-s2.0-85082430286,The private equity negotiation myth,kept,,,True,Copyrights © 2020 by Yale Journal on Regulation.
1642,2-s2.0-85032585681,"Are private equity backed initial public offerings any different? Timing, information asymmetry and post-IPO survival",kept,,,True,© 2016 Elsevier B.V.
1643,2-s2.0-85089335095,Case study: Ehong capital and measuring impact in China,kept,,,True,© The Author(s) 2020.
1644,2-s2.0-85066943902,Private equity and financial fragility during the crisis,kept,,,True,"© The Author(s) 2018. Published by Oxford University Press on behalf of The Society for Financial Studies. All rights reserved. For permissions, please e-mail: journals.permissions@oup.com."
1645,2-s2.0-85074110261,Staged financing: Case study Indonesian's start-ups,kept,,,True,© 2019 International Business Information Management Association (IBIMA).
1646,2-s2.0-85075540599,"The origin, ownership and use of cash flows in leveraged buyouts",kept,,,True,© 2019 Board of Trustees of the University of Illinois
1647,2-s2.0-85060914230,The geography of initial coin offerings,kept,,,True,"© 2019, Springer Science+Business Media, LLC, part of Springer Nature."
1648,2-s2.0-85104778302,Failure of the endowment model,kept,,,True,© 2021 The Authors.
1649,2-s2.0-85072597773,Adverse selection and the performance of private equity co-investments,kept,,,True,© 2019
1650,2-s2.0-85119597379,Survival and Neural Models for Private Equity Exit Prediction,kept,,,True,© 2020 Elsevier B.V.. All rights reserved.
1651,2-s2.0-85048791952,"After pride, the fall: Abraaj, a private-equity firm, files for provisional liquidation",excluded,missing_abstract,,True,
1652,2-s2.0-85080042958,"Social impact investing, agriculture, and the financialisation of development: Insights from sub-Saharan Africa",kept,,,True,© 2020 Elsevier Ltd
1653,2-s2.0-85057788985,CFIUS expanded−−How will the broadened scope affect private equity?,excluded,missing_abstract,,True,
1654,2-s2.0-85074048228,Private equity net asset values and future cash flows,kept,,,True,© 2020 American Accounting Association. All rights reserved.
1655,2-s2.0-85130355463,Effects of regulation on audits: A Canadian example,kept,,,True,"© 2019 Wiley Periodicals, Inc."
1656,2-s2.0-85106818600,IRR: Snake oil by another name,kept,,,True,© 2020 Ria Thomson. All rights reserved.
1657,2-s2.0-85077895329,An empirical analysis of the performance of sponsored vs non-sponsored IPOs: Evidence from India,kept,,,True,"© 2019, Emerald Publishing Limited."
1658,2-s2.0-85063929201,Acquisitions by family businesses in continental Europe and their differences compared to private equity investors,kept,,,True,Copyright © 2019 Inderscience Enterprises Ltd.
1659,2-s2.0-85045855192,Limited partnership law and private equity: An instance of legislative capture?,kept,,,True,"© 2018 Informa UK Limited, trading as Taylor & Francis Group."
1660,2-s2.0-85078187001,Target governance provisions and acquisition types,kept,,,True,© 2020 Elsevier Inc.
1661,2-s2.0-85069532966,Power asymmetries and limits to eminent domain: The case of Missoula water's municipalisation,kept,,,True,© 2019 Water Alternatives.
1662,2-s2.0-85089769548,Private Equity’s Game Plan and Why it Should Matter to Us,excluded,missing_abstract,,True,
1663,2-s2.0-85176617800,Turning employees into owners: An analysis of policy initiatives for rebuilding the American Dream,kept,,,True,"© 2019, Emerald Publishing Limited."
1664,2-s2.0-85095720197,Hidden in plain sight-the impact of undrawn commitments,kept,,,True,© 2020 Universitat Politecnica de Valencia. All rights reserved.
1665,2-s2.0-85099963778,"Organizational knowledge, institutional environments, and the syndication of venture capital firms",kept,,,True,© 2020
1666,2-s2.0-85042525870,Correction to: The interplay of national distances and regional networks: Private equity investments in emerging markets (Journal of International Business Studies (2018) DOI: 10.1057/s41267-017-0141-5),kept,,,True,© 2018 The Author(s).
1667,2-s2.0-85074940717,Private equity in the global economy: Evidence on industry spillovers,kept,,,True,© 2019 Elsevier B.V.
1668,2-s2.0-85085854774,The growth of private equity investment in health care: Perspectives from ophthalmology,kept,,,True,"© 2020 Project HOPE— The People-to-People Health Foundation, Inc."
1669,2-s2.0-85065165578,The risk and return of private equity real estate funds,kept,,,True,© 2019
1670,2-s2.0-85091411610,"Private Equity, Women's Health, and the Corporate Transformation of American Medicine",excluded,missing_abstract,,True,
1671,2-s2.0-85086246561,Private equity and qualified small business stock: Tax implications of various holding company structures for control investments,kept,,,True,© 2019 Portfolio Management Research. All right reserved.
1672,2-s2.0-85078840398,The evolution of financing entrepreneurship,kept,,,True,© 2019 by Emerald Publishing Limited.
1673,2-s2.0-85068680679,Private equity acquisition of physician practices,excluded,missing_abstract,,True,
1674,2-s2.0-85150141722,Democratizing Capital: Building Union Coop Partnerships Through Economically Targeted Investing and Crowdfunding Innovations,kept,,,True,"© The Editor(s) (if applicable) and The Author(s), under exclusive license to Springer Nature Singapore Pte Ltd. 2020."
1675,2-s2.0-85077569198,"Small Business Innovation Research: Few Agencies Made Awards to Small Businesses Majority-Owned by Multiple Venture Capital Operating Companies, Hedge Funds, or Private Equity Firms",excluded,missing_abstract,,True,
1676,2-s2.0-85064269249,The determinants of IPO withdrawal – Evidence from Europe,kept,,,True,© 2019
1677,2-s2.0-85059086638,"Innovation in newly public firms: The influence of government grants, venture capital, and private equity",kept,,,True,© The Author(s) 2018.
1678,2-s2.0-85088394748,The myth of hedge fund fee diversification,kept,,,True,© 2019 Portfolio Management Research. All Right Reserved.
1679,2-s2.0-85133056165,FINANCIAL TECHNOLOGY AND HEDGE FUNDS,kept,,,True,© Oxford University Press 2021.
1680,2-s2.0-85083032057,Paying for performance in private equity: Evidence from venture capital partnerships,kept,,,True,© 2019 INFORMS.
1681,2-s2.0-85166184736,A Framework for Examining the Heterogeneous Opportunities of Value Creation in Private Equity Buyouts,kept,,,True,"© Francesco Castellaneta, Simon Hannus and Mike Wright (2019)."
1682,2-s2.0-85074680301,Private equity globalisation: Ethical business challenges,kept,,,True,"© 2019 by Nova Science Publishers, Inc. All rights reserved."
1683,2-s2.0-85149597173,Private Equity in Central and Eastern Europe: The Early Years,kept,,,True,"© The Editor(s) (if applicable) and The Author(s), under exclusive licence to Springer Nature Switzerland AG 2020."
1684,2-s2.0-85093900843,Do investor origins affect private equity investment syndicates? A case from India,excluded,missing_abstract,,True,
1685,2-s2.0-85078477424,Content and Characteristics of Private in-House Meetings,kept,,,True,© 2020 The Institute of Behavioral Finance.
1686,2-s2.0-85084364532,A new development in private equity: The rise and progression of special purpose acquisition companies in europe and asia,kept,,,True,© 2020 by Brandon Schumacher.
1687,2-s2.0-85093901929,Private equity investment: The outlook for Latin America,kept,,,True,© 2019 Portfolio Management Research. All right reserved.
1688,2-s2.0-85088370681,Another look at private real estate returns by strategy,kept,,,True,© 2019 Portfolio Management Research. All Right Reserved.
1689,2-s2.0-85042384832,Optimising ‘cash flows’: converting corporate finance to hard currency,kept,,,True,"© 2018 The Author(s). Published by Informa UK Limited, trading as Taylor & Francis Group."
1690,2-s2.0-85079696100,"Private Equity Acquisitions of Physician Medical Groups Across Specialties, 2013-2016",excluded,missing_abstract,,True,
1691,2-s2.0-85067362244,"The role of catastrophe bonds in an international multi-asset portfolio: Diversifier, hedge, or safe haven?",kept,,,True,© 2019 Elsevier Inc.
1692,2-s2.0-85042591269,Early-stage private equity: Real alpha is available when done right,excluded,missing_abstract,,True,
1693,2-s2.0-85098457916,Analysis of the relationship between income inequality and economic growth: Is there Kuznets curved in Thailand?,kept,,,True,© 2020 Owner/Author.
1694,2-s2.0-85063946020,Determinants of private equity investment across sectors in India,kept,,,True,"© 2019, Emerald Publishing Limited."
1695,2-s2.0-85092140885,“Private Equity and the Private Practice of Medicine”,excluded,missing_abstract,,True,
1696,2-s2.0-85037817723,Tourism and Natural World Heritage: A Complicated Relationship,kept,,,True,"© 2017, © The Author(s) 2017."
1697,2-s2.0-85051107744,Pay now or pay later? The economics within the private equity partnership,kept,,,True,© 2018
1698,2-s2.0-85061103661,Stock Performance and Insider Trading in Completed and Canceled Private Placements,kept,,,True,© 2019 Korean Securities Association
1699,2-s2.0-85055798680,Agribusiness entrepreneurial strategies during financialization era. A case study: El tejar; [Las estrategias empresariales del agronegocio en la era de la financiarización. El caso de El Tejar],kept,,,True,© 2018 Centro de Estudios Historico-Rurales. All rights reserved.
1700,2-s2.0-85090141572,A Classifiers Voting Model for Exit Prediction of Privately Held Companies,kept,,,True,© 2020 EUCA.
1701,2-s2.0-85091837244,Reduced supply in the organ donor market and how 3D printing can address this shortage: A critical inquiry into the collateral effects of driverless cars,kept,,,True,© 2020 by the authors.
1702,2-s2.0-85077313190,Financial crisis and private equity performance in France,kept,,,True,© 2020 Inderscience Enterprises Ltd.
1703,2-s2.0-85076898423,Private Equity Investment in Behavioral Health Treatment Centers,excluded,missing_abstract,,True,
1704,2-s2.0-85088515522,Demystifying illiquid assets: Expected returns for private equity,kept,,,True,Copyright © 2020 Pageant Media Ltd.
1705,2-s2.0-85091941072,Early indicators of fundraising success by venture capital firms,kept,,,True,© 2020 Elsevier B.V.
1706,2-s2.0-85088590134,Implications of quantal response statistical equilibrium,kept,,,True,© 2020 Elsevier B.V.
1707,2-s2.0-85052673782,Can private equity firms pay fair value for acquisitions?,excluded,missing_abstract,,True,
1708,2-s2.0-85075791122,Post-acquisition performance of private acquirers,kept,,,True,© 2019 Elsevier B.V.
1709,2-s2.0-85087550942,Assessment of corporate social responsibility performance and state promotion policies: A case study of the Baltic states,kept,,,True,© 2020 The Author(s). Published by VGTU Press.
1710,2-s2.0-85029504787,Culminating events and time working together in top management teams: Insights from private equity,kept,,,True,© 2017 Elsevier Ltd
1711,2-s2.0-85070325806,Barbarians at the Gate of the Middle Kingdom: The International Mobility of Financing Contract and Governance,kept,,,True,© The Author(s) 2017.
1712,2-s2.0-85064918615,Alternative investments: Is it a solution to the funding shortage of US public pension plans?,kept,,,True,Copyright © Cambridge University Press 2019.
1713,2-s2.0-85088527992,"Alternative asset fees, returns, and volatility of state pension funds: A case study of the New Jersey pension fund",kept,,,True,Copyright © 2020 Pageant Media Ltd.
1714,2-s2.0-85136435763,Achieving Growth with Private Equity,kept,,,True,© 2020 by Charles W. Donovan All rights reserved.
1715,2-s2.0-85088502433,"CLOs, private equity, pensions, and systemic risk",kept,,,True,Copyright © 2020 Pageant Media Ltd.
1716,2-s2.0-85071470671,Practice Management in Oral and Maxillofacial Surgery,kept,,,True,© 2019 Elsevier Inc.
1717,2-s2.0-85089336003,Modern China: Financial cooperation for solving sustainability challenges,kept,,,True,© The Author(s) 2020.
1718,2-s2.0-85100913914,"Asset-based financing: Financing the space economy of the future through an international system of secured transactions law, one space object at a time",kept,,,True,© 2020 by DLR-SART.
1719,2-s2.0-85061337844,Does it pay to pay performance fees? Empirical evidence from Dutch pension funds,kept,,,True,© 2019 Elsevier Ltd
1720,2-s2.0-85077269661,Performance of private equity funds in india: A select study1,excluded,missing_abstract,,True,
1721,2-s2.0-85128121409,Recent advances and applications in alternative investments,kept,,,True,© 2020 by IGI Global. All rights reserved.
1722,2-s2.0-85150708052,Pricing companies: Ethno-accounting of private equity activity,kept,,,True,© The Author(s)
1723,2-s2.0-85089577275,Impact investing,kept,,,True,© 2020 Elsevier B.V.
1724,2-s2.0-85052933807,"Politics, institutions, and diversified business groups comparisons across developed countries",kept,,,True,© Oxford University Press 2018. All rights reserved.
1725,2-s2.0-85060475743,State aid and investment: Case of Slovakia,kept,,,True,© 2018 by author(s) and VsI Entrepreneurship and Sustainability Center.
1726,2-s2.0-85097881250,Asset pricing: Trouble in value land,kept,,,True,"© 2020 CREA-DC, Research Centre for Plant Protection and Certification. All rights reserved."
1727,2-s2.0-85106253457,Calculating outperformance in dollars: Introducing the excess value method,kept,,,True,© 2021 Pageant Media Ltd.
1728,2-s2.0-85103225920,Asset Allocation and Private Market Investing,kept,,,True,Copyright 2021 Pageant Media Ltd.
1729,2-s2.0-85097503744,"Enterprising Women: Independence, Finance and Virago Press, c.1976-93",kept,,,True,© 2020 The Author(s) [2019]. Published by Oxford University Press. All rights reserved.
1730,2-s2.0-85130237599,FINANCING SMALL AND MEDIUM-SIZED ENTERPRISES AND ENHANCING QUALITY: PRIVATE EQUITY INSIGHTS,kept,,,True,"© 2019, Faculty of Engineering, University of Kragujevac. All rights reserved."
1731,2-s2.0-85050627110,"As private-equity rms mature, the way they buy and sell is changing",excluded,missing_abstract,,True,
1732,2-s2.0-85070906878,"Skill, syndication, and performance: Evidence from leveraged buyouts",kept,,,True,© 2019 Elsevier B.V.
1733,2-s2.0-85060588341,Tracing the socio-spatial logics of transnational landlords’ real estate investment: Blackstone in Madrid,kept,,,True,© The Author(s) 2019.
1734,2-s2.0-85073300842,Market conditions and the exit rate of private equity investments in an emerging economy,kept,,,True,"© 2019, ANPAD - Associacao Nacional de Pos-Graduacao e Pesquisa em Administracao. All rights reserved."
1735,2-s2.0-85066912035,The “sell in May” effect: an empirical investigation of globally listed private equity markets,kept,,,True,"© 2019, Emerald Publishing Limited."
1736,2-s2.0-85081949702,The evolution of private equity in dermatology,kept,,,True,© 2020 Elsevier Inc.
1737,2-s2.0-85063216113,Private equity: where we have been and the road ahead,kept,,,True,"© 2019, © 2019 Informa UK Limited, trading as Taylor & Francis Group."
1738,2-s2.0-85096684575,Contract design of private equity funds with a quadratic utility function,kept,,,True,"© 2020, Editorial Board of Journal of Systems Engineering Society of China. All right reserved."
1739,2-s2.0-85107263325,Harmoney: Semantics for fintech,kept,,,True,"Copyright © 2020 by SCITEPRESS - Science and Technology Publications, Lda. All rights reserved."
1740,2-s2.0-85070008885,Management control practices and knowledge intensive business services: Insights from a private equity setting,kept,,,True,© 2019 Academic Conferences Limited. All rights reserved.
1741,2-s2.0-85060646387,High-tech entrepreneurial firms’ innovation in different institutional settings. Do venture capital and private equity have complementary or substitute effects?,kept,,,True,"© 2019, © 2019 Informa UK Limited, trading as Taylor & Francis Group."
1742,2-s2.0-85093876924,Profitability analysis of select private equity funds in India,excluded,missing_abstract,,True,
1743,2-s2.0-85149565061,An Overview of the Private Equity and Venture Capital Industry in Brazil,kept,,,True,"© The Editor(s) (if applicable) and The Author(s), under exclusive licence to Springer Nature Switzerland AG 2020."
1744,2-s2.0-85076830102,Sustainable ipr practices to address risk capital finance in software industries in developing countries,kept,,,True,© Springer Nature Singapore Pte Ltd. 2020
1745,2-s2.0-85169705595,AUTOMOTIVE ALUMINUM—PART IX OBSTACLES ON THE ROAD TO ALUMINUM VEHICLE PRODUCTION,kept,,,False,
1746,2-s2.0-85064648752,Optimization of concession period for public private partnership toll roads,kept,,,True,"© 2019, Kauno Technologijos Universitetas. All rights reserved."
1747,2-s2.0-85073532829,Behavioural finance and investment preference in private equity Indian companies,kept,,,True,©BEIESP.
1748,2-s2.0-85088373750,Fitting private equity into the total portfolio framework,kept,,,True,© 2019 Portfolio Management Research. All rights reserved.
1749,2-s2.0-85055752466,Private equity ownership and nursing home quality: an instrumental variables approach,kept,,,True,"© 2018, Springer Science+Business Media, LLC, part of Springer Nature."
1750,2-s2.0-85074526022,Capitalising the farm family entrepreneur: negotiating private equity partnerships in Australia,kept,,,True,"© 2019, © 2019 Geographical Society of New South Wales Inc."
1751,2-s2.0-85063886199,When do family firms consider issuing external equity? Understanding the contingent role of families’ need for control,kept,,,True,"© 2019, Emerald Publishing Limited."
1752,2-s2.0-85099304602,Randomized contracts in limited partnership private equity fund,kept,,,True,"© 2020, Editorial Board of Journal of Systems Engineering Society of China. All right reserved."
1753,2-s2.0-85081715663,"Angel investors, seed-stage investors and founders influence on FinTech funding: an emerging market context",kept,,,True,"© 2020 Informa UK Limited, trading as Taylor & Francis Group."
1754,2-s2.0-85051431871,Efforts to Privatize the United States Postal Service: Labor’s Response,kept,,,True,© 2017 UALE.
1755,2-s2.0-85081337134,Annual survey of judicial developments pertaining to private equity and venture capital,kept,,,True,© 2019 The Business Lawyer. All rights reserved.
1756,2-s2.0-85097881435,Should you have more China in your portfolio? Putting common arguments for increased China exposure to the test,kept,,,True,© 2020 Society of Veterinary Medicine of the State of Rio de Janeiro. All rights reserved.
1757,2-s2.0-85060830282,CEO Compensation after Harvester Director Departure,kept,,,True,© 2019 World Scientific Publishing Company.
1758,2-s2.0-85099295780,Can venture capital screen and foster entrepreneurial firms? Empirical evidence from fuzzy regression discontinuity,kept,,,True,"© 2020, Editorial Board of Journal of Systems Engineering Society of China. All right reserved."
1759,2-s2.0-85082181291,Exchange-traded fund investing as European open-end diversified core equity real-estate funds' cash substitute,kept,,,True,"© 2020, Emerald Publishing Limited."
1760,2-s2.0-85058049895,Do egalitarians always help the disadvantaged more than the advantaged? Testing a value-norm conflict hypothesis in Malaysia,kept,,,True,"© 2018 Asian Association of Social Psychology and John Wiley & Sons Australia, Ltd"
1761,2-s2.0-85059704129,"Barriers to guideline adherence: Identification of barriers to guideline adherence using a survey on the AWMF S3 guideline epidemiology, diagnosis, treatment, and management of uncomplicated bacterial, community-acquired urinary tract infections in adult patients; [Barrieren der Leitlinienadhärenz: Identifizierung von Barrieren der Leitlinienadhärenz am Beispiel einer Umfrage zur AWMF-S3-Leitlinie Epidemiologie, Diagnostik, Therapie und Management unkomplizierter bakterieller ambulant erworbener Harnwegsinfektionen bei erwachsenen Patienten]",kept,,,True,"© 2019, Springer Medizin Verlag GmbH, ein Teil von Springer Nature."
1762,2-s2.0-85130295330,Fund Managers: The Complete Guide,kept,,,True,© 2020 John Wiley & Sons Ltd.
1763,2-s2.0-85049214135,On the MENA private equity puzzle: Insights and recommendations,excluded,missing_abstract,,True,
1764,2-s2.0-85094832307,Comparative Performance of Private Equity-Owned US Nursing Homes during the COVID-19 Pandemic,kept,,,True,© 2020 Braun RT et al. JAMA Network Open.
1765,2-s2.0-85056187593,Transforming non-performing loans into re-performing loans: Hotel assets as a post-crisis rentier frontier in Spain,kept,,,True,© 2018 Elsevier Ltd
1766,2-s2.0-85088362412,The predictability of alternative UCITS fund returns,kept,,,True,© 2019 Portfolio Management Research. All rights reserved.
1767,2-s2.0-85091440429,"Changes in Hospital Income, Use, and Quality Associated with Private Equity Acquisition",kept,,,True,© 2020 American Medical Association. All rights reserved.
1768,2-s2.0-85100942049,Start-up space: Global investment trends,kept,,,True,"© Copyright 2020 by Stefan A. Kaiser Published by Eleven International Publishing, with permission."
1769,2-s2.0-85057801998,Industry-wise investment pattern of select private equity funds in India,excluded,missing_abstract,,True,
1770,2-s2.0-85106811366,Wake up!,kept,,,True,© 2020 Journal of Index Investing. All rights reserved.
1771,2-s2.0-85059971773,Private equity acquisition of physician practices,excluded,missing_abstract,,True,
1772,2-s2.0-85074131926,The rise of covenant-lite lending and implications for the UK’s corporate insolvency law toolbox,kept,,,True,© The Author(s) 2019. Published by Oxford University Press. All rights reserved.
1773,2-s2.0-85135315173,CHINA-ASEAN COOPERATION FUND,kept,,,True,"© 2019 selection and editorial matter, Cai Fang and Peter Nolan."
1774,2-s2.0-85042588950,Facing financialization: The divergent mutations of agricultural cooperatives in postapartheid South Africa,kept,,,True,© 2018 John Wiley & Sons Ltd
1775,2-s2.0-85078831034,Private equity's new billionaire machine,excluded,missing_abstract,,True,
1776,2-s2.0-85062625665,Inflation and the Boom-Bust Cycle in Corporate Leverage,kept,,,True,"© 2019, International Atlantic Economic Society."
1777,2-s2.0-85058895368,Ideological misfit? Political affiliation and employee departure in the private-equity industry,kept,,,True,© Academy of Management Journal.
1778,2-s2.0-85089250487,Management innovation in leveraged buyout companies,kept,,,True,"© 2020 Informa UK Limited, trading as Taylor & Francis Group."
1779,2-s2.0-85090493421,US Congress investigates effects of $80bn private equity industry on government healthcare programme,excluded,missing_abstract,,True,
1780,2-s2.0-85100554264,Is “accredited crowdfunding” a lemons market? Evidence from 506(c) filings,kept,,,True,© 2021 International Council for Small Business.
1781,2-s2.0-85089266943,"Private Equity Characteristics, Corporate Governance and Firm Value: Empirical Evidence from Small and Medium-sized Enterprises*",kept,,,True,"© 2020 East Asian Economic Association and John Wiley & Sons Australia, Ltd"
1782,2-s2.0-85102826036,What Should Be the Scope of the Beneficial Owner Concept?,kept,,,True,"© 2020, Kluwer Law International BV. All rights reserved."
1783,2-s2.0-85047083742,Financial intermediation in private equity: How well do funds of funds perform?,kept,,,True,© 2018 Elsevier B.V.
1784,2-s2.0-85065171405,The Emergence of Private Equity in Ophthalmology,excluded,missing_abstract,,True,
1785,2-s2.0-85088395468,Private equity valuations and public equity performance,excluded,missing_abstract,,True,
1786,2-s2.0-85067889672,Measuring Institutional Investors’ Skill at Making Private Equity Investments,kept,,,True,© 2019 the American Finance Association
1787,2-s2.0-85088534738,Private equity investment and local employment growth: A county-level analysis,kept,,,True,Copyright © 2020 Pageant Media Ltd.
1788,2-s2.0-85088936743,Risk classification of Asian real estate funds and their performance☆,kept,,,True,© 2020
1789,2-s2.0-85083875449,Market effects of private equity placement: Evidence from Chinese equity and bond markets,kept,,,True,© 2020 Elsevier Inc.
1790,2-s2.0-85065030345,A Day at the Office: Private Practice and Private Equity,excluded,missing_abstract,,True,
1791,2-s2.0-85093851437,"Private-equity commercial real estate, timberland, and farmland: Market integration and information transition dynamics",kept,,,True,© 2020 Canadian Science Publishing. All rights reserved.
1792,2-s2.0-85044571593,Do private acquirers pay less compared to public acquirers?,kept,,,True,© 2018
1793,2-s2.0-85057777107,The liquidity cost of private equity investments: Evidence from secondary market transactions,kept,,,True,© 2018
1794,2-s2.0-85067515803,Response to letter to the editor from Bennett and further thoughts on the corporatization of dermatology and private equity–backed dermatology groups,excluded,missing_abstract,,True,
1795,2-s2.0-85065405094,A comparative study of earnings quality of firms listed in the NEEQ market and the Growth Enterprise Market,kept,,,True,"© 2019, © 2019 Accounting Society of China."
1796,2-s2.0-85083900414,Private equity and anesthesiology groups: Implications to cost and quality of anesthesia care,excluded,missing_abstract,,True,
1797,2-s2.0-85218664792,"Introduction to Private Equity, Debt and Real Assets: From Venture Capital to LBO, Senior to Distressed Debt, Immaterial to Fixed Assets: Third Edition",kept,,,True,© 2020 John Wiley & Sons Ltd.
1798,2-s2.0-85059833877,The Impact of Private Equity and Venture Capital Funds on post-IPO Operational and Financial Performance in Brazilian invested companies,kept,,,True,© 2019 FUCAPE Business School. All Rights Reserved.
1799,2-s2.0-85086221060,"Financialised privatisation, affordable housing and institutional investment: The case of england",kept,,,True,"© 2020, Academy of Sciences of the Czech Republic, Institute of Sociology. All rights reserved."
1800,2-s2.0-85076581015,Implications of Private Equity Acquisition of Otolaryngology Physician Practices,excluded,missing_abstract,,True,
1801,2-s2.0-85070454515,Revisiting m&m with taxes: An alternative equilibrating process,kept,,,True,"© 2018 by the authors. Licensee MDPI, Basel, Switzerland."
1802,2-s2.0-85089965926,"Public Health, Private Equity, and the Pandemic",excluded,missing_abstract,,True,
1803,2-s2.0-85088316604,Private Equity–Backed Hospital Investments and the Impact of the Coronavirus Disease 2019 (COVID-19) Epidemic,excluded,missing_abstract,,True,
1804,2-s2.0-85093893188,Long-run management of private equity investment,excluded,missing_abstract,,True,
1805,2-s2.0-85054747090,Private equity: Rethinking the neoclassical axioms of capital markets,excluded,missing_abstract,,True,
1806,2-s2.0-85104279985,Social Enterprise for Elderly Housing: Policy for Accountability and Public-Private Responsible Financing,kept,,,True,"© 2018, Springer Nature B.V."
1807,2-s2.0-85118678165,"Profile of elevate textiles: A global trailblazer in performance fabrics, threads and technologies",kept,,,True,© Textiles Intelligence Limited 2020.
1808,2-s2.0-85093887979,Mature and not mature enough: Comparing private equity in developed and emerging markets,excluded,missing_abstract,,True,
1809,2-s2.0-85049379646,Fostering Private Equity Using a Law-First Approach: Lessons from South Korea,kept,,,True,© 2018 National University of Singapore.
1810,2-s2.0-85074472621,Private equity pays $2.4B for AECOM government unit,excluded,missing_abstract,,True,
1811,2-s2.0-85071800696,Enhancing access to finance for SMEs: The case of Central Asia,kept,,,True,© 2020 Asian Development Bank Institute (ADBI) and Organisation for Economic Co-operation and Development (OECD).
1812,2-s2.0-85068480011,How do venture capitalists make decisions?,kept,,,True,© 2019 Elsevier B.V.
1813,2-s2.0-105009177145,Structures for Managing Wealth,kept,,,True,© Springer Nature Switzerland AG 2018.
1814,2-s2.0-85063272031,Towards a collective regulatory system of private equity funds in China: Legislative progress and political challenges,kept,,,True,"© 2019 Kluwer Law International BV, The Netherlands."
1815,2-s2.0-85058641257,Public policy towards entrepreneurial finance: Spillovers and the scale-up gap,kept,,,True,© The Author(s) 2018. Published by Oxford University Press.
1816,2-s2.0-85093894069,Randomness for asset prices constrained by price limit regimes: A Malaysian case study,kept,,,True,© 2019 Portfolio Management Research. All right reserved.
1817,2-s2.0-85087619111,Valuation in the Sector of New Technologies - Taxonomic Measures and Comparison of Markets,kept,,,True,© 2019 IEEE.
1818,2-s2.0-85093901922,Have private equity returns really declined?,kept,,,True,© 2019 Portfolio Management Research. All right reserved.
1819,2-s2.0-85099234193,The financialization of big pharma; [La financiarización de las grandes empresas farmacéuticas],kept,,,True,© 2020 CSIC.
1820,2-s2.0-85087677364,"Financial operators in port infrastructures: Typologies, objectives and global strategies",kept,,,True,© Gordon Wilmsmeier and Jason Monios 2020.
1821,2-s2.0-85044644951,SWOT-AHP-TOWS analysis of private investment behavior in the Chinese biogas sector,kept,,,True,© 2018 Elsevier Ltd
1822,2-s2.0-85057786111,The private equity challenge to corporate finance,kept,,,True,© 2018 London Business School
1823,2-s2.0-85106559567,Introducing Objective Benchmark-Based Attribution in Private Equity,excluded,missing_abstract,,True,
1824,2-s2.0-85102579645,The static game model and application of private equity companies' compliance management and government supervision,kept,,,True,© 2020 IEEE.
1825,2-s2.0-85089172610,"Hail the new private debt machine: private equity, leveraged loans, and collateralised loan obligations",kept,,,True,"© 2020 Informa UK Limited, trading as Taylor & Francis Group."
1826,2-s2.0-85158957757,The Taxation of the Portuguese Venture Capital Industry,kept,,,True,"© 2019, International Bureau of Fiscal Documentation (IBFD). All rights reserved."
1827,2-s2.0-85044766984,Political and Interlocking Connections in the Boardroom on Private Equity Placements,kept,,,True,"Copyright © Taylor & Francis Group, LLC."
1828,2-s2.0-85048995626,Rates of return for crowdfunding portfolios: theoretical derivation and implications,kept,,,True,"© 2018, © 2018 Informa UK Limited, trading as Taylor & Francis Group."
1829,2-s2.0-85065201443,The investment behavior of buyout funds: Theory and evidence,kept,,,True,© 2019 Financial Management Association International
1830,2-s2.0-85158943107,Recent Luxembourg Tax Trends in the Private Equity Environment,kept,,,True,"© 2019, International Bureau of Fiscal Documentation (IBFD). All rights reserved."
1831,2-s2.0-105011317295,Annual Survey of Judicial Developments Pertaining to Private Equity and Venture Capital,excluded,missing_abstract,,True,
1832,2-s2.0-85076204135,Are Government Owned Investment Funds Created Equal? Evidence from Sovereign Wealth Fund Real Estate Acquisitions,kept,,,True,"© 2019, Springer Science+Business Media, LLC, part of Springer Nature."
1833,2-s2.0-85051651704,Brazil in the 2000s: Social policy under the iron fist of financialization; [Brasil anos 2000: A política social sob regência da financeirização],kept,,,True,"© 2018, Centro Brasileiro de Analise e Planejamento."
1834,2-s2.0-85134300068,"Search Engine, Inc.: Growth Versus Exit Strategy for a Mature Tech Start-Up",kept,,,True,© The Author(s) 2018.
1835,2-s2.0-85104818872,"Multi-family ventures, llc and the 2008 financial crisis: Ethical decisions regarding keeping the board informed",kept,,,True,© 2020 NeilsonJournals Publishing.
1836,2-s2.0-85070931174,Timberland investments in the United States: A review and prospects,kept,,,True,© 2019
1837,2-s2.0-85079266208,Analyze impact of private equity investment on the growth of small and medium-sized enterprises by big data technology,kept,,,True,© 2019 IEEE.
1838,2-s2.0-85050581376,Private equity is piling into health care,excluded,missing_abstract,,True,
1839,2-s2.0-85063626499,Powerful or powerless? Private equity as financial instrument in family firms and nonfamily firms; [Macht oder Ohnmacht? Private Equity als Finanzierungsinstrument in familiengeführten und nichtfamiliengeführten Unternehmen],kept,,,True,© 2018 Verlag Neue Wirtschafts-Briefe GmbH and Co. All Rights Reserved.
1840,2-s2.0-85051372351,Power Digest: Renewable projects planned in Australia. CWP renewables,kept,,,False,
1841,2-s2.0-85081213751,Leveraged buyouts and financial distress,kept,,,True,© 2020 Elsevier Inc.
1842,2-s2.0-85075159833,Human rights on the altar of the market: the Blackstone letters and the financialisation of housing,kept,,,True,"© 2019, © 2019 Informa UK Limited, trading as Taylor & Francis Group."
1843,2-s2.0-85041604549,The interplay of national distances and regional networks: Private equity investments in emerging markets,kept,,,True,"© 2018 The Author(s), corrected publication February 2018 All rights reserved."
1844,2-s2.0-85106792749,"Private equity is still equity, nothing special here",kept,,,True,© 2020 Ria Thomson. All rights reserved.
1845,2-s2.0-85073568291,Social infrastructure needs: Financing through digital platform,kept,,,True,© BEIESP.
1846,2-s2.0-85088388825,Why invest in private equity? A comparison of private equity and stock market returns,kept,,,True,© 2019 Portfolio Management Research. All rights reserved.
1847,2-s2.0-85137454501,Financing sustainable market actors in the circular economy,kept,,,True,© The Editors and Contributors Severally 2019. All rights reserved.
1848,2-s2.0-85074049629,Abnormal returns and asymmetric information surrounding strategic and financial acquisitions,kept,,,True,© 2019 Accounting and Finance Association of Australia and New Zealand
1849,2-s2.0-85034588941,Short selling around the expiration of IPO share lockups,kept,,,True,© 2017
1850,2-s2.0-85055676390,"Corporate governance, globalization and firm performance in emerging economies: Evidence from India",kept,,,True,"© 2018, Emerald Publishing Limited."
1851,2-s2.0-105007535112,INSTITUTIONS THAT FOSTER INNOVATIVE ENTREPRENEURSHIP IN BRAZIL: MAPPING AND CONNECTIONS; [INSTITUIÇÕES QUE PROMOVEM O EMPREENDEDORISMO INOVADOR NO BRASIL: MAPEAMENTO E CONEXÕES],kept,,,True,© 2020 UNIVERSIDADE FEEVALE. All rights reserved.
1852,2-s2.0-85059935217,Does seller status matter in inter-corporate asset sales?,kept,,,True,© 2018 Elsevier B.V.
1853,2-s2.0-85064610331,Institutional investors' investments in private equity: The more the better?,kept,,,True,"© 2019 Premier Publishing, Inc."
1854,2-s2.0-85057799323,Private equity investing 2018: Rethinking the private equity investment model to build value,excluded,missing_abstract,,True,
1855,2-s2.0-85088387741,Institutional investors and post-ICO performance: an empirical analysis of investor returns in initial coin offerings (ICOs),kept,,,True,© 2020 The Author(s)
1856,2-s2.0-85067318891,YPS Report: The Role of Private Equity in Medicine,excluded,missing_abstract,,True,
1857,2-s2.0-85079635753,Valuation of renewable energy investments: An explanatory mixed-methods study about applied approaches amongst practitioners,kept,,,True,© 2020 Inderscience Enterprises Ltd.
1858,2-s2.0-85110712694,Values at Work: Sustainable Investing and ESG Reporting,kept,,,True,"© The Editor(s) (if applicable) and The Author(s), under exclusive license to Springer Nature Switzerland AG 2020. All rights reserved."
1859,2-s2.0-85046031896,Exploring new organisational forms in English higher education: a think piece,kept,,,True,"© 2018, The Author(s)."
1860,2-s2.0-85070588472,Private Equity Investment in Health Care,excluded,missing_abstract,,True,
1861,2-s2.0-85077658410,Fintech and disruptions: An impact assessment,kept,,,True,© 2019 by Advance Scientific Research.
1862,2-s2.0-105034358830,"Financial Centers, International",kept,,,True,© 2020 Elsevier Ltd. unless otherwise stated. All rights reserved.
1863,2-s2.0-85104756597,Fine-Tuning Private Equity Replication Using Textual Analysis,excluded,missing_abstract,,True,
1864,2-s2.0-105036511267,Institutional Investments and Responsible Investing,kept,,,True,© The Author(s) 2019.
1865,2-s2.0-85053782835,Divisional buyouts by private equity and the market for divested assets,kept,,,True,© 2018 Elsevier B.V.
1866,2-s2.0-85089438760,Investment income taxes and private equity acquisition activity,kept,,,True,© 2020 Elsevier B.V.
1867,2-s2.0-85081961442,Dermatology resident perspectives on practice ownership structures and private equity-backed group practices,kept,,,True,© 2020 Elsevier Inc.
1868,2-s2.0-85104798601,Benchmarking the performance of private equity portfolios of the World's largest institutional investors: A view from CEM benchmarking,kept,,,True,© 2020 Pageant Media Ltd.
1869,2-s2.0-85076559995,The founder’s psychological ownership and its strategic implications,kept,,,True,"© 2019, Emerald Publishing Limited."
1870,2-s2.0-85048202580,Risk and performance of bonds sponsored by private equity firms,kept,,,True,© 2018 Elsevier B.V.
1871,2-s2.0-85070452041,Challenges to scaling sustainable private equity markets in emerging Europe,kept,,,True,© 2019 by the authors.
1872,2-s2.0-85077430699,Real estate: The case for investment in private and listed real estate,kept,,,True,© 2019 American Real Estate Society. All rights reserved.
1873,2-s2.0-85040794136,The Financialisation of Rental Housing 2.0: Releasing Housing into the Privatised Mainstream of Capital Accumulation,kept,,,True,© 2018 The Author. Antipode © 2018 Antipode Foundation Ltd.
1874,2-s2.0-85074799369,"Big City Problems: Private Equity Investment, Transnational Users, and Local Mobilization in the Small City",kept,,,True,© 2019 American Sociological Association
1875,2-s2.0-85074046735,Revisiting private equity performance computation for multi-asset investors,kept,,,True,"© 2019, Springer Nature Limited."
1876,2-s2.0-85088420907,A Decision Making Framework for Portfolio Selection in Private Equity Investments,excluded,missing_abstract,,True,
1877,2-s2.0-85082463999,Arab investments in Russian infrastructure,kept,,,True,"© 2020, Russian Academy of Sciences. All rights reserved."
1878,2-s2.0-85052716677,Determinants of private equity investments across the BRICS countries,excluded,missing_abstract,,True,
1879,2-s2.0-85074021432,Water governance in the USA,kept,,,True,"© 2020, Emerald Publishing Limited."
1880,2-s2.0-85093877894,Private equity trends to look out for in 2019,excluded,missing_abstract,,True,
1881,2-s2.0-85089805076,Triggerfish animation studios: the challenges of financing digital entertainment,kept,,,True,"© 2020, Emerald Publishing Limited."
1882,2-s2.0-85088399653,The (Mis)behavior of hedge fund strategies: A network based analysis,kept,,,True,© 2019 Portfolio Management Research. All rights reserved.
1883,2-s2.0-85049217921,New method of determining cost of equity in private equity investments,excluded,missing_abstract,,True,
1884,2-s2.0-105007397459,Early Stage Valuation: A Fair Value Perspective,kept,,,True,"© 2020 by John Wiley & Sons, Inc. All rights reserved."
1885,2-s2.0-85066866197,"Private equity investment criteria: An experimental conjoint analysis of venture capital, business angels, and family offices",kept,,,True,© 2019 The Authors
1886,2-s2.0-85110972811,Rumors of an Eclipse Are Exaggerated. The PE Model is Here to Stay,kept,,,True,© 2020 Annals of Corporate Governance. All rights reserved.
1887,2-s2.0-85052922579,"The United States in contemporary perspectives: Evolving forms, strategy, and performance",kept,,,True,© Oxford University Press 2018. All rights reserved.
1888,2-s2.0-85084379558,Hahnemann's closure as a lesson in private equity healthcare,excluded,missing_abstract,,True,
1889,2-s2.0-85060458436,"Funding Liquidity, Political Geography, and Private Equity Performance: Evidence from China",kept,,,True,"©, Copyright © Taylor & Francis Group, LLC."
1890,2-s2.0-85089028241,"Knotty financiers: A comparative take on finance, value, and inequality",kept,,,True,© 2020 Elsevier Inc.
1891,2-s2.0-85043308045,Old Wine in Private Equity Bottles? The Resurgence of Contract-for-Deed Home Sales in US Urban Neighborhoods,kept,,,True,© 2018 Urban Research Publications Limited
1892,2-s2.0-85050621304,Estimating Private Equity Returns from Limited Partner Cash Flows,kept,,,True,© 2018 the American Finance Association
1893,2-s2.0-85049984603,A framework for operational due diligence,kept,,,True,"© 2018, German Academic Society for Production Engineering (WGP)."
1894,2-s2.0-85045015137,On private equity exits of family firms in the German Mittelstand,kept,,,True,"© 2017, Springer-Verlag GmbH Germany."
1895,2-s2.0-85093895183,The impact of capital structure on mobile telecommunication operators in Africa,kept,,,True,© 2019 Portfolio Management Research. All right reserved.
1896,2-s2.0-85082526734,Who is the king of the hill? On bargaining power in private equity buyouts,kept,,,True,© 2018 Elsevier Ltd
1897,2-s2.0-85045073129,Private equity group reputation and financing structures in German leveraged buyouts,kept,,,True,"© 2017, Springer-Verlag Berlin Heidelberg."
1898,2-s2.0-85086008125,The Corporate Practice of Medicine: Ethical Implications of Orthopaedic Surgery Practice Ownership by Non-Physicians,kept,,,True,"COPYRIGHT © 2020 BY THE JOURNAL OF BONE AND JOINT SURGERY, INCORPORATED."
1899,2-s2.0-85121934234,"Coproducing the Rules of the Game State, Insurance and Private Equity in France during the 1990s; [Coproduire la règle du jeu État, assurance et capital-investissement dans la France des années 1990]; [Gemeinsam Spielregeln erarbeiten Staat, Versicherung und Risikokapital in Frankreich in den Jahren 1990]; [Coproducir las reglas del juego Estado, seguros y capital inversión en la Francia de los años 1990]",kept,,,True,© Presses de Sciences Po. Tous droits réservés pour tous pays.
1900,2-s2.0-85090113734,Michael milken: The junk dealer,kept,,,True,© Copyright 2019 Pageant Media Ltd.
1901,2-s2.0-85045003248,Venture capital and private equity finance as key determinants of economic development,excluded,missing_abstract,,True,
1902,2-s2.0-85092794049,Instituições que promovem o empreendedorismo inovador no brasil: Mapeamento e conexões; [Institutions that foster innovative entrepreneurship in brazil: Mapping and connections],excluded,duplicate_cleaned_abstract,2-s2.0-105007535112,True,© 2020 UNIVERSIDADE FEEVALEÂ . All rights reserved.
1903,2-s2.0-85097808536,Does the performance of private investment in public equity firms behave differently in different life cycles?,kept,,,True,"© 2020 Informa UK Limited, trading as Taylor & Francis Group."
1904,2-s2.0-85090799656,The (un?)enforceability of investor rights in indian private equity,kept,,,True,© 2020 University of Pennsylvania Law School. All rights reserved.
1905,2-s2.0-85085113213,My Life with Private Equity,excluded,missing_abstract,,True,
1906,2-s2.0-85078148557,"Signal strength, media attention, and resource mobilization: Evidence from new private equity firm",kept,,,True,© Academy of Management Journal
1907,2-s2.0-85069848014,Trends in Private Equity Acquisition of Dermatology Practices in the United States,kept,,,True,© 2019 American Medical Association. All rights reserved.
1908,2-s2.0-85046163489,Financial organizations: An overlooked element in regional innovation systems,kept,,,True,© Springer International Publishing AG 2018. All rights reserved.
1909,2-s2.0-85096508706,Private Equity Investments in Women's Health and Obstetrics and Gynecology Practices,kept,,,True,© 2020 Lippincott Williams and Wilkins. All rights reserved.
1910,2-s2.0-85061633927,Private equity in retina: Its role and what it means for fellows in training,excluded,missing_abstract,,True,
1911,2-s2.0-85068385715,"Legal protection of private equity investors in China: Practice, challenges and reform",kept,,,True,© 2019 Chi Zhang.
1912,2-s2.0-85066815490,Institutional Ownership and Private Equity Placements: Evidence from Chinese Listed Firms,kept,,,True,© 2018 International Review of Finance Ltd. 2018
1913,2-s2.0-85085147356,Corporate governance and corporate social responsibility interface: a case study of private equity,kept,,,True,"© 2020, Emerald Publishing Limited."
1914,2-s2.0-85080920224,Volcker rule revisions streamline and clarify proprietary trading and covered fund restrictions and compliance obligations,kept,,,True,© 2020 Sheshunoff Information Services. All rights reserved.
1915,2-s2.0-85075870898,Governance structures and the compensation of powerful corporate leaders in financial firms during M&As,kept,,,True,© 2019 Elsevier Inc.
1916,2-s2.0-85079158006,Small-scale private equity: demand versus supply,kept,,,True,"© 2020, Emerald Publishing Limited."
1917,2-s2.0-105005659625,The Formless Value Deal Maker,kept,,,True,© 2021 by John Wiley & Sons Singapore Pte. Ltd.
1918,2-s2.0-85090336897,Private Equity Investment Funds' Impact on Operational Capabilities: A Port Enterprise Sample,kept,,,True,"© Coastal Education and Research Foundation, Inc. 2020."
1919,2-s2.0-85107874653,The Economic Growth and the Opportunity for the Private Equity Funds to Divest: An Empirical Analysis for Eastern Europe,kept,,,True,"© 2019 Mihai Precup, published by Sciendo."
1920,2-s2.0-85148284833,Re: The Growth of Private Equity Investment in Health Care: Perspectives from Ophthalmology,excluded,missing_abstract,,True,
1921,2-s2.0-85081010408,"The time-varying role of timberland in long-term, mixed-asset portfolios under the mean conditional value-at-risk framework",kept,,,True,© 2020
1922,2-s2.0-85086243979,Private equity financing and third-party infrastructure: Future enabler,kept,,,True,"© 2020, Offshore Technology Conference."
1923,2-s2.0-85101051242,Private equity firms: Their role in the formation of strategic alliances,excluded,publisher_notice_only,,True,"Apart from any fair dealing for the purposes of research or private study, or criticism or review, as permitted under the Copyright, Designs and Patents Act 1988, this publication may only be reproduced, stored or transmitted, in any form or by any means, with the prior permission in writing of the publishers, or in the case of reprographic reproduction in accordance with the terms and licenses issued by the CLA. © STE Ltd 2018."
1924,2-s2.0-85076508195,Mispricing or growth? an empirical analysis of acquisition premium,kept,,,True,© 2019 Elsevier Inc.
1925,2-s2.0-85074267663,Performance of IPOs of Indian Companies Backed by Private Equity,kept,,,True,© 2019 Management Development Institute.
1926,2-s2.0-85070900569,Physician Practice Management and Private Equity: Market Forces Drive Change,excluded,missing_abstract,,True,
1927,2-s2.0-105036441792,HOW WEALTHTECH IS REINVENTING THE CUSTOMER EXPERIENCE BY LINKING OPEN INNOVATION AND TECHNOLOGY,kept,,,True,Copyright © 2020 Information Age Publishing Inc.
1928,2-s2.0-105048077744,Managing the business of soccer: A conceptual framework,kept,,,True,"© 2019 selection and editorial matter, Brenda G. Pitts and James J. Zhang; individual chapters, the contributors."
1929,2-s2.0-85057344922,The Role of Private Equity When Portfolio Firms Go Public: Evidence from ChiNext Board,kept,,,True,"©, Copyright © Taylor & Francis Group, LLC."
1930,2-s2.0-85079367523,Early-Career Radiologists’ Perceptions of National Corporations in Radiology,kept,,,True,© 2019 American College of Radiology
1931,2-s2.0-85091416737,Expansion of Private Equity Involvement in Women's Health Care,excluded,missing_abstract,,True,
1932,2-s2.0-85085311641,Thirty years after Jensen's prediction: Is private equity a superior form of ownership?,kept,,,True,© 2020 The Author(s).
1933,2-s2.0-85081971021,The corporatization of care in academic dermatology,kept,,,True,© 2020 Elsevier Inc.
1934,2-s2.0-85062543079,Does the private equity financing improve performance in family SMEs?,kept,,,True,"© 2018, Emerald Publishing Limited."
1935,2-s2.0-105010937609,"The performance of majority MBOs: An investigation on European SMEs controlled by their managers; [La performance des MBO contrôlées majoritairement par les dirigeants, Une étude sur des PME européennes]",kept,,,True,"© 2021, OpenEditions Journals. All rights reserved."
1936,2-s2.0-85053461837,How to Study People Who Do Not Want to be Studied: Practical Reflections on Studying Up,kept,,,True,©2018 by the American Anthropological Association
1937,2-s2.0-85042611557,Private equity scorecard approach: Quality versus myth,excluded,missing_abstract,,True,
1938,2-s2.0-85084988857,"EFI to be acquired by affiliate of siris capital group, LLC for $1.7 billion",kept,,,False,
1939,2-s2.0-85063635817,Corporate finance of football companies: An analysis from the perspective of different fan groups; [Finanzierungsentscheidungen von Fußballunternehmen im Spannungsfeld verschiedener Fangruppen],kept,,,True,© 2018 Verlag Neue Wirtschafts-Briefe GmbH and Co. All Rights Reserved.
1940,2-s2.0-85047141456,The leveraged invisible hand: how private equity enhances the market for corporate control and capitalism itself,kept,,,True,"© 2018, Springer Science+Business Media, LLC, part of Springer Nature."
1941,2-s2.0-85093886041,The exit behavior of private equity firms in eastern europe: An empirical analysis of the main exit strategies,kept,,,True,© 2019 Portfolio Management Research. All right reserved.
1942,2-s2.0-85049807560,Identifying the risk factors in Indian non-listed real estate funds,kept,,,True,"© 2018, Emerald Publishing Limited."
1943,2-s2.0-85088374162,"Liquid alternative mutual funds versus hedge funds: Returns, riskfactors, and diversification",kept,,,True,© 2019 Portfolio Management Research. All rights reserved.
1944,2-s2.0-85059071994,Is Job Insecurity Higher in Leveraged Buyouts?,kept,,,True,© 2018 John Wiley & Sons Ltd.
1945,2-s2.0-85110703675,Private equity and ESG investing,kept,,,True,© The Author(s) 2020.
1946,2-s2.0-85082391342,Stalled federal efforts to end surprise billing - The role of private equity,kept,,,True,© 2020 Royal Society of Chemistry. All rights reserved.
1947,2-s2.0-85059737924,Future considerations for clinical dermatology in the setting of 21st century American policy reform: Corporatization and the rise of private equity in dermatology,kept,,,True,"© 2018 American Academy of Dermatology, Inc."
1948,2-s2.0-85079181445,Start-up space: Global investment trends,kept,,,True,Copyright © 2019 by the International Astronautical Federation (IAF). All rights reserved.
1949,2-s2.0-85062327344,Potential Implications of Private Equity Investments in Health Care Delivery,excluded,missing_abstract,,True,
1950,2-s2.0-85139302813,Promise and Peril in the Age of Turbulence in Emerging Markets: Implications for Private Equity Investors,kept,,,True,"© The Editor(s) (if applicable) and The Author(s), under exclusive licence to Springer Nature Switzerland AG 2020."
1951,2-s2.0-85093876368,The ⇜small world⇝ of private equity funds,excluded,missing_abstract,,True,
1952,2-s2.0-85074010593,Financing the Next Generations of Innovation: New Dimensions in the Private Equity Model,kept,,,True,© 2019 Cairn. All rights reserved.
1953,2-s2.0-85101935251,Private-equity-firm-owned chemical distributors: Exit through SBOs or IPOs?,excluded,missing_abstract,,True,
1954,2-s2.0-85077944900,Return and information transmission of public and private timberland markets in the United States,kept,,,True,© 2020
1955,2-s2.0-85092251677,Expectations regarding dental practice: A cross-sectional survey of European dental students,kept,,,True,"© 2020 by the authors. Licensee MDPI, Basel, Switzerland."
1956,2-s2.0-85053749756,Political Representation and Governance: Evidence from the Investment Decisions of Public Pension Funds,kept,,,True,© 2018 the American Finance Association
1957,2-s2.0-85088832205,Private equity exits after IPOs,kept,,,True,© 2020 Elsevier B.V.
1958,2-s2.0-105036514715,The Future of Infrastructure Investing: Challenges and Opportunities for Investors and Asset Managers,kept,,,True,© Springer Nature Switzerland AG 2020.
1959,2-s2.0-85090054503,Attention private equity and venture capitalists: Do you know how to manage investment portfolio trade risks?,excluded,missing_abstract,,True,
1960,2-s2.0-85052950602,France: A complement to multidivisional enterprises,kept,,,True,© Oxford University Press 2018. All rights reserved.
1961,2-s2.0-85147986719,Sustainable investing at a turning point,kept,,,True,© The Author(s) 2020.
1962,2-s2.0-85067116698,"Who is driving change, and where is it taking us? Interview with an expert",kept,,,True,© 2019 American Psychological Association.
1963,2-s2.0-85068081985,Private equity characteristics and performance: An analysis of North American venture capital and buyout funds,kept,,,True,"© 2019 Wiley Periodicals, Inc."
1964,2-s2.0-85056828686,Private equity and family firms: A systematic review and categorization of the field,kept,,,True,© 2018 Elsevier Ltd
1965,2-s2.0-85090517193,For-profit hospitals out of business? Financial sustainability during the COVID-19 epidemic emergency response,kept,,,True,© 2020 The Author(s).
1966,2-s2.0-85101422027,Green finance and transnational capitalist classes - Tracing vested capital interests in renewable energy investments in South Africa,kept,,,True,© 2020 Mattersburger Kreis fur Entwicklungspolitik. All rights reserved.
1967,2-s2.0-85089917957,A Role of Foreign Direct Investments in the CIS Cooperation,kept,,,True,© 2020 Institute of Europe Russian Academy of Sciences. All rights reserved.
1968,2-s2.0-85090044718,The journal of private equity,excluded,missing_abstract,,True,
1969,2-s2.0-85073223627,The future of cryptotokens,kept,,,True,© 2019 by Emerald Publishing Limited.
1970,2-s2.0-85059023445,Are venture capital and buyout backed IPOs any different?,kept,,,True,© 2018 Elsevier B.V.
1971,2-s2.0-85079159502,Space environment management: Framing the objective and setting priorities for controlling orbital debris risk,kept,,,True,Copyright © 2019 by the International Astronautical Federation (IAF). All rights reserved.
1972,2-s2.0-85099005434,Differences of private equity determinants: Country-level evidence from Europe,kept,,,True,"© 2020, Institute of Geography of the Slovak Academy of Science. All rights reserved."
1973,2-s2.0-85085282066,Public versus private equity,kept,,,True,© 2020 The Author(s).
1974,2-s2.0-85088388306,"Private equity real estate funds: Returns, riskexposures, and persistence",kept,,,True,© 2019 Portfolio Management Research. All Right Reserved.
1975,2-s2.0-85089318255,The US China green fund,kept,,,True,© The Author(s) 2020.
1976,2-s2.0-85122267670,"Financialized Hollywood: Institutional Investment, Venture Capital, and Private Equity in the Film and Television Industry",kept,,,True,© 2020 by the University of Texas Press.
1977,2-s2.0-85034586003,Mapping the strategic factor market for sport entrepreneurship,kept,,,True,"© 2017, Springer Science+Business Media, LLC, part of Springer Nature."
1978,2-s2.0-85149564535,The Evolution of Private Equity in India,kept,,,True,"© The Editor(s) (if applicable) and The Author(s), under exclusive licence to Springer Nature Switzerland AG 2020."
1979,2-s2.0-85083369536,Assessment of Renewable Energy Technology Financing Models in Developing Countries Using Sustainability Metrics,kept,,,True,© 2019 IEEE.
1980,2-s2.0-85106810737,Should endowments continue to commit to private investments?,kept,,,True,© 2020 The British Editorial Society.
1981,2-s2.0-85071990870,Going private transactions performance in emerging economies: a comparative study in Latin America and Asia,kept,,,True,"© 2019, © 2019 Informa UK Limited, trading as Taylor & Francis Group."
1982,2-s2.0-85095715248,Remedying the mischief created by E-commerce entities in India,kept,,,True,"© 2020 Kluwer Law International BV, The Netherlands."
1983,2-s2.0-85148846839,Fair Value Measurement Under Level 2 Inputs: Do Market and Transaction Multiples Catch Firm-Specific Risk Factors?,kept,,,True,"© The Editor(s) (if applicable) and The Author(s), under exclusive license to Springer Nature Switzerland AG 2019."
1984,2-s2.0-85071714940,Race influences professional investors’ financial judgments,kept,,,True,© 2019 National Academy of Sciences. All rights reserved.
1985,2-s2.0-85106815086,Better alignment of financial interest in private equity,kept,,,True,© 2020 Ria Thomson. All rights reserved.
1986,2-s2.0-85088473722,COVID-19 and the Indian Private Equity Industry: Time to Use the Dry Powder,kept,,,True,© 2020 Management Development Institute.
1987,2-s2.0-105011245265,Annual Survey of Judicial Developments Pertaining to Private Equity and Venture Capital,kept,,,True,© 2020 American Bar Association. All rights reserved.
1988,2-s2.0-85049791123,Impact of Venture Capital Investment on Firm Performance: An Indian Evidence,kept,,,True,"© 2018 International Management Institute, New Delhi."
1989,2-s2.0-85104163399,Frontier Capital Markets and Investment Banking: Principles and Practice from Nigeria,kept,,,True,© 2019 Temitope W. Oshikoya and Kehinde Durosinmi-Etti. All rights reserved.
1990,2-s2.0-85071441597,Features of venture capital funded enterprises: Evidence from Slovakia,kept,,,True,© The author(s) 2019.
1991,2-s2.0-85144683731,"Financial Centers, International",excluded,duplicate_doi,2-s2.0-105034358830,True,© 2020 Elsevier Ltd. All rights reserved.
1992,2-s2.0-85067052090,Public–private equity joint ventures and risk transfers in motorways of the sea,kept,,,True,"© 2019, Emerald Publishing Limited."
1993,2-s2.0-85090028021,Variant-triggered multiple-based probabilistic valuation model (VTMP) for private equity investments,excluded,missing_abstract,,True,
1994,2-s2.0-85090742778,THE ROLE OF MENTORING IN YOUTH ENTREPRENEURSHIP FINANCE: A GLOBAL PERSPECTIVE1,kept,,,True,© 2019 by Emerald Publishing Limited
1995,2-s2.0-85063269503,Earnings management and performance of management buyouts,kept,,,True,"© 2019, Emerald Publishing Limited."
1996,2-s2.0-85088399686,Real Estate in Mixed-Asset Portfolios for Various Investment Horizons,kept,,,True,© 2019 Portfolio Management Research. All rights reserved.
1997,2-s2.0-85044677128,Threatening to buy: Private equity buyouts and antitrust policy,kept,,,True,© 2018 Elsevier B.V.
1998,2-s2.0-85041183927,Who does private equity buy? Evidence on the role of private equity from buyouts of divested businesses,kept,,,True,"Copyright © 2017 John Wiley & Sons, Ltd."
1999,2-s2.0-85059990765,Deal pricing and returns in private equity,excluded,missing_abstract,,True,
2000,2-s2.0-85075067779,Emerging trends of foreign direct investment on various sectors in India,kept,,,True,© BEIESP.
2001,2-s2.0-85062060503,2Q2007 April-June,kept,,,True,© 2014 Taylor & Francis.
2002,2-s2.0-84947776405,A comparison of the effect of angels and venture capitalists on innovation and value creation,kept,,,True,© 2015 Elsevier Inc..
2003,2-s2.0-84957990577,Entrepreneurial finance and the creation of value: Agency costs vs. cognitive value,kept,,,True,"© 2015, IGI Global. All rights reserved."
2004,2-s2.0-84910649616,Productivity Growth in Private-Equity-Backed Family Firms,kept,,,True,© 2016 SAGE Publications Inc.
2005,2-s2.0-85068851268,Portfolio diversification policies: Alternative asset classes,kept,,,True,© Springer International Publishing Switzerland 2016.
2006,2-s2.0-86000237832,"Private Equity, Second Edition: History, Governance, and Operations",kept,,,True,"© 2012 by John Wiley & Sons, Inc. All rights reserved."
2007,2-s2.0-85140673068,Financial Tools,kept,,,True,© 1999 European Environment Agency and the Association for Colloquia on the Environment.
2008,2-s2.0-84962721112,Australian services giant Cardno names new CEO as challenges mount,kept,,,False,
2009,2-s2.0-85044829782,Pension funds and financialisation in the European Union; [Fondos de pensiones y financiarización en la Unión Europea],kept,,,True,"© 2017, Universidad de Huelva. All rights reserved."
2010,2-s2.0-84973342095,"Practice consolidation: Forces not of nature, but of government,demographics, economics, and technology",kept,,,True,© 2016 by Greenbranch Publishing LLC.
2011,2-s2.0-85015291142,Private equity investment in power generation projects: evidence from India,kept,,,True,"© 2016, © Emerald Group Publishing Limited."
2012,2-s2.0-85026204980,Working for divergent principals: Effects of private equity on employment practices in family firms,excluded,missing_abstract,,True,
2013,2-s2.0-84971671537,Unfulfilled loan demand among agro SMEs in Namibia,kept,,,True,"© 2016, University of Pretoria. All rights reserved."
2014,2-s2.0-84978370448,"Private equity in emerging markets: Yesterday, today, and tomorrow",kept,,,True,© 2015 Institutional Investor LLC.
2015,2-s2.0-85050922796,Optimizing Utility Valuation Using Acoustic Condition Assessment Technologies,kept,,,True,© 2018 American Society of Civil Engineers.
2016,2-s2.0-85041573495,Growth of Venture Capital and Private Equity in India,excluded,missing_abstract,,True,
2017,2-s2.0-85032573974,Improving the external financing in independent high-tech SMEs: Does the foreign ownership matter?,kept,,,True,"© 2017, © Emerald Publishing Limited."
2018,2-s2.0-84964754572,Infrastructure investment pushed as front-burner election issue,kept,,,False,
2019,2-s2.0-85025688261,"Stepping up to the plate: KKR, a private-equity giant, lays out its succession plan",excluded,missing_abstract,,True,
2020,2-s2.0-85042123721,C looks sweet: Tax reforms prompt upheaval in the private-equity industry,excluded,missing_abstract,,True,
2021,2-s2.0-85016403948,Synthetic peer benchmarking for diversified private equity programs,kept,,,False,
2022,2-s2.0-85026605614,Asset management and institutional investors,kept,,,True,© Springer International Publishing Switzerland 2016.
2023,2-s2.0-85062617218,Private equity governance,kept,,,True,© Maria Aluchna and Güler Aras 2015.
2024,2-s2.0-85059160009,Innovation in private equity leveraged buyouts,kept,,,True,"© 2019 selection and editorial matter, Mike Wright, Kevin Amess, Nick Bacon and Donald Siegel."
2025,2-s2.0-85029718354,Bank affiliation in private equity firms: Distortions in investment selection,kept,,,False,
2026,2-s2.0-84983548382,"Is real estate private equity real estate? - Dynamic interactions between real estate private equity funds, non-real estate private equity funds, and direct real estate investments",kept,,,True,"© 2016 Informa UK Limited, trading as Taylor & Francis Group."
2027,2-s2.0-84939262416,Optimal investment of private equity,kept,,,True,© 2015 Elsevier Inc.
2028,2-s2.0-85029423764,Private equity firms must ensure that captive insurance companies meet stringent government requirements,excluded,missing_abstract,,True,
2029,2-s2.0-85026890793,AGILE award keynote address,kept,,,True,Copyright © American Institute of Chemical Engineers. All rights reserved.
2030,2-s2.0-84994275594,Minority and majority private equity investments: firm performance and governance,kept,,,True,"© 2016, Springer Science+Business Media New York."
2031,2-s2.0-85034865249,Fueling the buyout machine: fundraising in private equity,kept,,,True,"© 2017, Swiss Society for Financial Market Research."
2032,2-s2.0-84942936960,The profile of the entrepreneur supported by venture capital/private equity funds in Mexico; [El perfil del emprendedor que apoyan los fondos de capital privado/capital emprendedor en México],kept,,,True,"© 2015 Universidad Nacional Autónoma de México, Facultad de Contaduría y Administración."
2033,2-s2.0-85040794086,Research on the renewable energy industry financing efficiency assessment and mode selection,kept,,,True,© 2018 by the authors.
2034,2-s2.0-85007198038,6 Questions to ask before selling your treatment center:Private equity investors value your industry expertise,excluded,missing_abstract,,True,
2035,2-s2.0-84941366480,Class Differences in Real Estate Private Equity Fund Performance,kept,,,True,"© 2015, Springer Science+Business Media New York."
2036,2-s2.0-85016298319,The returns of private equity funds: A Swiss perspective,kept,,,True,© 20 15Institutional Investor LLC. All Rights Reserved.
2037,2-s2.0-85065781392,Evaluation of mining companies by investors,kept,,,True,"© 2018, Technical University of Kosice. All rights reserved."
2038,2-s2.0-85034979692,Design and impacts of securitized leveraged buyouts,kept,,,True,© 2015 The Author(s).
2039,2-s2.0-85052094006,The price of progress: Funding and financing Alzheimer's disease drug development,kept,,,True,© 2018 The Authors
2040,2-s2.0-85006507839,Corporate governance effectiveness along the entrepreneurial process of a family firm: the role of private equity,kept,,,True,"© 2016, Springer Science+Business Media New York."
2041,2-s2.0-84979835745,Private equity and its role in the development of the Indian manufacturing sector,kept,,,True,"© 2016, Econjournals. All rights reserved."
2042,2-s2.0-84975873878,A private eye for private equity,kept,,,False,
2043,2-s2.0-85084591994,Rethinking the sociology of media ownership,kept,,,True,"© 2019 selection and editorial matter, Laura Grindstaff, Ming-Cheng M. Lo, John R."
2044,2-s2.0-85019584233,New Mountain buys stake in Gelest,excluded,missing_abstract,,True,
2045,2-s2.0-85061556435,Why do firms go public through debt instead of equity?,kept,,,True,© 2018 Now Publishers Inc. All Rights Reserved.
2046,2-s2.0-85059080120,Leveraged buyouts: Their impact on jobs and wages,excluded,duplicate_doi,2-s2.0-85059160009,True,"© 2019 selection and editorial matter, Mike Wright, Kevin Amess, Nick Bacon and Donald Siegel."
2047,2-s2.0-85020667539,Private company finance and financial reporting,kept,,,True,"© 2017 Informa UK Limited, trading as Taylor & Francis Group."
2048,2-s2.0-85119706855,African firms and private equity: Climbing aboard the Africa train,excluded,missing_abstract,,True,
2049,2-s2.0-84938742916,Formal and informal venture capital investing in emerging economies in Southeast Asia,kept,,,True,"© 2015, Springer Science+Business Media New York."
2050,2-s2.0-84925454904,Not all capitalist stories are created equal: Mitt Romney's bain capital narrative and the deep divide in American economic rhetoric,kept,,,True,© 2015 Michigan State University. All rights reserved.
2051,2-s2.0-85060877800,Too big to supervise: The rise of financial conglomerates and the decline of discretionary oversight in banking,kept,,,True,© 2018 Cornell Law School. All Rights Reserved.
2052,2-s2.0-85013192667,Private equity and venture capital funds: What drives the demand and supply?,kept,,,True,"© 2016, ANPAD - Associacao Nacional de Pos-Graduacao e Pesquisa em Administracao. All rights reserved."
2053,2-s2.0-85120040573,Trends in land use and government policy affecting real estate development in the USA,kept,,,True,"© 2018 selection and editorial matter, Graham Squires, Erwin Heurkens and Richard Peiser; individual chapters, the contributors."
2054,2-s2.0-85018166062,Equity-Based Crowdfunding in China: Beginning with the First Crowdfunding Financing Case,kept,,,True,"© Cambridge University Press and KoGuan Law School, Shanghai Jiao Tong University."
2055,2-s2.0-85034037160,Determinants of Corporate Bond Trading: A Comprehensive Analysis,kept,,,True,© 2017 World Scientific Publishing Company.
2056,2-s2.0-85011305594,Evolution of private equity regulations in emerging markets: A case of India,kept,,,True,© 2015Institutional Investor LLC. All Rights Reserved.
2057,2-s2.0-85054553789,"Internal funding, debt and external equity: Which of these effectively improve the growth of university spin-offs?",kept,,,True,Copyright © 2018 Inderscience Enterprises Ltd.
2058,2-s2.0-85061728641,Lower visibility platforms serving as stepping stones to national stock exchanges: The case of shell reverse mergers,kept,,,True,© Oxford University Press 2018. All rights reserved.
2059,2-s2.0-85032939641,Impacts of private equity investment on corporate growth capacity,kept,,,False,
2060,2-s2.0-84987810611,Credit Availability and Asset Pricing Dynamics in Illiquid Markets: Evidence from Commercial Real Estate Markets,kept,,,True,© 2016 The Ohio State University
2061,2-s2.0-84997703759,Venture capital investors and foreign listing choices of Chinese companies,kept,,,True,© 2016 Elsevier B.V.
2062,2-s2.0-84975744277,The institutional determinants of private equity involvement in business groups—The case of Africa,kept,,,True,© 2016 Elsevier Inc.
2063,2-s2.0-85059137205,The Chinese style management buyouts,excluded,duplicate_doi,2-s2.0-85059160009,True,"© 2019 selection and editorial matter, Mike Wright, Kevin Amess, Nick Bacon and Donald Siegel."
2064,2-s2.0-85028038797,Replicating success: Private-equity returns can be replicated with public shares,excluded,missing_abstract,,True,
2065,2-s2.0-85017647779,Finance and strategies for a changing industrial sector; [Risorse e strategie per sostenere la trasformazione dell'industria],kept,,,False,
2066,2-s2.0-85029654935,Corporate finance in renewable energy investments -A review about theory and practice,kept,,,True,© 2017 Inderscience Enterprises Ltd.
2067,2-s2.0-84930607216,Private equity investment in the generics and CMO industry,kept,,,True,© ECV • Editio Cantor Verlag.
2068,2-s2.0-85020272917,Currency impact in Brazilian PE/VC deals' performance,kept,,,False,
2069,2-s2.0-85010959754,Interim fund performance and fundraising in private equity,kept,,,True,© 2017 Elsevier B.V.
2070,2-s2.0-105030217921,Rearranging Social Security Contributions: Alleviating the Burden of the State and Returning Value to the State and Society,kept,,,True,© The Editor(s) (if applicable) and The Author(s) 2016.
2071,2-s2.0-84924069319,Community investment in wind farms: Funding structure effects in wind energy infrastructure development,kept,,,True,© 2015 American Chemical Society.
2072,2-s2.0-84906036379,Private Equity as Canary in a Coal Mine: Building the Ecosystem for Effective Global Financial Integration,kept,,,True,"Copyright © 2014 John Wiley & Sons, Ltd. Copyright © 2014 John Wiley & Sons, Ltd."
2073,2-s2.0-84975906842,The Executive's Guide to Information Technology: Second Edition,kept,,,True,© 2007 by John Baschab and Jon Piot. All rights reserved.
2074,2-s2.0-84982107182,"Fee levels, performance, and alignment of interests in private equity",excluded,missing_abstract,,True,
2075,2-s2.0-84997820934,Private equity exits in emerging markets,kept,,,True,© 2016 Elsevier B.V.
2076,2-s2.0-85005765120,"The latest trend in Australian port privatisation: Drivers, processes and impacts",kept,,,True,© 2016 Elsevier Ltd
2077,2-s2.0-84990191835,STILL A MAN'S WORLD? SECOND GENERATION GENDER BIAS in EXTERNAL EQUITY TERM SHEET NEGOTIATIONS,kept,,,True,© 2016 World Scientific Publishing Company.
2078,2-s2.0-84943782633,The principles of alternative investments management: A study of the global market,kept,,,True,© Springer International Publishing Switzerland 2016.
2079,2-s2.0-84942098481,Financial networks and the globalization of transnational corporations: The case of educational services,kept,,,True,© The Author (2014).
2080,2-s2.0-84979018657,Performance persistence in real estate private equity,kept,,,True,"© 2016 Informa UK Limited, trading as Taylor & Francis Group."
2081,2-s2.0-85016421552,Oil price movements and risks of energy investments,kept,,,False,
2082,2-s2.0-85218018744,Private Equity as an Asset Class,kept,,,True,"© 2010 John Wiley & Sons, Ltd."
2083,2-s2.0-84971639720,Does risk explain persistence in private equity performance?,kept,,,True,© 2016 Elsevier B.V.
2084,2-s2.0-105004251594,Economic warfare: Secrets of wealth creation in the age of welfare politics,kept,,,True,© 2012 by Ziad A. Abdelnour. All rights reserved.
2085,2-s2.0-85019956985,College and university endowments: Overview and tax policy options,kept,,,True,"© 2016 by Nova Science Publishers, Inc."
2086,2-s2.0-85062678666,Sovereign wealth funds: Post-crisis trends; [Суверенные инвестиционные фонды: Посткризисные тенденции],kept,,,True,© 2018 Nauka Publishing House. All Rights Reserved.
2087,2-s2.0-84939233268,Non-bank finance for firms: the role of private equity funds in Italy,kept,,,True,"© 2015, Springer-Verlag Berlin Heidelberg."
2088,2-s2.0-85030314930,The Variegated Financialization of Housing,kept,,,True,© 2017 Urban Research Publications Limited
2089,2-s2.0-84958719576,Opening the Black Box: Power in Buyout Negotiations and the Moderating Role of Private Equity Specialization,kept,,,True,© 2016 International Council for Small Business
2090,2-s2.0-85031413489,How do entrepreneurs obtain financing? An evaluation of available options and how they fit into the current entrepreneurial ecosystem,kept,,,True,© 2017 Forrest Wright.
2091,2-s2.0-85019412059,Private equity ownership of nursing homes: Implications for quality,kept,,,False,
2092,2-s2.0-85041730149,PRIVATE EQUITY: NOBODY DOES IT BETTER,kept,,,True,© 2017 London Business School
2093,2-s2.0-85015936521,Value Creation and Value Transfer of Leveraged Buyouts: A Review of Recent Developments and Challenges for Emerging Markets,kept,,,True,"Copyright © Taylor & Francis Group, LLC."
2094,2-s2.0-84975882045,Optimal transaction structuring in China: How private equity firms can get the most out of their structures,kept,,,False,
2095,2-s2.0-85059181907,Buyouts and investment,excluded,duplicate_doi,2-s2.0-85059160009,True,"© 2019 selection and editorial matter, Mike Wright, Kevin Amess, Nick Bacon and Donald Siegel."
2096,2-s2.0-85009963095,Determinants of success in venture capital investments: evidence from Brazil,kept,,,True,"© 2016 Informa UK Limited, trading as Taylor & Francis Group."
2097,2-s2.0-84991730128,Strategic media venturing: Private equity investments as a strategic tool for media firms,kept,,,True,© 2016 by Emerald Group Publishing Limited.
2098,2-s2.0-85018331800,Optimal ownership structure in private equity,kept,,,True,"© 2017 John Wiley & Sons, Ltd."
2099,2-s2.0-85013670135,An intelligent decision support system for private equity investment,kept,,,True,© 2016 IEEE.
2100,2-s2.0-85016137872,"Private equity, layoffs, and job polarization",kept,,,True,© 2017 by The University of Chicago. All rights reserved.
2101,2-s2.0-85047787744,Empirical return on private equity investments in real estate funds at imperfect capital markets; [Empirische Rentabilität privater Immobilienfondsbeteiligungen an unvollkommenen Kapitalmärkten],kept,,,True,© 2018 Verlag Neue Wirtschafts-Briefe GmbH and Co. All rights reserved.
2102,2-s2.0-85162990653,Catalyzing Social Impact Investments,kept,,,True,"© 2017, Springer International Publishing Switzerland."
2103,2-s2.0-84942154783,"Ownership structure, product market competition and productivity: Evidence from Tunisia",kept,,,True,"© 2015, Emerald Group Publishing Limited."
2104,2-s2.0-85014069597,Influence of financing source on the small business performance,kept,,,True,© International Economic Society.
2105,2-s2.0-84978534918,Financial markets and investment in education,kept,,,True,"© 2016 selection and editorial matter, A. Verger, C. Lubienski and G. Steiner-Khamsi. All rights reserved."
2106,2-s2.0-85043430197,Equity in Law,kept,,,True,© 2015 Elsevier Ltd All rights reserved.
2107,2-s2.0-84981344777,Does going private add value through operating improvements?,kept,,,True,© 2016 Elsevier B.V.
2108,2-s2.0-85044132518,Competitors’ stock price reactions in response to private equity placements: evidence from a transitional economy*,kept,,,True,"© 2018 The Author(s). Published by Informa UK Limited, trading as Taylor & Francis Group."
2109,2-s2.0-85019836033,Commodities: An Introduction and Overview from a Capital Markets Perspective,kept,,,True,© 2017 by Gary Strumeyer. All rights reserved.
2110,2-s2.0-85027058732,Risk management for private equity funds,kept,,,True,© 2017 Incisive Risk Information (IP) Limited.
2111,2-s2.0-85055844319,Masters of the universe: Bid rigging by private equity firms in multibillion dollar LBOs,kept,,,True,© 2018 University of Cincinnati College of Law. All rights reserved.
2112,2-s2.0-84947584726,Financing offshore oil platforms: Empirical analysis and suggestions for the Turkish market,kept,,,True,"© Medwell Journals, 2016."
2113,2-s2.0-85084780078,Private equity funding the future of the North Sea? – SIcCar point Energy case study,kept,,,True,© 2018 Society of Petroleum Engineers. All rights reserved.
2114,2-s2.0-84964636486,The financialisation of rental housing: A comparative analysis of New York City and Berlin,kept,,,True,"© 2014, © Urban Studies Journal Limited 2014."
2115,2-s2.0-85026740897,The 50% rule: Keep more profit in your wallet,kept,,,False,
2116,2-s2.0-86000111831,INTERNATIONAL PRIVATE EQUITY,kept,,,True,© 2011 Eli Talmor and Florin Vasvari.
2117,2-s2.0-85020272823,"The relationship among private equity, inflation, and economic growth",kept,,,False,
2118,2-s2.0-85057726347,Montezuma’s sells majority stake to private equity firm,excluded,missing_abstract,,True,
2119,2-s2.0-85048468151,Management participation programmes for German target companies—current developments of fiscal treatment in Germany,kept,,,True,"© 2017 International Business Information Management Association, IBIMA. All rights reserved."
2120,2-s2.0-84937073180,The role of accounting in the twenty-first century firm,kept,,,True,© 2015 Taylor & Francis.
2121,2-s2.0-85085797288,"The early days of impact investing: Market size, investment type and returns",kept,,,True,© 2016 Taylor & Francis.
2122,2-s2.0-85019608530,Underpricing of private equity/venture capital backed IPOs. Do they differ from other offers?,kept,,,True,© 2016 Wrocław University of Economics.
2123,2-s2.0-85015839486,Family businesses and non-family equity: literature review and avenues for future research,kept,,,True,"© 2017, Wirtschaftsuniversität Wien, Austria."
2124,2-s2.0-84975864615,The opportunity cost of venture capital,kept,,,False,
2125,2-s2.0-85011317370,The smart money: When a private equity minority investment can be better than a bank loan (and what about a family office?),kept,,,True,© 2015Institutional Investor LLC. All Rights Reserved.
2126,2-s2.0-85059190974,Management buyouts: An introduction and overview,excluded,duplicate_doi,2-s2.0-85059160009,True,"© 2019 selection and editorial matter, Mike Wright, Kevin Amess, Nick Bacon and Donald Siegel."
2127,2-s2.0-85041587940,How a Tax Rule Can Enable Greater Due Diligence Before Fully Consummating a Private Equity Deal,excluded,missing_abstract,,True,
2128,2-s2.0-85014035261,From honeymoon to distanced partnership: German managers in international M&A; [Von den Flitterwochen zur distanzierten Partnerschaft: Deutsche Manager in internationalen M&A],kept,,,True,"© 2017, The Author(s)."
2129,2-s2.0-85017250725,Mobilizing investors for blue growth,kept,,,True,"© 2017 van den Burg, Stuiver, Bolman, Wijnen, Selnes and Dalton."
2130,2-s2.0-85032303688,A choice between staging and syndication as tools to control risks when private equity invests in infrastructure,excluded,missing_abstract,,True,
2131,2-s2.0-84967103750,Value-creation in middle market private equity,kept,,,True,© John A. Lanier 2015. All rights reserved.
2132,2-s2.0-85210684130,Private Equity 4.0: Reinventing Value Creation,kept,,,True,"© 2015 Benoît Leleux, Hans van Swaay & Esmeralda Megally."
2133,2-s2.0-85020250365,Private-equity search funds: Seek and we shall fund,excluded,missing_abstract,,True,
2134,2-s2.0-85033477614,"Improving public equity markets? No pain, no gain",kept,,,True,© 2017 Elsevier B.V.
2135,2-s2.0-85141487145,Sustainable private equity and venture capital,kept,,,True,"© 2018 selection and editorial matter, Cary Krosinsky and Todd Cort; individual chapters, the contributors."
2136,2-s2.0-85030663077,Drivers of LBO operating performance: An empirical investigation in Asia,kept,,,True,"© 2018, Springer International Publishing AG."
2137,2-s2.0-85021660600,Optimizing an Equity Capital Structure Model for Public-Private Partnership Projects Involved with Public Funds,kept,,,True,© 2017 American Society of Civil Engineers.
2138,2-s2.0-84974736233,The case for liquid alternatives in defined-contribution plans,kept,,,True,"© 2015, Institutional Investor, Inc. All rights reserved."
2139,2-s2.0-85030873451,Bringing upstream projects to final investment decision,kept,,,True,"© 2017, Offshore Technology Conference."
2140,2-s2.0-84971665234,Scale economies in pension fund investments: A dissection of investment costs across asset classes,kept,,,True,© 2016 Elsevier Ltd
2141,2-s2.0-85181388734,CAPITAL RETURNS: INVESTING THROUGH THE CAPITAL CYCLE: A MONEY MANAGER’S REPORTS 2002–15,kept,,,True,© Intoduction Edward Chancellor 2016. All rights reserved.
2142,2-s2.0-84973345402,The possibility of critique under a financialized capitalism: The case of private equity in the United Kingdom,kept,,,True,"© 2014, © The Author(s) 2014."
2143,2-s2.0-84949812289,Syndication of VCPE investments: Evidence from the Indian infrastructure sector,kept,,,True,© 2015.
2144,2-s2.0-84949482129,Private equity within mining industry in Europe,kept,,,False,
2145,2-s2.0-84992568309,Effect of private equity on performance of Indian companies: A comparative study of pre- and post-financial crisis,kept,,,True,© 2015 Institutional Investor LLC. All Rights Reserved.
2146,2-s2.0-85059147329,"Entrepreneurship, context, and buyouts",excluded,duplicate_doi,2-s2.0-85059160009,True,"© 2019 selection and editorial matter, Mike Wright, Kevin Amess, Nick Bacon and Donald Siegel."
2147,2-s2.0-84939267815,"The evolution of private equity: corporate restructuring in the UK, c.1945–2010",kept,,,True,© 2015 Taylor & Francis.
2148,2-s2.0-85040828014,Dynamic capabilities’ functioning in a private equity-backed firm,kept,,,True,"© 2018 John Wiley & Sons, Ltd."
2149,2-s2.0-84949256865,Norwegian Agro-Food Attracting Private Equity Capital; Varieties of Capitalism – Varieties of Financialisation?,kept,,,True,© 2015 The Authors. Sociologia Ruralis © 2015 European Society for Rural Sociology.
2150,2-s2.0-85044531055,Private equity practices in emerging economies: The case of a South African fund management company,kept,,,True,"© 2018 Nova Science Publishers, Inc."
2151,2-s2.0-84955591984,A study of the U.S. intrastate crowdfunding exemptions,kept,,,True,© 2014 Portland International Conference on Management of Engineering and Technology.
2152,2-s2.0-85049263038,Reconciling the Volcker rule with the Dodd-Frank act's objectives: How to best combat systemic risk,kept,,,True,© 2018 Fordham University School of Law. All rights reserved.
2153,2-s2.0-84975862692,To invest or not invest in a distressed hospitality sector: The case of Tunisia,kept,,,False,
2154,2-s2.0-85021863110,"Small business investment companies: Overview, performance, and analyses of the SBA program",kept,,,True,"© 2016 by Nova Science Publishers, Inc. All rights reserved."
2155,2-s2.0-84893178149,Principal–principal conflicts in Lebanese unlisted family firms,kept,,,True,"© 2014, Springer Science+Business Media New York."
2156,2-s2.0-84949219221,"Eileen Appelbaum and Rosemary Batt, Private Equity at Work: When Wall Street Manages Main Street, New York, Russel Sage Foundation, 2014",excluded,missing_abstract,,True,
2157,2-s2.0-85038882438,Advances in the corporate finance literature: a survey of recent studies on Korea,kept,,,True,"© 2018, © Emerald Publishing Limited."
2158,2-s2.0-84941743596,Can Islamic banking ever become Islamic?,kept,,,True,© 2015 Published by Elsevier B.V..
2159,2-s2.0-105047570767,"Private Equity Operational Due Diligence: Tools to Evaluate Liquidity, Valuation, and Documentation",kept,,,True,©2012 by Jason A. Scharfman. All rights reserved.
2160,2-s2.0-84945569859,On secondary buyouts,kept,,,True,© 2015 Elsevier B.V..
2161,2-s2.0-85119706344,Private equity: Another Greek tragedy,excluded,missing_abstract,,True,
2162,2-s2.0-85130816177,How Private Equity Models and Practitioners Can Advance Impact Investing in Emerging Markets,kept,,,True,"© 2015, Springer International Publishing Switzerland."
2163,2-s2.0-85029848490,Guidelines for financial buyers of U.S. antitrust divestitures,kept,,,False,
2164,2-s2.0-85014903897,Assessing mission drift at venture capital impact investors,kept,,,True,© 2017 John Wiley & Sons Ltd
2165,2-s2.0-84954522752,Cargill’s corporate growth in times of crises: how agro-commodity traders are increasing profits in the midst of volatility,kept,,,True,"© 2017, The Author(s)."
2166,2-s2.0-85019528738,The lemons problem in markets for strategy,kept,,,True,© 2021 Phcogj.Com. This is an open-access article distributed under the terms of the Creative Commons Attribution 4.0 International license.
2167,2-s2.0-84997638309,"Farmland investment and financialization in Saskatchewan, 2003–2014: An empirical analysis of farmland transactions",kept,,,True,© 2016 Elsevier Ltd
2168,2-s2.0-84924812616,Drivers of LBO operating performance: An empirical investigation in Latin America,kept,,,True,"© 2015, Emerald Group Publishing Limited."
2169,2-s2.0-85033701372,Impact of ownership types and political connection on private equity placement: Empirical evidence from China,kept,,,True,"© 2017, © Emerald Publishing Limited."
2170,2-s2.0-84954511869,Agriculture as an asset class: reshaping the South African farming sector,kept,,,True,"© 2016, Springer Science+Business Media Dordrecht."
2171,2-s2.0-85081037020,Downsize or rightsize? Changing KESC to K-ELECTRIC (Case A),kept,,,True,"© 2016, Emerald Group Publishing Limited."
2172,2-s2.0-85018989482,Construction gears up for policy shift,kept,,,False,
2173,2-s2.0-84995932456,"Perverse incentives of special purpose acquisition companies, the “poor man's private equity funds”",kept,,,True,© 2016
2174,2-s2.0-84940383482,Multistage stochastic optimization for private equity investments,kept,,,True,© 2015 Macmillan Publishers Ltd.
2175,2-s2.0-85043230466,"Financialization, water governance, and uneven development",kept,,,True,"© 2016 Wiley Periodicals, Inc."
2176,2-s2.0-84990050523,What do private equity firms say they do?,kept,,,True,© 2016
2177,2-s2.0-85130823814,Sustainable Private Equity Investments and ESG Due Diligence Frameworks,kept,,,True,"© 2015, Springer International Publishing Switzerland."
2178,2-s2.0-85059144272,“My children do not want the firm”: Private equity as a succession option in family businesses: A review and future directions,excluded,duplicate_doi,2-s2.0-85059160009,True,"© 2019 selection and editorial matter, Mike Wright, Kevin Amess, Nick Bacon and Donald Siegel."
2179,2-s2.0-84978420295,Private equity portfolio company political activity,kept,,,True,© 2015 Institutional Investor LLC.
2180,2-s2.0-84978399509,Private equity performance: A literature review,kept,,,True,© 2015 Institutional Investor LLC.
2181,2-s2.0-84973645343,Examining success,kept,,,True,"© 2016, National Conference of Bankruptcy Judges. All rights reserved."
2182,2-s2.0-84983516221,Ownership structure and minority expropriation in Lebanon,kept,,,True,© Copyright 2016 Inderscience Enterprises Ltd.
2183,2-s2.0-84966270218,US company to generate hydrokinetic energy in Ghana,kept,,,False,
2184,2-s2.0-84978224510,"Business angels, social networks, and radical innovation",kept,,,True,© Springer International Publishing Switzerland 2016.
2185,2-s2.0-84979295830,Risk neglect in equity markets,kept,,,True,© 2015 Institutional Investor LLC. All Rights Reserved.
2186,2-s2.0-85138828777,Private Equity/Venture Capital Sector Specifics in Certain Clusters of Countries Within Europe,kept,,,True,© Springer International Publishing Switzerland 2016.
2187,2-s2.0-85044200434,Case study of Lykke exchange: architecture and outlook,kept,,,True,"© 2018, Emerald Publishing Limited."
2188,2-s2.0-85018726003,Earnings quality of private equity-backed and non-private equity-backed firms in India,kept,,,True,"© 2017, Institutional Investor, Inc. All rights reserved."
2189,2-s2.0-85016794416,Private Equity and Devaluation in Emerging Countries,kept,,,True,"© 2017 Walter de Gruyter GmbH, Berlin/Boston."
2190,2-s2.0-105038488358,THE MONEY LAUNDERING MARKET: Regulating The Criminal Economy,kept,,,True,"© 2018 Killian J. McCarthy; individual chapters, the contributors."
2191,2-s2.0-85045460043,Sustaining sustainability in large real estate investment management firms,kept,,,True,© 2018 American Real Estate Society. All rights reserved.
2192,2-s2.0-84995684209,Contextual considerations in entrepreneurial finance education: A systematic analysis of U.S. undergraduate courses,kept,,,False,
2193,2-s2.0-85041125298,Dermatology practice consolidation fueled by private equity investment potential consequences for the specialty and patients,excluded,missing_abstract,,True,
2194,2-s2.0-84951288776,Do mergers and acquisitions create wealth effects? evidence from twenty emerging markets,kept,,,True,"Copyright © Taylor & Francis Group, LLC."
2195,2-s2.0-84926679989,Overviewing the findings: The Technical Panel Review of the Pension Insurance Modeling System,kept,,,True,© Cambridge University Press 2014.
2196,2-s2.0-85143455648,"Investment Banks, Hedge Funds, and Private Equity, Third Edition",kept,,,True,© 2018 Elsevier Inc. All rights reserved.
2197,2-s2.0-84976292411,"Debtor-in-possession financing, loan-to-loan, and loan-to-own",kept,,,True,© 2016.
2198,2-s2.0-84876166619,"Public to private transactions, private equity and financial health in the UK: an empirical analysis of the impact of going private",kept,,,True,"© 2013, Springer Science+Business Media New York."
2199,2-s2.0-85020284977,U.S. Private equity growth triggered by global economies' GDPs,kept,,,False,
2200,2-s2.0-84930432364,"Financialization, Private Equity, and Employment Relations in the United States",kept,,,True,© The Author(s) 2015 Reprints and permissions: sagepub.co.uk/journalsPermissions.nav
2201,2-s2.0-84974670739,Size signals success: Evidence from real estate private equity,kept,,,True,"© 2015, Institutional Investor, Inc. All rights reserved."
2202,2-s2.0-85044546340,Haynesville shale output climbs past 7 Bcf/d,kept,,,False,
2203,2-s2.0-85061157435,"Private equity compliance: Analyzing conflicts, fees, and risks",kept,,,True,"© 2018 by John Wiley & Sons, Inc. All rights reserved."
2204,2-s2.0-84975061778,Investing in microfinance: The case of Tunisia,kept,,,True,"© 2015, Institutional Investor, Inc. All rights reserved."
2205,2-s2.0-85056159414,Start-up space 2018: Update on investment in commercial space ventures,kept,,,True,"© 2018, American Institute of Aeronautics and Astronautics Inc, AIAA. All rights reserved."
2206,2-s2.0-84975688114,Regulatory framework of mergers and acquisitions: A review of Indian statutory compliances and policy recommendations,kept,,,True,"© 2016, © Emerald Group Publishing Limited."
2207,2-s2.0-85040784926,Investment beliefs of endowments,kept,,,True,"© 2018 John Wiley & Sons, Ltd."
2208,2-s2.0-85011310473,The journal of private equity,excluded,missing_abstract,,True,
2209,2-s2.0-84974688563,Performance of non-core private equity real estate funds: A European view,kept,,,True,"© 2015, Institutional Investor, Inc. All rights reserved."
2210,2-s2.0-84978924544,‘Western’ professional ethics challenged by foreign acquisitions: German managers’ patterns of interpretation surrounding Chinese and Indian investors,kept,,,True,© 2016 The Authors
2211,2-s2.0-85020387466,Valuing private equity [3],excluded,missing_abstract,,True,
2212,2-s2.0-84947581741,Crowd funding as an alternative for new ventures funding in emerging countries,kept,,,True,"© Medwell Journals, 2016."
2213,2-s2.0-84928210357,Contesting the financialization of urban space: Community organizations and the struggle to preserve affordable rental housing in New York City,kept,,,True,© 2014 Urban Affairs Association.
2214,2-s2.0-85003353047,"What investors are looking for. More private equity is coming into the market, but what do investors want?",excluded,missing_abstract,,True,
2215,2-s2.0-85020239419,Is a Delaware LLC the answer to address risks of personal liability in private equity investments in Brazil?,kept,,,False,
2216,2-s2.0-85061716014,The interplay of IPO and M&A markets: The many ways that one affects the other,kept,,,True,© Oxford University Press 2018. All rights reserved.
2217,2-s2.0-84924064951,Effect of fund size on the performance of Australian superannuation funds,kept,,,True,© 2015 AFAANZ
2218,2-s2.0-84947327809,The impact of private equity on firms׳ patenting activity,kept,,,True,© 2015 Elsevier B.V.
2219,2-s2.0-85031397532,The ABCs of private equity and venture capital data and information,kept,,,True,"© 2017 Jordan Nielsen, Erin Wachowicz, Benjamin Hall, Holly Inglis, and Felipe Castillo."
2220,2-s2.0-84979742082,Building firm capability: managerial incentives for top performance,kept,,,True,"© 2016, © Emerald Group Publishing Limited."
2221,2-s2.0-85059120394,"Distress, failure, and recovery in private equity buyouts",excluded,duplicate_doi,2-s2.0-85059160009,True,"© 2019 selection and editorial matter, Mike Wright, Kevin Amess, Nick Bacon and Donald Siegel."
2222,2-s2.0-105038876734,Doctrinal Challenge for Islamic Banking on Macroprudential Regulations: A Religion-Regulation Mismatch 2.0,kept,,,True,© Springer International Publishing Switzerland 2016.
2223,2-s2.0-84929944674,Illiquidity and risk of commercial timberland assets in the United States,kept,,,True,© 2015 .
2224,2-s2.0-85099533337,Analysis and recovery proposal for erosion process located in the city of planaltina-GO,kept,,,True,"Copyright © 11th Inter. Conf. on Geos. 2018, ICG 2018. All rights reserved."
2225,2-s2.0-85026202412,What is the shareholder wealth impact of target CEO retention in private equity deals?,kept,,,True,© 2017 Elsevier B.V.
2226,2-s2.0-84962773349,Speculating on London's housing future: The rise of global corporate landlords in ‘post-crisis’ urban landscapes,kept,,,True,"© 2016 Informa UK Limited, trading as Taylor & Francis Group."
2227,2-s2.0-85033408020,Does the debt tax shield distort ownership efficiency?,kept,,,True,© 2017 Elsevier Inc.
2228,2-s2.0-84955668494,Venture’s economic impact in Australia,kept,,,True,"© 2014, Springer Science+Business Media New York."
2229,2-s2.0-84967669888,Accounting Performance Inflated by Private Equity before IPOs: Evidence from Chinese Firms,excluded,missing_abstract,,True,
2230,2-s2.0-84945452210,Unbundling the effects of institutions on firm resources: The contingent value of being local in emerging economy private equity,kept,,,True,"Copyright © 2014 John Wiley & Sons, Ltd."
2231,2-s2.0-85038639588,Beyond venture capital: An exploratory study of the finance-innovation-policy nexus in cleantech,kept,,,True,© The Author 2017. Published by Oxford University Press on behalf of Associazione ICC. All rights reserved.
2232,2-s2.0-85023188307,Financialisation in health care: An analysis of private equity fund investments in Turkey,kept,,,True,© 2017 Elsevier Ltd
2233,2-s2.0-84975833723,Private equity minority investments,kept,,,False,
2234,2-s2.0-84930737652,Do private equity owned firms have better management practices?,excluded,missing_abstract,,True,
2235,2-s2.0-85057158892,An investigation into the normal tax implications of a carried interest in South Africa,kept,,,True,"© 2017, © 2017 South African Journal of Accounting Research."
2236,2-s2.0-84953387067,Private equity managers’ fees: estimation and sensitivity analysis using Monte Carlo simulation,kept,,,True,"© 2016, Springer Science+Business Media New York."
2237,2-s2.0-85068863394,Private equity,kept,,,True,© Springer International Publishing Switzerland 2016.
2238,2-s2.0-85029712457,Venture capital: Alternate financing mechanism to support SMEs,kept,,,False,
2239,2-s2.0-84997522582,Private equity fundraising and firm specialization,kept,,,True,© 2016 Board of Trustees of the University of Illinois
2240,2-s2.0-85059175078,"Policy, regulation, and private equity: A rich research agenda?",excluded,duplicate_doi,2-s2.0-85059160009,True,"© 2019 selection and editorial matter, Mike Wright, Kevin Amess, Nick Bacon and Donald Siegel."
2241,2-s2.0-85059186085,Private equity in emerging economies: Which markets are sufficiently mature? Should investors wait or invest immediately?,excluded,duplicate_doi,2-s2.0-85059160009,True,"© 2019 selection and editorial matter, Mike Wright, Kevin Amess, Nick Bacon and Donald Siegel."
2242,2-s2.0-84990047443,An econometric study of the determinants of high tech private equity investment in Europe,kept,,,True,Copyright © 2016 Inderscience Enterprises Ltd.
2243,2-s2.0-85031406079,A day in the life: Interviews with three PE/VC librarians,kept,,,True,© 2017 Doug Southard.
2244,2-s2.0-85054301291,"""Singular crystal and the remotest things"": The Botany of Worcestershire and Geoffrey Hill's Canaan",kept,,,True,© Klincksieck. Tous droits réservés pour tous pays.
2245,2-s2.0-85016293880,The journal of private equity,excluded,missing_abstract,,True,
2246,2-s2.0-85039851760,What happens to a nursing home chain when private equity takes over? A longitudinal case study,kept,,,True,© The Author(s) 2017.
2247,2-s2.0-85020629714,Poised to pounce: Competition for private-equity deals heats up,excluded,missing_abstract,,True,
2248,2-s2.0-85059202314,"The political economy of finance-led capitalism: Connecting financialization, private equity, and employment outcomes",excluded,duplicate_doi,2-s2.0-85059160009,True,"© 2019 selection and editorial matter, Mike Wright, Kevin Amess, Nick Bacon and Donald Siegel."
2249,2-s2.0-84958976472,Exchange-Traded Private Equity and Venture Capital Companies and Macroeconomic Factors in Brazil,kept,,,True,"© 2015, Copyright © Taylor & Francis Group, LLC."
2250,2-s2.0-85135981278,"Venture Capital, Private Equity and Corporate Venture Capital",kept,,,True,© Cambridge University Press 2018.
2251,2-s2.0-84979633667,Going public via special purpose acquisition companies: Frogs do not turn into princes,kept,,,True,© 2016 Elsevier B.V.
2252,2-s2.0-84944891251,Does credit create a 'growth imperative'? A quasi-stationary economy with interest-bearing debt,kept,,,True,© 2015 Elsevier B.V.
2253,2-s2.0-105041566326,Wealth Management – Preparing for a Digital Revolution,kept,,,True,© 2018 FINTECH Circle Ltd.
2254,2-s2.0-84975807222,Defense and government contractor m&a-special concerns for private equity buyers,kept,,,False,
2255,2-s2.0-85086956279,Value-creation in middle market private equity,excluded,duplicate_doi,2-s2.0-84967103750,True,© John A. Lanier 2015.
2256,2-s2.0-85050193244,CCG Recommended Rankings on Chinese Companies Going Global,kept,,,True,"© 2016, Huiyao Wang and Lu Miao."
2257,2-s2.0-85032723117,Stabilization and the impact of changing patterns of energy investment,kept,,,True,© The Authors 2017.
2258,2-s2.0-85024096437,"Modeling Reservoir Circulation and Economic Performance of the Neal Hot Springs Geothermal Power Plant (Oregon, U.S.): An Integrated Case Study",kept,,,True,© 2017 Elsevier Ltd
2259,2-s2.0-84994246362,Undervaluation and private equity takeovers,kept,,,True,"© 2015, © The Author(s) 2015."
2260,2-s2.0-84976648079,Evaluating the private equity investment process: Performance attribution,excluded,missing_abstract,,True,
2261,2-s2.0-84974676484,Defining liquid alternative investments,kept,,,True,"© 2015, Institutional Investor, Inc. All rights reserved."
2262,2-s2.0-85031410203,Venturing forth: Venture capital and private equity information in academic business libraries,kept,,,True,© 2017 Ryan Splenda and Marcella E. Barnhart.
2263,2-s2.0-85059144453,Private equity investment in entrepreneurial companies: Selection & performance,excluded,duplicate_doi,2-s2.0-85059160009,True,"© 2019 selection and editorial matter, Mike Wright, Kevin Amess, Nick Bacon and Donald Siegel."
2264,2-s2.0-84961779022,Deliberate premarket underpricing and aftermarket mispricing: New insights on IPO pricing,kept,,,True,© 2015 Elsevier Inc.
2265,2-s2.0-85029449485,European healthcare: A golden opportunity for private equity,excluded,missing_abstract,,True,
2266,2-s2.0-84978340251,Key ingredients for an efficient and effective public-private equity fund,excluded,missing_abstract,,True,
2267,2-s2.0-84975087306,The effect of private equity on the BFSI sector in India: A logistic panel data analysis,kept,,,True,"© 2015, Institutional Investor, Inc. All rights reserved."
2268,2-s2.0-85015943921,Politically Connected Private Equity and Employment,kept,,,True,© 2017 the American Finance Association
2269,2-s2.0-85177738156,Lessons from frankenstorm: Investing for future power disruptions,kept,,,True,© 2013 by John J. Licata. All rights reserved.
2270,2-s2.0-85019176063,Foreignness as both a global asset and a local liability: How host country idiosyncrasies and business activities matter,kept,,,True,© 2016 Academy of International Business.
2271,2-s2.0-84922124935,"The likelihood of management involvement, offer premiums, and target shareholder wealth effects: Evidence from the 2002-2007 LBO wave",kept,,,True,© 2015 Elsevier B.V.
2272,2-s2.0-85011310399,Three rookie mistakes experienced CEOs make in managing a private equity-backed company,kept,,,True,© 2015Institutional Investor LLC. All Rights Reserved.
2273,2-s2.0-85018789068,Does Ownership Structure Matter?,kept,,,True,"© 2017 John Wiley & Sons, Ltd."
2274,2-s2.0-105041533532,"The WealthTech Book: The FinTech Handbook for Investors, Entrepreneurs and Finance Visionaries",excluded,duplicate_cleaned_abstract,2-s2.0-105041566326,True,© 2018 FINTECH Circle Ltd.
2275,2-s2.0-84978204305,Determinants for the success of regional ICT ventures: a close examination of South Korea,kept,,,True,"© 2016, The Author(s)."
2276,2-s2.0-85021719042,Social rights and the function of employing entities,kept,,,True,© 2016. Oxford University Press.
2277,2-s2.0-85023631752,“Barbarians at the Gate?”: A Varieties of Capitalism Analysis of the Venture Capital Models; [«les barbares sont-ils à la porte? »: Une analyse des modèles de capital-investissement en termes de variété de formes de capitalisme],kept,,,True,©Lavoisier.
2278,2-s2.0-85048296941,"Asset evaluation utilizing multi-variate statistics integrating data-mining, completion optimization, and geology focused on multi-bench shale plays",kept,,,True,"© 2017, Society of Petroleum Engineers."
2279,2-s2.0-84978419011,Staged financing as a means to alleviate risk in VC/PE financing,kept,,,True,© 2015 Institutional Investor LLC. All Rights Reserved.
2280,2-s2.0-85199225197,Impact Investing and the “New Green Industrial Revolution”: How to Stop Climate Change Through the Divest-Invest Movement,kept,,,True,"© Springer International Publishing AG, part of Springer Nature 2018."
2281,2-s2.0-84978375327,Creditor protection law effects on venture capital investment in Africa: Country-level evidence,kept,,,True,© 2015 Institutional Investor LLC.
2282,2-s2.0-85218958290,Afterword: 2005 and beyond: A changing market and a new private equity paradigm,excluded,missing_abstract,,True,
2283,2-s2.0-84968906501,Mrs. Fix-It: Distressed and Turnaround Private Equity Investing,excluded,missing_abstract,,True,
2284,2-s2.0-85026871398,Financial versus strategic bidders: Evidence from unsuccessful takeover bids,kept,,,True,© 2017 Elsevier B.V.
2285,2-s2.0-85020475265,Valuing private equity [1],excluded,missing_abstract,,True,
2286,2-s2.0-84977265381,The consequences of new sources of capital for the oil and gas sector,kept,,,False,
2287,2-s2.0-85059122772,Are lower private equity returns the new normal?,excluded,duplicate_doi,2-s2.0-85059160009,True,"© 2019 selection and editorial matter, Mike Wright, Kevin Amess, Nick Bacon and Donald Siegel."
2288,2-s2.0-85039853726,Institutional determinants of private equity market in Czech Republic,kept,,,True,"© 2017, Centre of Sociological Research. All rights reserved."
2289,2-s2.0-84988810520,Understanding potential recharacterization and subordination attacks against bridge loans made by venture capital and private equity firms,excluded,missing_abstract,,True,
2290,2-s2.0-85018575310,Inorganic growth strategies and the evolution of the private equity business model,kept,,,True,© 2017 Elsevier B.V.
2291,2-s2.0-84951775502,Covenant design in financial contracts: a case study of the private equity acquisition of HCA,kept,,,True,© 2015 Vilnius Gediminas Technical University (VGTU) Press.
2292,2-s2.0-84958694945,Localizing global Finance: The rise of western-style private equity in China,kept,,,True,"© Justin Robertson, 2015."
2293,2-s2.0-84975842596,Performance of private equity backed initial public offerings: Empirical evidence from India,kept,,,False,
2294,2-s2.0-85059173926,Buyouts from failure,excluded,duplicate_doi,2-s2.0-85059160009,True,"© 2019 selection and editorial matter, Mike Wright, Kevin Amess, Nick Bacon and Donald Siegel."
2295,2-s2.0-85050116756,Engagement dynamics in large-scale investments in farmland and implications for smallholder farmers - evidence from Zambia,kept,,,True,© 2018 African Journal of Agricultural and Resource Economics (Afjare).
2296,2-s2.0-79960791116,Value Maps: Valuation Tools that Unlock Business Wealth,kept,,,True,"© 2010 by John Wiley & Sons, Inc. All rights reserved."
2297,2-s2.0-84975062049,Performance benefits of tight control,kept,,,True,"© 2015, Institutional Investor, Inc. All rights reserved."
2298,2-s2.0-85059122545,The evolution and strategic positioning of private equity firms,excluded,duplicate_doi,2-s2.0-85059160009,True,"© 2019 selection and editorial matter, Mike Wright, Kevin Amess, Nick Bacon and Donald Siegel."
2299,2-s2.0-85041314044,"Do family investors differ from other investors? Similarity, experience, and professionalism in the light of family investee firm challenges",kept,,,True,"© 2017, Springer-Verlag GmbH Germany."
2300,2-s2.0-85136988594,The Relative Performance of Private Equity Real Estate Joint Ventures,kept,,,True,"© 2015, Global Social Science Institute. All rights reserved."
2301,2-s2.0-85043979646,Public sector undertakings: Bharat’s other Ratnas,kept,,,True,"© 2018, Emerald Publishing Limited."
2302,2-s2.0-85063460524,La nouvelle démographie des LBO et de l’industrie du Private Equity,excluded,missing_abstract,,True,
2303,2-s2.0-85016455924,Device makers will continue leveraging technology,kept,,,False,
2304,2-s2.0-85017422691,Rewarding risk-taking or skill? The case of private equity fund managers,kept,,,True,© 2017 Elsevier B.V.
2305,2-s2.0-85010676741,Something new: value and change in finance*,kept,,,True,"© 2017 Informa UK Limited, trading as Taylor & Francis Group."
2306,2-s2.0-85118095164,Department: In the news: New pipeline company targets increased use of natural gas,kept,,,False,
2307,2-s2.0-84975810834,The journal of private equity,excluded,missing_abstract,,True,
2308,2-s2.0-105009187057,Investment Trends in Venture Capital and Private Equity in India,kept,,,True,© Springer Nature Singapore Pte Ltd. 2018.
2309,2-s2.0-85030168408,The Problems with and Promise of Entrepreneurial Finance,kept,,,True,Copyright © 2017 Strategic Management Society. Copyright © 2017 Strategic Management Society
2310,2-s2.0-84994464177,The Effects of the Specialization of Private Equity Firms on their Exit Strategy,kept,,,True,© 2016 John Wiley & Sons Ltd
2311,2-s2.0-85042558139,Performance vs prospectus = transparency in German closed-ended real estate funds?,kept,,,True,"© 2018, Emerald Publishing Limited."
2312,2-s2.0-84971220866,Research on gray system and quantitative model about the fund-raising ability to China private equity fund,kept,,,True,"© 2016, Shanghai Jiaotong University and Springer-Verlag Berlin Heidelberg."
2313,2-s2.0-84938742402,A theory of LBO activity based on repeated debt-equity conflicts,kept,,,True,© 2015 Elsevier B.V.
2314,2-s2.0-84986296617,Resource reconfiguration and transactions across firm boundaries: The roles of firm capabilities and market factors,kept,,,True,© 2016 by Emerald Group Publishing Limited All rights of reproduction in any form reserved.
2315,2-s2.0-85061708599,Empirical analysis of target enterprises valuation of private equity funds based on paper industry and listed manufacturing companies,kept,,,True,© 2018 SHPMedia Sdn Bhd. All rights reserved.
2316,2-s2.0-85030714022,Waiting to be called: The impact of manager discretion and dry powder on private equity real estate returns,excluded,missing_abstract,,True,
2317,2-s2.0-85048423810,United family healthcare (chindex international): A case study,kept,,,True,© Cambridge University Press 2017.
2318,2-s2.0-86000093452,J Curve Exposure: Managing a Portfolio of Venture Capital and Private Equity Funds,kept,,,True,© 2007 John Wiley & Sons Ltd.
2319,2-s2.0-85218484600,Acquisition finance: Second edition,kept,,,True,© Bloomsbury Professional Ltd 2015. All rights reserved.
2320,2-s2.0-84978304070,Making allowances for carbon emission allowances in investor-state disputes: A case study of the Republic of Korea,kept,,,True,© Springer International Publishing Switzerland 2016.
2321,2-s2.0-84949870377,Middle Market M & A: Handbook for Investment Banking and Business Consulting,kept,,,True,"© 2012 by John Wiley & Sons, Inc. All rights reserved."
2322,2-s2.0-85054810438,Financial compensation strategy of PPP project based on game theory and intelligent optimization,kept,,,True,© 2018-IOS Press and the authors. All rights reserved.
2323,2-s2.0-85053068360,The need for a new paradigm for corporate governance,excluded,duplicate_doi,2-s2.0-85062617218,True,© Maria Aluchna and Güler Aras 2015.
2324,2-s2.0-85041627553,Barbarians inside the gate: A big Blackstone deal shows how private equity has changed,excluded,missing_abstract,,True,
2325,2-s2.0-85028998690,The Impact of Private Equity on Employment: The Consequences of Fund Country of Origin—New Evidence from France,kept,,,True,© 2017 Regents of the University of California
2326,2-s2.0-85008685622,How persistent is private equity performance? Evidence from deal-level data,kept,,,True,© 2016
2327,2-s2.0-85045759628,Financing infrastructures in the water industry,kept,,,True,© Springer International Publishing AG 2018.
2328,2-s2.0-85042563833,European private equity real estate compliance under the AIFMD,kept,,,True,"© 2018, Emerald Publishing Limited."
2329,2-s2.0-84930145893,The effect of private investments on banks' capital requirements,kept,,,True,© 2015 Taylor & Francis.
2330,2-s2.0-85039156918,Building and maintaining the family business-private equity relationship: An integrated agency-stewardship perspective,kept,,,True,"© 2018, Emerald Publishing Limited."
2331,2-s2.0-84949057577,Risk-adjusting the returns of private equity using the CAPM and multi-factor extensions,kept,,,True,© 2015 Elsevier Inc.
2332,2-s2.0-84923272374,Giants at the Gate: Investment Returns and Diseconomies of Scale in Private Equity,kept,,,True,"Copyright © Michael G. Foster School of Business, University of Washington 2015."
2333,2-s2.0-85026897731,Significance of real estate fund management in India,kept,,,False,
2334,2-s2.0-85113889555,Uncover the Truly Maximum Profit Opportunity of a Prospective M&A Deal: Next Generation M&A Financial Analysis Capability,kept,,,True,"© 2016 Wiley Periodicals, Inc. © 2016 Wiley Periodicals, Inc."
2335,2-s2.0-84976621989,Private equity throughout the financial crisis,excluded,missing_abstract,,True,
2336,2-s2.0-84947495974,Private sector participation in infrastructure for development,kept,,,True,© 2015 The South African Institute of International Affairs.
2337,2-s2.0-85020289913,Private equity in India and Indian promoters' perspective: A primer,kept,,,False,
2338,2-s2.0-85006515830,The efficiency of the municipal waste management model in the italian municipalities,kept,,,True,© Università del Salento.
2339,2-s2.0-85216746550,"The complete direct investing handbook: A guide for family offices, qualified purchasers, and accredited investors",kept,,,True,© 2017 by Kirby Rosplock. All rights reserved.
2340,2-s2.0-85032010265,Structuring joint ventures between private equity and athletes or entertainers,excluded,missing_abstract,,True,
2341,2-s2.0-84978387428,The cost of private equity investing and the impact of dry powder,kept,,,True,© 2015 Institutional Investor LLC. All Rights Reserved.
2342,2-s2.0-84976444295,Born-global start-ups in emerging economies,kept,,,True,Copyright © 2016 by Emerald Group Publishing Limited.
2343,2-s2.0-85218671377,Urban Sustainability Transition: Retrofitting the City,kept,,,True,© 2018 John Wiley & Sons Ltd.
2344,2-s2.0-85020074243,A Hostile Takeover of Nature? Placing Value in Conservation Finance,kept,,,True,© 2017 The Author. Antipode © 2017 Antipode Foundation Ltd.
2345,2-s2.0-85016472586,Skill and luck in private equity performance,kept,,,True,© 2017 Elsevier B.V.
2346,2-s2.0-85028542968,Social Media as an Asset Management Strategy,kept,,,False,
2347,2-s2.0-85029835931,Attractiveness of European countries from the view of private equity and its impact to the industry in Europe,kept,,,True,"© 2017 Daniela Marasová, Katarína Čulková, Martin Bittner."
2348,2-s2.0-85042418093,Diversification and growth,kept,,,True,© The Editor(s) (if applicable) and The Author(s) 2017.
2349,2-s2.0-84995677890,Attitudes of family firms toward outside investors: the importance of organizational identification,kept,,,True,"© 2016 Informa UK Limited, trading as Taylor & Francis Group."
2350,2-s2.0-85000472428,The Paradox of Alignment: Agency Problems and Debt Restructuring,kept,,,True,"© 2016, The Author(s)."
2351,2-s2.0-84991728885,Is it All About Money? – Affective Commitment and the Difference Between Family and Non-family Sellers in Buyouts,kept,,,True,© 2016 British Academy of Management
2352,2-s2.0-85162959133,The Digital Transformation of Industry – The Benefit for Germany,kept,,,True,"© 2017, Springer International Publishing Switzerland."
2353,2-s2.0-84956879974,Transaction-based Timberland investment returns,kept,,,True,© 2016 by the Board of Regents of the University of Wisconsin System.
2354,2-s2.0-84991229262,Innovation and ownership variety,kept,,,True,"© 2016 Informa UK Limited, trading as Taylor & Francis Group."
2355,2-s2.0-85050050858,Why go global? The logic behind investing overseas,kept,,,True,"© 2018 selection and editorial matter, Xuedong Ding and Chen Meng; individual chapters, the contributors."
2356,2-s2.0-85019855226,Entrepreneurial finance: Special issues pertaining to emerging markets dynamics,kept,,,True,© 2017 by World Scientific Publishing Co. Pte. Ltd. All rights reserved.
2357,2-s2.0-85041815195,"A bargain $60 million company for $240: A case examining the impact of convertible debt, warrants, and anti-dilution provisions",kept,,,True,"© 2018, American Accounting Association. All rights reserved."
2358,2-s2.0-85043508267,The Role of Foreign Capital in the Banking Sector of Korea and Its Implications for Developing Countries,kept,,,True,"© 2018, Journal of Economic Issues / Association for Evolutionary Economics."
2359,2-s2.0-85063044684,Private equity and the competitiveness of enterprises (based on Polish cases),kept,,,True,Copyright © 2018 International Business Information Management Association (IBIMA).
2360,2-s2.0-84957023411,Research on the influences of private equity on small and medium-sized enterprises in big data era,kept,,,True,"Copyright © 2015, AIDIC Servizi S.r.l."
2361,2-s2.0-84975832598,Private equity investments in banks,kept,,,False,
2362,2-s2.0-84976631509,The effects of call options on exit strategies in private equity shareholder agreements,excluded,missing_abstract,,True,
2363,2-s2.0-85026491130,"The permanent crisis, decline and transition of capitalism",kept,,,True,© 2017 Critique.
2364,2-s2.0-84984710583,How private-equity owners lean into turnarounds,excluded,missing_abstract,,True,
2365,2-s2.0-84933181492,Corporate governance and private equity placements,kept,,,True,"© 2015 World Scientific Publishing Co. and Center for Pacific Basin Business, Economics and Finance Research."
2366,2-s2.0-84963838626,Private Equity Firms' Reputational Concerns and the Costs of Debt Financing,kept,,,True,"Copyright © Michael G. Foster School of Business, University of Washington 2016."
2367,2-s2.0-84957426617,How much can lack of marketability affect private equity fund values?,kept,,,True,© 2015 Elsevier Inc.
2368,2-s2.0-85020386752,Valuing private equity [2],excluded,missing_abstract,,True,
2369,2-s2.0-85044536485,Natural gas transportation: Expanding with renewable natural gas,kept,,,False,
2370,2-s2.0-84920920163,"The price of environmental, social and governance practice disclosure: An experiment with professional private equity investors",kept,,,True,© 2014 Elsevier B.V.
2371,2-s2.0-84997545162,No free shop: Why target companies sometimes choose not to buy ‘go-shop’ options,kept,,,True,© 2016
2372,2-s2.0-85102121740,Analysis and Recovery Proposal for Erosion Process Located in the City of Planaltina-GO,excluded,duplicate_cleaned_abstract,2-s2.0-85099533337,True,"© 2018, Springer International Publishing AG."
2373,2-s2.0-84982788001,Performance drivers of private real estate funds,kept,,,True,"© 2016 Informa UK Limited, trading as Taylor & Francis Group."
2374,2-s2.0-105036568591,Microfinance and Financial Inclusion in India,kept,,,True,© The Author(s) 2016.
2375,2-s2.0-84999008882,A bottom-up approach to the risk-adjusted performance of the buyout fund market,kept,,,True,© 2016 CFA Institute.
2376,2-s2.0-84930717557,Equity's stake in wind energy,kept,,,True,© 2015 Elsevier Ltd.
2377,2-s2.0-85016321121,Benchmark construction and performance evaluation of mezzanine finance funds,kept,,,True,© 20 15Institutional Investor LLC. All Rights Reserved.
2378,2-s2.0-85019862933,The Chinese private equity market and the impact of foreign venture capitalists,excluded,duplicate_doi,2-s2.0-85019855226,True,© 2017 by World Scientific Publishing Co. Pte. Ltd. All rights reserved.
2379,2-s2.0-85073771815,Private authority or ambiguity?: The evolving role of corporations and foundations in the global partnership for education,kept,,,True,"© 2016 selection and editorial matter, A. Verger, C. Lubienski and G. Steiner-Khamsi. All rights reserved."
2380,2-s2.0-85023779935,Do public nursing home care providers deliver higher quality than private providers? Evidence from Sweden,kept,,,True,© 2017 The Author(s).
2381,2-s2.0-85024391207,The Management of Foreign Private Equity Funds Involves Foreign Investment and Foreign Exchange in the China (Shanghai) Pilot Free Trade Zone,kept,,,True,"© 2017, Copyright © Taylor & Francis Group, LLC."
2382,2-s2.0-85041570922,Macroeconomic Conditions and Private Equity Fund Returns??A Swiss Perspective,excluded,missing_abstract,,True,
2383,2-s2.0-85048668895,Entrepreneurial governance and the expansion of public investment funds in africa,kept,,,True,© 2017 by Taylor & Francis.
2384,2-s2.0-84964914864,Do private equity target firms exhibit less effectual governance structures?,kept,,,True,"© 2015, © The Author(s) 2015."
2385,2-s2.0-85050889475,Do borrowers behave differently under a Waqf institution?,kept,,,True,© 2017 Universita Putra Malaysia.
2386,2-s2.0-84949490682,Private Equity Performance: A Survey,kept,,,True,©2015 by Annual Reviews. All rights reserved.
2387,2-s2.0-84998979463,"Cyclicality, performance measurement, and cash flow liquidity in private equity",kept,,,True,© 2016
2388,2-s2.0-84988599200,What do university endowment managers worry about? An analysis of alternative asset investments and background income,kept,,,True,© 2016 Association for Education Finance and Policy.
2389,2-s2.0-85044541992,"Emerging markets: Recent developments, challenges and future prospects",kept,,,True,"© 2018 by Nova Science Publishers, Inc. All rights reserved."
2390,2-s2.0-85016157099,Cross-border acquisitions and restructuring: Multinational enterprises and private equity-firms,kept,,,True,© 2017
2391,2-s2.0-85011000213,Value creation in SME private equity buy-outs,kept,,,True,"© 2017, © Emerald Publishing Limited."
2392,2-s2.0-84975796079,Private equity asset allocation: How to recommit?,kept,,,False,
2393,2-s2.0-84966708346,Can using geographical factors leverage private equity to deliver sustainable development results?,kept,,,True,© 2016 The African Specialty Group of the Association of American Geographers.
2394,2-s2.0-84963986376,State Control and Corporate Governance in Transition Economies: 25 Years on from 1989,kept,,,True,© 2016 John Wiley & Sons Ltd.
2395,2-s2.0-84946903465,What have 25 years of performance data taught us about private equity real estate?,kept,,,False,
2396,2-s2.0-85059156601,The impact on productivity of management buyouts and private equity,excluded,duplicate_doi,2-s2.0-85059160009,True,"© 2019 selection and editorial matter, Mike Wright, Kevin Amess, Nick Bacon and Donald Siegel."
2397,2-s2.0-85027296317,Financing and New Product Decisions of Private and Publicly Traded Firms,kept,,,True,© 2016 The Author. Published by Oxford University Press on behalf of The Society for Financial Studies. All rights reserved.
2398,2-s2.0-84993661879,Money secrets: How does trade secret legal protection affect firm market value? Evidence from the uniform trade secret act,kept,,,True,"Copyright © 2016 John Wiley & Sons, Ltd. Copyright © 2016 John Wiley & Sons, Ltd."
2399,2-s2.0-84978371932,Flow of private equity and growth of corporate India: A review of literature,kept,,,True,© 2015 Institutional Investor LLC. All Rights Reserved.
2400,2-s2.0-84997427879,Equilibrium liquidity premia of private equity funds,kept,,,True,"© 2016, © Emerald Group Publishing Limited."
2401,2-s2.0-85018589232,Cross-border mergers and acquisitions: The role of private equity firms,kept,,,True,"Copyright © 2016 John Wiley & Sons, Ltd. Copyright © 2016 John Wiley & Sons, Ltd."
2402,2-s2.0-85034771478,Capital concentration and financialization in brazilian private higher education,kept,,,False,
2403,2-s2.0-84949664051,The future of private equity in Europe - the determinants across countries,kept,,,False,
2404,2-s2.0-85023178017,Emergent new finance: hedge funds and private equity funds in East Asia,kept,,,True,"© 2017 Informa UK Limited, trading as Taylor & Francis Group."
2405,2-s2.0-84975824408,A dynamic panel data analysis: The effect of private equity on investment and financial constraints of Indian companies,kept,,,False,
2406,2-s2.0-85216723016,Private equity strategies: Characteristics and implications,excluded,missing_abstract,,True,
2407,2-s2.0-84957093358,Fraud Deterrence in the U.S. Private Equity Finance System,excluded,missing_abstract,,True,
2408,2-s2.0-84938065412,What determines the exit decision for leveraged buyouts?,kept,,,True,© 2015 Elsevier B.V..
2409,2-s2.0-84975815587,Investor Scale and Performance in Private Equity Investments,kept,,,True,© 2015 The Authors.
2410,2-s2.0-85029417807,The journal of private equity,excluded,missing_abstract,,True,
2411,2-s2.0-84960347244,Using a multiple method and mixed mode approach to examine women entrepreneur negotiating styles,kept,,,True,"© 2016, Emerald Group Publishing Limited."
2412,2-s2.0-105040880576,Securitizing Private Equity and Hedge Funds,kept,,,True,© 2006 by Christopher L. Culp. All rights reserved.
2413,2-s2.0-85047478370,"Don't mix Paxil, Viagra, and Xanax: What financiers' jokes say about inequality",kept,,,True,© 2017 by the American Anthropological Association.
2414,2-s2.0-85059131310,A brief history of private equity,excluded,duplicate_doi,2-s2.0-85059160009,True,"© 2019 selection and editorial matter, Mike Wright, Kevin Amess, Nick Bacon and Donald Siegel."
2415,2-s2.0-85119705814,Private equity and energy: Refilling the pipeline,excluded,missing_abstract,,True,
2416,2-s2.0-85059137191,Interpreting the m&a black box by thinking outside the box,excluded,duplicate_doi,2-s2.0-85059160009,True,"© 2019 selection and editorial matter, Mike Wright, Kevin Amess, Nick Bacon and Donald Siegel."
2417,2-s2.0-85029424333,An empirical analysis of investment return dispersion in emerging market private equity,excluded,missing_abstract,,True,
2418,2-s2.0-84978997433,How does acquisition experience create value? Evidence from a regulatory change affecting the information environment,kept,,,True,© 2016 Elsevier Ltd
2419,2-s2.0-84945449525,A new perspective on private equity stage financing: evidence from investments in infrastructure,kept,,,True,© 2015 Taylor & Francis.
2420,2-s2.0-85030613229,Unwilling Subjects of Financialization,kept,,,True,© 2017 Urban Research Publications Limited
2421,2-s2.0-84957433962,Does ownership matter in private equity? the sources of variance in buyouts' performance,kept,,,True,"Copyright © 2014 John Wiley & Sons, Ltd."
2422,2-s2.0-84941641092,Private Equity Fund Returns and Performance Persistence,kept,,,True,© 2014 The Authors.
2423,2-s2.0-85001838156,The importance of size in private equity: Evidence from a survey of limited partners,kept,,,True,© 2016 Elsevier Inc.
2424,2-s2.0-84958968676,"Investments, Financing Constraints and Buyouts: The Effect of Private Equity Investors on the Sensitivity of Investments to Cash Flow",kept,,,True,© 2014 The University of Manchester and John Wiley & Sons Ltd.
2425,2-s2.0-84969502606,For-profit higher education in France in terms of the blurry lines set by the local framework: An overview; [L'enseignement à but lucratif en France à l'aune des porosités public/privé : un état des lieux],kept,,,True,© DIRECTION DE L'INFORMATION LÉGALE ET ADMINISTRATIVE - Paris 2015.
2426,2-s2.0-85051946785,Marketization in Long-Term Care: A Cross-Country Comparison of Large For-Profit Nursing Home Chains,kept,,,True,© The Author(s) 2017.
2427,2-s2.0-85106783793,Private equity companies and parental liability-appeal court hands down judgement in the Dutch flour cartel,excluded,missing_abstract,,True,
2428,2-s2.0-84991670850,"Brexit, Private Equity and Management",kept,,,True,© 2016 British Academy of Management
2429,2-s2.0-84959281413,For-profit higher education in France in terms of the blurry lines set by the local framework: An overview; [L'enseignement à but lucratif en France à l'aune des porosités public/privé: Un état des lieux],excluded,duplicate_cleaned_abstract,2-s2.0-84969502606,False,
2430,2-s2.0-85059132853,Buyout longevity and post-exit performance,excluded,duplicate_doi,2-s2.0-85059160009,True,"© 2019 selection and editorial matter, Mike Wright, Kevin Amess, Nick Bacon and Donald Siegel."
2431,2-s2.0-85017291853,Private equity and industry performance,kept,,,True,© 2016 INFORMS.
2432,2-s2.0-84930177397,Secondary Buyouts: Operating Performance and Investment Determinants,kept,,,True,© 2015 Financial Management Association International.
2433,2-s2.0-85145924252,Integration of Mergers and Acquisitions in the Fashion and Luxury Industry,kept,,,True,"© 2017, The Author(s)."
2434,2-s2.0-84962868905,Private equity firm heterogeneity and cross-border acquisitions,kept,,,True,© 2016 Elsevier Inc.
2435,2-s2.0-85028532863,Private-equity returns can be replicated with public shares,excluded,missing_abstract,,True,
2436,2-s2.0-85052967222,"A ground-up ""Quaternary"" innovation strategy for South Korea using entrepreneurial ecosystem platforms",kept,,,True,© The Author(s). 2017.
2437,2-s2.0-85059141688,"Hedge funds and private equity: Features, diversity, and regulations",excluded,duplicate_doi,2-s2.0-85059160009,True,"© 2019 selection and editorial matter, Mike Wright, Kevin Amess, Nick Bacon and Donald Siegel."
2438,2-s2.0-85049605289,Fee structures in private equity real estate,kept,,,True,"© 2017, American Real Estate Society. All rights reserved."
2439,2-s2.0-84988419931,Alternative assets - A new challenge to property? An analysis of superannuation funds,kept,,,True,© 2016 Pacific Rim Real Estate Society.
2440,2-s2.0-84994481891,Alternative investments in emerging markets: A review and new trends,kept,,,True,© 2016 Elsevier B.V.
2441,2-s2.0-85019744685,"Gentrification, suburban decline, and the financialization of multi-family rental housing: The case of Toronto",kept,,,True,© 2017
2442,2-s2.0-85080803874,"Private equity and venture capital in Europe: Markets, techniques, and deals",kept,,,True,© 2018 Elsevier Ltd. All rights reserved.
2443,2-s2.0-84962467447,Venture capital trusts and the expiration of IPO lock-up provisions,kept,,,True,"© 2016 Informa UK Limited, trading as Taylor & Francis Group."
2444,2-s2.0-85064894674,Liquidity risk and optimal redemption policies for illiquid investments,kept,,,True,© Springer International Publishing AG 2017.
2445,2-s2.0-85031406676,Special issue on private equity and venture capital topics,excluded,missing_abstract,,True,
2446,2-s2.0-85026844114,Secondary education: The private-equity business learns to be more flexible,excluded,missing_abstract,,True,
2447,2-s2.0-85039807045,Are us companies too short-term oriented? Some thoughts,kept,,,True,© 2018 by the National Bureau of Economic Research. All rights reserved.
2448,2-s2.0-84931030134,"Is a private equity fund a ""trade or business""? Alternatives to the first circuit's approach",kept,,,False,
2449,2-s2.0-85040944099,Extracting rents through foreclosures: The rescue of Catalunya Banc as a new urban strategy following the burst of the Spanish bubble,kept,,,True,© 2018 by Sònia Vives-Miró.
2450,2-s2.0-85013755367,The alternative financialization of the German housing market,kept,,,True,"© 2017 Informa UK Limited, trading as Taylor & Francis Group."
2451,2-s2.0-84929319491,Features of Financing the Public Goods Production,kept,,,True,"© 2015, Asian Social Science. All rights reserved."
2452,2-s2.0-85063044388,Corporate governance and investment management: The promises and limitations of the new financial economy,kept,,,True,© Roger M. Barker and Iris H.-Y. Chiu 2017. All rights reserved.
2453,2-s2.0-84974733329,The components of private equity performance: Implications for Portfolio Choice,kept,,,True,"© 2015, Institutional Investor, Inc. All rights reserved."
2454,2-s2.0-85028637309,A conceptual framework for the application of islamic private equity in international shipping,kept,,,False,
2455,2-s2.0-85059148190,Management buyouts: The history of an organizational innovation,excluded,duplicate_doi,2-s2.0-85059160009,True,"© 2019 selection and editorial matter, Mike Wright, Kevin Amess, Nick Bacon and Donald Siegel."
2456,2-s2.0-85085800574,Impact investing in Africa,kept,,,True,© 2016 Taylor & Francis.
2457,2-s2.0-84933672833,Top management turnover under the influence of activist investors,kept,,,True,"© 2014, Springer Science+Business Media New York."
2458,2-s2.0-85082472326,The process for innovators/founders to raise capital to start a company,kept,,,True,© 2018 Elsevier Inc. All rights reserved.
2459,2-s2.0-84929729897,"Financial Frictions, Investment Delay, and Asset Market Interventions",kept,,,True,© 2015 The Ohio State University.
2460,2-s2.0-84994879840,Due Diligence and Investee Performance,kept,,,True,"© 2016 John Wiley & Sons, Ltd."
2461,2-s2.0-85056778490,Effects of gainsharing provisions on the selection of a discount rate for a defined benefit pension plan,kept,,,True,"© 2017 by the authors. Licensee MDPI, Basel, Switzerland."
2462,2-s2.0-85010817799,Private Equity and Workers' Career Paths: The Role of Technological Change,kept,,,True,© 2016 The Author 2016. Published by Oxford University Press on behalf of The Society for Financial Studies. All rights reserved.
2463,2-s2.0-84941972206,What is the role of public feeder markets in developing technology-based small firms? An exploration of the motivations for listing on AIM since the GFC,kept,,,True,© 2015 Taylor & Francis.
2464,2-s2.0-84975833281,Nine tips for venture capital and private equity funds following in re nine systems corporation shareholders litigation,kept,,,False,
2465,2-s2.0-105041509211,Insurers’ Investment in Infrastructure: Overview and Treatment under Solvency II,kept,,,True,© The International Association for the Study of Insurance Economics 2016.
2466,2-s2.0-85038962516,Brownfield investments in the german automotive parts industry: Private equity as a door opener,excluded,missing_abstract,,True,
2467,2-s2.0-84950157631,Risk and Expected Returns of Private Equity Investments: Evidence Based on Market Prices,kept,,,True,© 2015 The Author. Published by Oxford University Press on behalf of The Society for Financial Studies. All rights reserved.
2468,2-s2.0-84963819751,Financing innovative SMEs of traditional sectors: the supply side,kept,,,True,"© 2016, © Emerald Group Publishing Limited."
2469,2-s2.0-84978399484,Factors driving abnormal returns in private equity industry: A new perspective,kept,,,True,© 2015 Institutional Investor LLC.
2470,2-s2.0-85059195476,The routledge companion to management buyouts,excluded,duplicate_doi,2-s2.0-85059160009,True,"© 2019 selection and editorial matter, Mike Wright, Kevin Amess, Nick Bacon and Donald Siegel."
2471,2-s2.0-85088614613,An Innovation Policy Framework: Bridging the Gap Between Industrial Dynamics and Growth,kept,,,True,"© 2016, Springer International Publishing Switzerland."
2472,2-s2.0-85028892519,The inefficient evolution of merger agreements,kept,,,False,
2473,2-s2.0-85010773933,The Operational Consequences of Private Equity Buyouts: Evidence from the Restaurant Industry,kept,,,True,© 2016 The Author 2016. Published by Oxford University Press on behalf of The Society for Financial Studies. All rights reserved.
2474,2-s2.0-85088774642,Start-Up space: Rising investment in commercial space ventures,kept,,,True,"© 2016, American Institute of Aeronautics and Astronautics Inc, AIAA."
2475,2-s2.0-84928941627,"Risk, illiquidity or marketability: What matters for the discounts on private equity placements?",kept,,,True,© 2015 Elsevier B.V.
2476,2-s2.0-84996527483,Market reactions to private equity announcements and intra-industry information spillover,kept,,,True,"© 2016, © Emerald Group Publishing Limited."
2477,2-s2.0-85049887895,Pricing companies. Ethno-accounting of private equity activity; [Fixer le prix des entreprises Pour une ethnocomptabilité de l'activité des fonds d'investissement],kept,,,True,© Presses de Sciences Po (P.F.N.S.P.).
2478,2-s2.0-85020286016,Three trends in middle market private equity,kept,,,False,
2479,2-s2.0-85218306567,Active Private Equity Real Estate Strategy,kept,,,True,"© 2009 by John Wiley & Sons, Inc. All rights reserved."
2480,2-s2.0-85059176955,Collaboration decisions in private equity investments,excluded,duplicate_doi,2-s2.0-85059160009,True,"© 2019 selection and editorial matter, Mike Wright, Kevin Amess, Nick Bacon and Donald Siegel."
2481,2-s2.0-85014579223,Optimal Carried Interest: Adverse Selection in Islamic and Conventional Venture Capital and Private-Equity Funds,kept,,,True,"Copyright © Taylor & Francis Group, LLC."
2482,2-s2.0-85113912561,Using the TFP Model to Determine Impacts of Stock Market Listing on Corporate Performance of Agri-Foods Companies in Vietnam,kept,,,True,"© 2017 Wiley Periodicals, Inc. © 2017 Wiley Periodicals, Inc."
2483,2-s2.0-84940388335,The role of sovereign wealth funds as activist or passive fund managers,kept,,,True,© 2015 Macmillan Publishers Ltd.
2484,2-s2.0-84936060172,Do firms controlled by private equity pay higher executive compensation?,kept,,,True,"© 2015, Virtus Interpress. All rights reserved."
2485,2-s2.0-85218299163,Private Equity in China: Challenges and Opportunities,kept,,,True,© 2012 John Wiley & Sons Singapore Pte. Ltd.
2486,2-s2.0-84927520341,The patent landscape of silicon nanowire energy storage devices,kept,,,False,
2487,2-s2.0-84975879135,"Maximizing value in the real estate private equity space: Expansion, competition, and alliance",kept,,,False,
2488,2-s2.0-85047351474,The effects of private equity investors on the governance of companies,excluded,missing_abstract,,True,
2489,2-s2.0-85206415873,GETTING A JOB IN PRIVATE EQUITY: BEHIND-THE-SCENES INSIGHT INTO HOW PRIVATE EQUITY FIRMS HIRE,kept,,,True,© 2009 by Glocap Search LLC. All rights reserved.
2490,2-s2.0-84977533439,Dealing with non-normality when estimating abnormal returns and systematic risk of private equity: A closed-form solution,kept,,,True,© 2016 Elsevier B.V.
2491,2-s2.0-85007579375,"Legal jurisdiction, director liability law, and venture capitalists’ equity stakes in Africa",kept,,,True,© 2016 Elsevier B.V.
2492,2-s2.0-84995777901,"Managerial innovation incentives, management buyouts, and shareholders' intolerance of failure",kept,,,True,© 2016 Elsevier B.V.
2493,2-s2.0-84978431949,Entrepreneurial orientation: What Is it and why might it be a hidden strategy for building long-term enterprise value?,kept,,,True,© 2015 Institutional Investor LLC. All Rights Reserved.
2494,2-s2.0-85020429114,Valuing private equity [4],excluded,missing_abstract,,True,
2495,2-s2.0-84925682694,The disintermediation of financial markets: Direct investing in private equity,kept,,,True,© 2015 Elsevier B.V.
2496,2-s2.0-85031408837,What do venture capital and private equity firms do? Some current and historical examples,kept,,,True,© 2017 Thomas D. Sullivan.
2497,2-s2.0-85050760585,Prejudgment Interest,kept,,,True,"© 2017 John Wiley & Sons, Inc. All rights reserved."
2498,2-s2.0-85081029164,Zoona mobile money: investing for impact (cases A and B),kept,,,True,"© 2017, Emerald Publishing Limited."
2499,2-s2.0-85059153503,Just another business: Private equity in health services,excluded,duplicate_doi,2-s2.0-85059160009,True,"© 2019 selection and editorial matter, Mike Wright, Kevin Amess, Nick Bacon and Donald Siegel."
2500,2-s2.0-85019205162,The meanings of production(s): showbiz and deep plays in finance and DIYbiology,kept,,,True,"© 2017 Informa UK Limited, trading as Taylor & Francis Group."
2501,2-s2.0-86000049135,Assumptions of LBO Models,kept,,,True,© 2008 John Wiley & Sons Ltd.
2502,2-s2.0-84897731047,"Loch Lomond Distillery bought, former Diageo finance chief becomes chairman",excluded,missing_abstract,,True,
2503,2-s2.0-85098008431,Entrepreneurial Catch Up and New Industrial Competence Bloc Formation in the Baltic Sea Region,kept,,,True,"© 2015, Springer International Publishing Switzerland."
2504,2-s2.0-84954368321,"Political connections, ownership structure and private-equity placement decision: Evidence from Chinese listed firms",kept,,,True,© 2015 Taylor & Francis.
2505,2-s2.0-84924455253,Towards a construct of entrepreneurial strategising: The case of private equity,kept,,,True,Copyright © 2015 Inderscience Enterprises Ltd.
2506,2-s2.0-85088742394,Start-up space: Interim results,kept,,,True,"© 2015, American Institute of Aeronautics and Astronautics Inc, AIAA. All Rights Reserved."
2507,2-s2.0-85042018886,Intelsat: Pre and Post-Private Equity Ownership,excluded,missing_abstract,,True,
2508,2-s2.0-84892448761,Why are rights offers in Hong Kong so different?,kept,,,True,© 2013 Elsevier B.V.
2509,2-s2.0-84885599152,New and nascent enterprises: Analysis of incubation support in India,kept,,,False,
2510,2-s2.0-84893345297,Are public-private partnerships a source of greater efficiency in water supply? Results of a non-parametric performance analysis relating to the Italian industry,kept,,,True,© 2013 by the authors.
2511,2-s2.0-84885671428,The journal of private equity,excluded,missing_abstract,,True,
2512,2-s2.0-84886862818,Alternative Investments and Due Diligence,kept,,,True,"© 2013 John Wiley & Sons, Inc. All rights reserved."
2513,2-s2.0-84890537057,A better year ahead for private equity,excluded,missing_abstract,,True,
2514,2-s2.0-84955703483,Performance models for initial public offerings,kept,,,True,"© 2014 Nova Science Publishers, Inc."
2515,2-s2.0-105031747301,Finance and Investments in Renewable Energy in Asia,kept,,,True,"© 2015 John Wiley & Sons, Ltd. All rights reserved."
2516,2-s2.0-85119552177,Private equity: Barbarians at middle age,excluded,missing_abstract,,True,
2517,2-s2.0-84919665018,Leveraged Buyouts,kept,,,True,© Oxford University Press 2012. All rights reserved.
2518,2-s2.0-84881417094,Private equity's secret bailout is ending,excluded,missing_abstract,,True,
2519,2-s2.0-84901355017,From urban planning and design (1980-1992) to social urbanism and ownership claim (2011-2014). Reflections on Barcelona's harbour and waterfront urban transformations and the role of citizenship; [Del urbanismo del proyecto urbano (1980-1992) al urbanismo ciudadano y de apropiación social (2011-2014). Reflexiones sobre las transformaciones urbanas del puerto y frente marítimo de Barcelona y el rol de la ciudadanía],kept,,,False,
2520,2-s2.0-84875492519,Value Creation through Vertical Intervention of Corporate Centres in Single Business Units of Unrelated Diversified Portfolios - The Case of Private Equity Firms,kept,,,True,© 2012 Elsevier Ltd.
2521,2-s2.0-84917741945,Price discount of private equity placement and wealth effects comparison between controlling shareholders and institution investors,kept,,,True,© 2013 IEEE.
2522,2-s2.0-84946030913,SWEDEN--RECENT CHANGES IN WELFARE STATE ARRANGEMENTS,kept,,,False,
2523,2-s2.0-84957610473,Capital market financing of family enterprises,kept,,,True,© 2014 Prague Development Center.
2524,2-s2.0-84898541168,Financial restructuring and recovery in private equity buyouts: The UK evidence,kept,,,True,© 2014 Taylor & Francis.
2525,2-s2.0-84904115058,Legal & regulatory update EU legal & regulatory update - June 2014,kept,,,False,
2526,2-s2.0-84896293489,The real problem with carried interests,kept,,,False,
2527,2-s2.0-84904430631,"The alpha, beta, and consistency of private equity reported returns",kept,,,True,© 2013 Institutional Investor. All Rights Reserved.
2528,2-s2.0-84878931938,Securities law's dirty little secret,kept,,,False,
2529,2-s2.0-84924517832,Benchmarking operational efficiency in the integrated water service provision: Does contract type matter?,kept,,,True,© Emerald Group Publishing Limited.
2530,2-s2.0-84896270352,Survival & advancement,kept,,,False,
2531,2-s2.0-84930466294,Managerial carrots and sticks: Encouraging strategy implementation,kept,,,False,
2532,2-s2.0-84908455051,Influence of private equity on small and medium-sized enterprises corporate governance,kept,,,True,© 2014 IEEE.
2533,2-s2.0-85121564718,Informal venture capital investing in emerging Asian economies,kept,,,True,© 2013 Taylor & Francis.
2534,2-s2.0-84871244988,Public versus private takeovers of Australian stock exchange listed targets,kept,,,True,© The Author(s) 2012.
2535,2-s2.0-84958721971,Mrs. Fix-It: Distressed and turnaround private equity investing,excluded,missing_abstract,,True,
2536,2-s2.0-85021066618,Profile of Sun Capital Partners: A specialist which turns around textile and apparel companies,kept,,,True,© Textiles Intelligence Limited 2014.
2537,2-s2.0-84987934333,The coefficient of determination for listed private equity funds,kept,,,True,"© 2014, Institutional Investor, Inc. All rights reserved."
2538,2-s2.0-84886458898,"Do private equity fund managers earn their fees? Compensation, ownership, and cash flow performance",kept,,,True,© 2013 The Author 2013.
2539,2-s2.0-84880250939,Private equity ownership and nursing home financial performance,kept,,,True,Copyright © 2013 Wolters Kluwer Health | Lippincott Williams & Wilkins.
2540,2-s2.0-85117432407,"Processing: Quick takes: Dominion, Caiman to form midstream JV in Utica",kept,,,False,
2541,2-s2.0-84875065357,Private equity performance under extreme regulation,kept,,,True,© 2012 Elsevier B.V.
2542,2-s2.0-84904443969,Tone change,kept,,,True,© 2013 Institutional Investor. All Rights Reserved.
2543,2-s2.0-84890484454,Key drivers of private equity firm certification at initial public offering,kept,,,False,
2544,2-s2.0-84878794726,R&R Ice Cream sold to private equity firm,excluded,missing_abstract,,True,
2545,2-s2.0-84903928757,China's Capital Markets,kept,,,True,© 2013 Woodhead Publishing Limited. All rights reserved.
2546,2-s2.0-84897020086,Finance. Uncertainty around reform gives pause to private equity investors.,excluded,missing_abstract,,True,
2547,2-s2.0-84890448564,Private equity fund raising in Nigeria - The legal requirements for pension funds,kept,,,False,
2548,2-s2.0-84967154722,Risk-Based Investing but What Risk(s)?,kept,,,True,© ISTE Press Ltd 2015. All rights reserved.
2549,2-s2.0-84988008140,Private equity in Latin America,kept,,,True,"© 2014, Institutional Investor, Inc. All rights reserved."
2550,2-s2.0-84920952588,Determinants of initial public offerings: The case of Poland,kept,,,False,
2551,2-s2.0-85041734351,GETTING TO THE CORE,kept,,,True,© 2015 London Business School
2552,2-s2.0-84923371269,Innovative financing solutions based on venture capital and private equity to support the development of entrepreneurship in Romania,kept,,,True,"© Vilnius University, 2002-2014."
2553,2-s2.0-84899640436,Private equity and corporate governance: Managing Brazilian SMEs,kept,,,True,© Emerald Group Publishing Limited.
2554,2-s2.0-84905396180,The effects of private equity and venture capital on sales and employment growth in small and medium-sized businesses,kept,,,True,© 2014 Elsevier B.V.
2555,2-s2.0-84870522262,"The private equity market in africa: Trends, opportunities, challenges, and impact",excluded,missing_abstract,,True,
2556,2-s2.0-84964879280,Profile of Sweaty Betty: A trailblazer in women's fitness wear,kept,,,True,© Textiles Intelligence Limited 2015.
2557,2-s2.0-84897814442,"Private equity, technological investment, and labor outcomes",kept,,,True,© (2013) by the AIS/ICIS Administrative Office All rights reserved.
2558,2-s2.0-85037868308,Sovereign wealth funds in the mutation of global finance,kept,,,True,"© 2014, Taylor and Francis Ltd. All rights reserved."
2559,2-s2.0-84929176939,Private equity investment practices: A comprehensive study,kept,,,True,"© 2014, Institutional Investor, Inc. All rights reserved."
2560,2-s2.0-84890644680,The effect of government bailouts on default risk and charter values in banking,kept,,,True,"© 2013, Banking and Finance Review."
2561,2-s2.0-84899092767,Price discount of private equity placement and interests transferring subscripted by larger shareholders in China,kept,,,False,
2562,2-s2.0-84897938046,The evolution of dental group practices.,kept,,,False,
2563,2-s2.0-84932125861,Explanatory factors for high competitiveness in the long run: Presence of factors identified in North American enterprises in companies of the BM&F BOVESPA; [Fatores explicativos da alta competitividade no longo prazo: Presença dos fatores identificados nas empresas Norte-Americanas em empresas da BM&FBovespa],kept,,,False,
2564,2-s2.0-84900492606,Performance evaluation with high moments and disaster risk,kept,,,True,© 2014 Elsevier B.V.
2565,2-s2.0-84892983266,Do the effects of private equity investments on firm performance persist over time?,kept,,,True,© 2014 © Taylor & Francis.
2566,2-s2.0-84891804072,The Anglo-Saxon axis. An empirical analysis of buv-outs and location structures of Private equity firms in Germany; [Die angelsächsische Achse Eine empirische Analyse von Buyouts und Standortstrukturen der Private-Equity-Firmen in Deutschland],kept,,,False,
2567,2-s2.0-84896331935,Private equity and enterprise growth: An Italian perspective,kept,,,False,
2568,2-s2.0-84945162719,Pricing commercial timberland returns in the united states,kept,,,True,© Springer Science+Business Media New York 2015.
2569,2-s2.0-84896214564,SBA small business investment company program,kept,,,True,"© 2013 by Nova Science Publishers, Inc. All rights reserved."
2570,2-s2.0-84929551878,"GCC Sovereign wealth funds: Challenges, opportunities, and issues arising from their growing presence on the global landscape",kept,,,True,© Springer Science+Business Media New York 2012. All rights are reserved.
2571,2-s2.0-84888081906,Blow molder on a growth path,kept,,,False,
2572,2-s2.0-84900868699,Do the going private transactions help increasing the ex post value for firms: An evidence from European market,kept,,,True,© International Economic Society.
2573,2-s2.0-84923432637,The Size and Internal Structure of Private Equity Firms,kept,,,True,© 2012 by Oxford University Press. All rights reserved.
2574,2-s2.0-84987947862,Private equity investment in infrastructure: Evidence from India,kept,,,True,"© 2014, Institutional Investor, Inc. All rights reserved."
2575,2-s2.0-84923501906,Do Private Equity Fund-of-Funds Managers Provide Value?,kept,,,True,© 2012 by Oxford University Press. All rights reserved.
2576,2-s2.0-84903409066,Venture Capital and Private Equity Contracting: An International Perspective: Second Edition,kept,,,True,© 2014 Elsevier Inc. All rights reserved.
2577,2-s2.0-84897082747,Dispositional joint ventures as REIT financing strategy,kept,,,True,© 2013 © 2013 Taylor & Francis.
2578,2-s2.0-105018421816,"Geeks, Mush Heads and the IT Revolution: How SRA International Achieved Success Over Nearly Four Decades",kept,,,True,© 2015 by Ernst Volgenau. All rights reserved.
2579,2-s2.0-84941696065,Strategies of Banks and Other Financial Institutions: Theories and Cases,kept,,,True,© 2014 Elsevier Inc. All rights reserved.
2580,2-s2.0-84907938621,Private equity goes all in for collaboration growth,excluded,missing_abstract,,True,
2581,2-s2.0-84905594118,Lesaffre sells bakery supplier in private equity deal,excluded,missing_abstract,,True,
2582,2-s2.0-84878584652,Private investment in small public entities,kept,,,True,"© 2011 Springer Science+Business Media, LLC."
2583,2-s2.0-84932089139,The economic rights that can attach to participating financial instruments and participating bonds; [Le tutele economico-patrimoniali attribuibili ai sottoscrittori di strumenti finanziari partecipativi e obbligazioni partecipative],kept,,,True,Copyright © 2015 by Società editrice il Mulino.
2584,2-s2.0-85014273014,Raising Entrepreneurial Capital,kept,,,True,© 2013 Elsevier Inc. All rights reserved.
2585,2-s2.0-84895000108,Performance of global listed infrastructure investment in a mixed asset portfolio,kept,,,True,© 2013 Taylor & Francis.
2586,2-s2.0-84878928459,Risk analysis with contractual default. Does covenant breach matter?,kept,,,True,© 2013 Elsevier B.V. All rights reserved.
2587,2-s2.0-84867821561,Equity Markets Do Not Fit All: An Analysis of Public-to-Private Deals in Continental Europe,kept,,,True,© 2010 Blackwell Publishing Ltd.
2588,2-s2.0-84988038504,Private equity in emerging markets: Drivers in Asia compared with developed countries,kept,,,True,"© 2014, Institutional Investor, Inc. All rights reserved."
2589,2-s2.0-84879118129,Private equity coming out of the dark: The motivations behind private equity activity in Australia,kept,,,True,Copyright © 2013 Emerald Group Publishing Limited. All rights reserved.
2590,2-s2.0-84890540536,Is nordic private equity different?,kept,,,False,
2591,2-s2.0-84871226153,Private equity firm takes the cake in £23.5M deal,excluded,missing_abstract,,True,
2592,2-s2.0-84907228857,Pricing timberland assets in the United States by the arbitrage pricing theory,kept,,,True,© 2014 Society of American Foresters.
2593,2-s2.0-84904692533,Fading hopes for UK's Milford Haven refinery,kept,,,False,
2594,2-s2.0-85196475304,CDO Equity,kept,,,True,"© 2008 by John Wiley & Sons, Inc. All rights reserved."
2595,2-s2.0-84927556933,Performance and significance of UK-listed infrastructure in a mixed-asset portfolio,kept,,,True,© Emerald Group Publishing Limited.
2596,2-s2.0-84988622746,Initial approach of the external growth operation,kept,,,True,© 2015 by World Scientific Publishing Co. Pte. Ltd.
2597,2-s2.0-84869473153,Beyond the crisis: Dodd-frank and private equity,kept,,,True,"© 2012 by Joseph A. Tillman, J.D., 2012."
2598,2-s2.0-105048328314,The Family Office Book: Investing Capital for the Ultra-Affluent,kept,,,True,Copyright © 2012 by Richard C. Wilson. All rights reserved.
2599,2-s2.0-84996480153,Value creation drivers in a secondary buyout – the acquisition of Brenntag by BC Partners,kept,,,True,"© 2014, © Emerald Group Publishing Limited."
2600,2-s2.0-84882064725,Shari'ah compliant private equity and Islamic venture capital,kept,,,True,"© Fara Madehah Ahmad Farid, 2012. All rights reserved."
2601,2-s2.0-84867809203,Private Equity and Agency Costs: An Economic Analysis,kept,,,True,© 2012 The Author. Economic Affairs. © 2012 Institute of Economic Affairs.
2602,2-s2.0-84940397303,The effects of operational and environmental variables on efficiency of Danish water and wastewater utilities,kept,,,True,© 2015 by the authors.
2603,2-s2.0-84991066559,Innovative financing solutions for oil and gas companies,kept,,,False,
2604,2-s2.0-84923212635,Macroeconomic determinants of going public: The evidence from Poland,kept,,,False,
2605,2-s2.0-84888594740,Private equity and entrepreneurial governance: Time for a balanced view,kept,,,True,© Academy of Management Perspectives 2013.
2606,2-s2.0-105033746660,Financial Sector Restructuring in Transition and Emerging Market Economies,kept,,,True,© The Editor(s) (if applicable) and The Author(s) 2015.
2607,2-s2.0-84886815852,The Role of Alternative Investments in Strategic Asset Allocation,kept,,,True,"© 2013 John Wiley & Sons, Inc. All rights reserved."
2608,2-s2.0-85121888078,"An essay on the emergence, organization and performance of financial markets: The case of the Alternative Investment Market",kept,,,True,"© 2014 selection and editorial material, Andreas Pyka and Hans-Peter Burghof."
2609,2-s2.0-84933567925,A second life for private equity in India?,kept,,,True,Copyright © 2015 McKinsey & Company. All rights reserved.
2610,2-s2.0-85145180270,Research and Knowledge Production in the Private Sector: The Brazilian Experience,kept,,,True,"© 2015, Gustavo Gregorutti and Jorge Enrique Delgado."
2611,2-s2.0-84873485934,A Survey of Venture Capital Research,kept,,,True,© 2013 Elsevier B.V.
2612,2-s2.0-84893864627,The role of financial leverage in the performance of private equity real estate funds,excluded,missing_abstract,,True,
2613,2-s2.0-84906501088,The employment consequences of private equity acquisitions: The case of institutional buy outs,kept,,,True,© 2014 Elsevier B.V.
2614,2-s2.0-84871853941,"New capitalist processes, interdependence and the Asia-US private equity relationship",kept,,,True,"© 2012 Copyright Taylor and Francis Group, LLC."
2615,2-s2.0-84887508474,"Borrow Cheap, Buy High? The Determinants of Leverage and Pricing in Buyouts",kept,,,True,© 2013 the American Finance Association 68 6 December 2013 10.1111/jofi.12082 ARTICLE ARTICLES © 2013 the American Finance Association.
2616,2-s2.0-84886811245,Venture Capital,kept,,,True,"© 2013 John Wiley & Sons, Inc. All rights reserved."
2617,2-s2.0-84871226130,Pension funds' allocations to hedge funds: An empirical analysis of US and Canadian defined benefit plans,kept,,,True,"© 2013 Copyright Taylor and Francis Group, LLC."
2618,2-s2.0-84890448243,A systematic risk analysis of listed private equity,kept,,,False,
2619,2-s2.0-84896993583,The effect of private equity ownership on management practices: A research agenda,kept,,,True,© W. S. Maney & Son Ltd 2014.
2620,2-s2.0-105011900401,Private Equity Firms (Pejorative),excluded,missing_abstract,,True,
2621,2-s2.0-85026296862,"Not all distances are created equal: Culture, geography, and the interaction effect of networks on private equity investments in three emerging market regions",excluded,missing_abstract,,True,
2622,2-s2.0-84867865594,"The determinants of director remuneration, executive tenure and individual executive disclosure in North African IPO firms",kept,,,True,© 2011 Elsevier B.V.
2623,2-s2.0-84959139855,Moral hazard in Islamic profit–loss sharing contracts and private equity,kept,,,True,© M. Kabir Hassan and Mervyn K. Lewis 2014.
2624,2-s2.0-85087940905,Punching above their weight: The sources of competitive advantage for emerging-market multinationals,kept,,,True,© Mehmet Demirbag and Attila Yaprak 2015.
2625,2-s2.0-84925679458,High-tech start-up engineering firms: How to generate value through performance management and reward systems,kept,,,False,
2626,2-s2.0-84893900420,Private equity and asset characteristics: The case of agricultural production,kept,,,True,"© 2013 John Wiley & Sons, Ltd."
2627,2-s2.0-84906050557,Italian stock market reaction to announcements of Private Equity investments,kept,,,False,
2628,2-s2.0-84920258668,Venture capital enters academia: An analysis of university-managed funds,kept,,,True,"© 2013, Springer Science+Business Media New York."
2629,2-s2.0-86000093130,IRRs and the Structure of LBO Models,kept,,,True,© 2008 John Wiley & Sons Ltd.
2630,2-s2.0-84866491755,Managerial Motives in Mergers: Propensity Score Matching Approach,kept,,,True,"© 2012 John Wiley & Sons, Ltd."
2631,2-s2.0-84913584330,A review of factors affecting the attractiveness of angola to private equity (PE) investments,kept,,,True,© 2014 University of Pretoria. All rights reserved.
2632,2-s2.0-84897654397,Private equity lemons? Evidence on value creation in secondary buyouts,kept,,,True,© 2012 Blackwell Publishing Ltd.
2633,2-s2.0-84886245723,China's small coal mine policy in the 2000s: A case study of trusteeship and consolidation,kept,,,True,© 2013 Elsevier Ltd.
2634,2-s2.0-84960204489,Technology financing and commercialization: Exploring the challenges and how nations can build innovative capacity,kept,,,True,© Jarunee Wonglimpiyarat 2015 and Henry Etzkowitz 2015.
2635,2-s2.0-84917730414,"Achievement and private equity in the U.K.: A game of abstraction, sociality and making money",excluded,missing_abstract,,True,
2636,2-s2.0-84906053995,Private Equity: Teaching manual,kept,,,False,
2637,2-s2.0-84891585296,"Contemporary Islamic Finance: Innovations, Applications, and Best Practices",kept,,,True,"© 2013 John Wiley & Sons, Inc. All rights reserved."
2638,2-s2.0-84873871377,EU legal & regulatory update - November 2012,excluded,duplicate_cleaned_abstract,2-s2.0-84904115058,False,
2639,2-s2.0-84937035327,Angles on angels and venture capital: Financing entrepreneurial ventures,kept,,,True,© 2013 Taylor & Francis.
2640,2-s2.0-84964199166,Finance capital launches an assault on Chinese real estate,kept,,,True,© 2013-China Perspectives.
2641,2-s2.0-84893351904,EU legal & regulatory update - November 2013,excluded,duplicate_cleaned_abstract,2-s2.0-84904115058,False,
2642,2-s2.0-84866844667,Why do firms issue private equity repeatedly? On the motives and information content of multiple PIPE offerings,kept,,,True,© 2012.
2643,2-s2.0-84901709650,Drambuie sale: Suntory 'favourite' to buy,excluded,missing_abstract,,True,
2644,2-s2.0-85031034345,Private equity investments: Drivers and performance implications of investment cycles,kept,,,True,© Springer Fachmedien Wiesbaden 2013.
2645,2-s2.0-84896974648,The separation of funds and managers: A theory of investment fund structure and regulation,kept,,,False,
2646,2-s2.0-85048465810,International capital flows into the european private equity market,kept,,,True,© 2011 Blackwell Publishing Ltd.
2647,2-s2.0-84923281033,The dimensions of experiential learning in the management of activity load,kept,,,True,© 2015 INFORMS.
2648,2-s2.0-84916900227,"Private equity, jobs, and productivity",kept,,,False,
2649,2-s2.0-85210638124,Tactical Portfolios: Strategies and Tactics for Investing in Hedge Funds and Liquid Alternatives,kept,,,True,© 2014 by Bailey McCann. All rights reserved.
2650,2-s2.0-84957962126,Tax law influences on the form and substance of equity compensation in the United States,kept,,,True,© Zenichi Shishido 2014.
2651,2-s2.0-84893906583,The wage and employment consequences of ownership change,kept,,,True,"© 2013 The Authors. Managerial and Decision Economics published by John Wiley & Sons, Ltd."
2652,2-s2.0-84911865255,Structure of a Global Network of financial companies based on transfer entropy,kept,,,True,"© 2014 by the author; licensee MDPI, Basel, Switzerland."
2653,2-s2.0-85218377150,"Business Cycles: History, Theory and Investment Reality, Thrid Edition",kept,,,True,© 2006 John Wiley & Sons Ltd.
2654,2-s2.0-84875196434,"Is value-added and opportunisitc real estate investing beneficial? if so, why?",kept,,,False,
2655,2-s2.0-85219163081,Managing Complexity in Mergers and Alliances,kept,,,True,"© 2007 John Wiley & Sons Ltd, The Atrium, Southern Gate, Chichester."
2656,2-s2.0-105005675998,Pros and Cons of a U.S. IPO,kept,,,True,© 2009 by Frederick D. Lipman. All rights reserved.
2657,2-s2.0-84867750818,Pay for performance from future fund flows: The case of private equity,kept,,,True,© 2012 The Author.
2658,2-s2.0-84988037429,Looking for the bright spots for private equity in 2014,excluded,missing_abstract,,True,
2659,2-s2.0-84983048581,"An innovation transfer’s network: University spin-offs, venture capital and public funds",kept,,,True,© Springer-Verlag Berlin Heidelberg 2013.
2660,2-s2.0-84917215994,Global education inc.: New policy networks and the neo-liberal imaginary,kept,,,True,© 2012 S. Ball.
2661,2-s2.0-84902080978,"Diversification in private equity funds: On knowledge sharing, risk aversion, and limited attention",kept,,,True,"Copyright © Michael G. Foster School of Business, University of Washington 2013."
2662,2-s2.0-84887104991,The privatization wave: Reaction to regulation or move to greater efficiency,kept,,,True,Copyright © 2013 by Emerald Group Publishing Limited.
2663,2-s2.0-84901844244,Private equity alliances in mergers,kept,,,True,© 2013 Elsevier B.V.
2664,2-s2.0-84864096570,Why do public firms issue private and public securities?,kept,,,True,© 2012 Elsevier Inc.
2665,2-s2.0-84924944185,Mining projects in the CIS: Mezzanine vs. Debt financing,kept,,,False,
2666,2-s2.0-84886817938,Distressed Debt Investing,kept,,,True,"© 2013 John Wiley & Sons, Inc. All rights reserved."
2667,2-s2.0-84923388664,A Competition Law Analysis of Private Equity 'Club Deals',kept,,,True,© 2012 by Oxford University Press. All rights reserved.
2668,2-s2.0-84960265788,A global monetary plague: Asset price inflation and federal reserve quantitative easing,kept,,,True,© Brendan Brown and Alex J. Pollock 2015.
2669,2-s2.0-84918587753,"The Securitization of security: Reorganization of Land, military, and state in the pentagon's backyard",kept,,,True,© 2014 SAGE Publications.
2670,2-s2.0-105046481831,Financing New Ventures: An Entrepreneur’s Guide to Business Angel Investment,kept,,,True,"Copyright © Business Expert Press, LLC, 2014."
2671,2-s2.0-84929146079,The journal of private equity,excluded,missing_abstract,,True,
2672,2-s2.0-84896756636,Your former employees matter: Private equity firms and their financial advisors,kept,,,True,© 2013 The Authors 2013.
2673,2-s2.0-84890497018,Impact of group-buying models on small business purchasing: Pilot research analysis,kept,,,False,
2674,2-s2.0-84885035967,"Transnational corporations, socio-economic change and recurrent crisis",kept,,,True,"© 2013, Emerald Group Publishing Limited"
2675,2-s2.0-84988476756,Study of the impact of private equity on the listed companies’ earnings management,kept,,,True,© Li and Luo.
2676,2-s2.0-84904416872,"Convexity, theta, and the optionality of investing in private companies",kept,,,True,© 2013 Institutional Investor. All Rights Reserved.
2677,2-s2.0-84893560739,Profile of Jack Wolfskin: A premium outdoor apparel brand,kept,,,True,© Textiles Intelligence Limited 2013.
2678,2-s2.0-84900837209,Food industry deals in 2014's first quarter total £833M,excluded,missing_abstract,,True,
2679,2-s2.0-84887610815,"Entrepreneurial risk aversion, net worth effects and real fluctuations",kept,,,True,© 2013 Elsevier Inc.
2680,2-s2.0-84957354350,Infrastructure banks and debt finance to support surface transportation investment,kept,,,True,"© 2014 Nova Science Publishers, Inc. All rights reserved."
2681,2-s2.0-85090619317,VENTURE CAPITAL in RUSSIA and UKRAINE: CURRENT TRENDS and WAYS of STEPPING up the INVESTOR ACTIVITIES; [ВЕНЧУРНЫЙ КАПИТАЛ В РОССИИ И УКРАИНЕ: ТЕКУЩЕЕ СОСТОЯНИЕ И ПУТИ АКТИВИЗАЦИИ ДЕЯТЕЛЬНОСТИ]; [ВЕНЧУРНИЙ КАПІТАЛ В РОСІЇ ТА УКРАЇНІ: ПОТОЧНИЙ СТАН ТА ШЛЯХИ АКТИВІЗАЦІЇ ДІЯЛЬНОСТІ],kept,,,True,"© KRASOVSKA, O.V., 2014."
2682,2-s2.0-84873749640,The different roles played by venture capital and private equity investors on the investment activity of their portfolio firms,kept,,,True,"© 2011 Springer Science+Business Media, LLC."
2683,2-s2.0-84923411263,"Fund Size, Limited Attention, and Private Equity Valuation",kept,,,True,© 2012 by Oxford University Press. All rights reserved.
2684,2-s2.0-84894384953,"Employment law - pension withdrawal liability - first circuit holds private equity fund is ""trade or business"" under multiemployer pension plan amendments act. - sun capital partners iii, lp v. new england teamsters & trucking industry pension fund, 724 f.3d 129 (1st cir. 2013)",excluded,missing_abstract,,True,
2685,2-s2.0-84879724612,Strategic alignment drivers: Preliminary comparisons on value between private corporations and state-owned enterprises in Brazil; [Indutores de alinhamento estratégico: Comparações preliminares sobre valor entre empresas de capital privado e empresas estatais no Brasil],kept,,,False,
2686,2-s2.0-84878640202,Institutional Reinvestments in Private Equity Funds as a Double-Edged Sword: The Role of the Status Quo Bias,kept,,,True,"© 2013 Copyright Taylor and Francis Group, LLC."
2687,2-s2.0-84899485704,Do private equity returns result from wealth transfers and short-termism evidence from a comprehensive sample of large buyouts,kept,,,True,© 2014 INFORMS.
2688,2-s2.0-84881874784,The present and future of private equity funds (PEF) in Korea,excluded,missing_abstract,,True,
2689,2-s2.0-84973412476,Private equity firm invests in Willows Referral Service,excluded,missing_abstract,,True,
2690,2-s2.0-84882585915,Financial Returnees as New Agents in East Asia: The Case of Korean Private Equity Funds,kept,,,True,"© 2013 Copyright Taylor and Francis Group, LLC."
2691,2-s2.0-84885614161,Private equity IPOs: Five executive compensation traps to avoid,kept,,,False,
2692,2-s2.0-84893162534,2014 food deals - momentum builds,excluded,missing_abstract,,True,
2693,2-s2.0-84875731053,Merger mania: A look back and a look forward,kept,,,False,
2694,2-s2.0-84878807740,The role of institutional investors on the governance of SMEs: Evidence from an Italian perspective,kept,,,True,© 2013 2013 Inderscience Enterprises Ltd.
2695,2-s2.0-84883062932,Multicriteria approaches for a private equity fund,kept,,,True,© 2012 American Institute of Physics.
2696,2-s2.0-84892931758,Private equity: Buy-in barons,excluded,missing_abstract,,True,
2697,2-s2.0-84927590187,The future of FDI in South Eastern European countries: Messages from new EU member states,kept,,,False,
2698,2-s2.0-84962385196,Innovative financing solutions for oil & gas companies,kept,,,True,© World Petroleum Council.
2699,2-s2.0-84885602289,The regulatory landscape for private equity investment in the secondary market in China,kept,,,False,
2700,2-s2.0-105025282480,Venture Capital,kept,,,True,"© 2014 John Wiley & Sons, Ltd. All rights reserved."
2701,2-s2.0-84986093736,“Punching above their weight”: The sources of competitive advantage for emerging market multinationals,kept,,,True,"© 2013, Emerald Group Publishing Limited"
2702,2-s2.0-84924005441,L'évolution du système de recherche et d'innovation : Ce que révèle la problématique du financement dans le cas français,kept,,,False,
2703,2-s2.0-84987958809,"""What i wish i knew"" - Hiring my first placement agent",kept,,,True,"© 2014, Institutional Investor, Inc. All rights reserved."
2704,2-s2.0-84900797111,"Private equity, investment and financial constraints: Firm-level evidence for France and the United Kingdom",kept,,,True,© 2013 Springer Science+Business Media New York.
2705,2-s2.0-85064903222,Previous Results on Cost-of-Capital Practices,kept,,,True,"© 2015, Springer International Publishing Switzerland."
2706,2-s2.0-84883737926,Suspects line up to buy Burton's Biscuits,excluded,missing_abstract,,True,
2707,2-s2.0-105046009276,INVEST LIKE AN INSTITUTION: PROFESSIONAL STRATEGIES FOR FUNDING A SUCCESSFUL RETIREMENT,kept,,,True,© Apress 2013.
2708,2-s2.0-85113960004,Disciplining Management or Guiding Management: Aligning Interests in Securitized Leveraged Buyouts,kept,,,True,"© 2015 Wiley Periodicals, Inc."
2709,2-s2.0-84873840569,Are Private Equity Investors Boon or Bane for an Economy?-A Theoretical Analysis,kept,,,True,© 2011 Blackwell Publishing Ltd.
2710,2-s2.0-85027955577,Fund managers under pressure: Rationale and determinants of secondary buyouts,kept,,,True,© 2014 Elsevier B.V.
2711,2-s2.0-85118017118,"An Investigation on Ecosystem Services, the Role of Investment Banks, and Investment Products to Foster Conservation",kept,,,True,"© 2015, Springer International Publishing Switzerland."
2712,2-s2.0-105011001405,Entrepreneurship and New Venture Creation in China: Focusing on ICT Sectors,kept,,,True,© Springer International Publishing Switzerland 2015.
2713,2-s2.0-84923479463,"Private Equity Investors, Corporate Governance, and Performance of Ipo Firms",kept,,,True,© 2012 by Oxford University Press. All rights reserved.
2714,2-s2.0-84874832977,Monitoring managers: Does it matter?,kept,,,True,© 2013 the American Finance Association.
2715,2-s2.0-84902511683,Institutional investment horizons and the stock performance of private equity placements: Evidence from the Taiwanese Listed Firms,kept,,,True,"© 2014 World Scientific Publishing Co. and Center for Pacific Basin Business, Economics and Finance Research."
2716,2-s2.0-84874447809,Assessing the inflation hedging ability of timberland assets in the United States,kept,,,True,© 2013 by the Society of American Foresters.
2717,2-s2.0-84940390192,A conceptual framework for understanding crowdfunding,kept,,,True,© 2015 by the Association for Information Systems.
2718,2-s2.0-84897801309,Bain & Political Capital in the 2012 GOP Primary Debates,kept,,,True,© 2013 SAGE Publications.
2719,2-s2.0-84915739646,Private equity performance: What do we know?,kept,,,True,© 2014 the American Finance Association.
2720,2-s2.0-84988432675,Global energy: The private equity opportunity of the century,excluded,missing_abstract,,True,
2721,2-s2.0-84897098672,Real estate ownership and closely-held firm value,kept,,,True,© Emerald Group Publishing Limited.
2722,2-s2.0-86000072493,Introduction,kept,,,True,© 2008 John Wiley & Sons Ltd.
2723,2-s2.0-84872394274,Performances of Brazilian IPOs backed by private equity,kept,,,True,© 2012 Elsevier Inc.
2724,2-s2.0-84907284216,Opinion: Private equity needs long view on defense,excluded,missing_abstract,,True,
2725,2-s2.0-84876709160,Templates for financial control? Management and employees under the private equity business model,kept,,,True,© 2012 Blackwell Publishing Ltd.
2726,2-s2.0-84946493056,Costliness of Placement Agents,kept,,,True,"© 2014, Springer Science+Business Media New York."
2727,2-s2.0-84886849544,Trends in Alternative Investments,kept,,,True,"© 2013 John Wiley & Sons, Inc. All rights reserved."
2728,2-s2.0-84891609938,Private equity firms are invited to get involved with commissioning,excluded,missing_abstract,,True,
2729,2-s2.0-84886615476,An option-pricing framework for the valuation of fund management compensation,excluded,duplicate_doi,2-s2.0-105027470633,True,Copyright © 2012 by Emerald Group Publishing Limited.
2730,2-s2.0-84937514524,"Liquidity, technological Opportunities, and the Stage Distribution of Venture Capital Investments",kept,,,True,© 2014 Financial Management Association International.
2731,2-s2.0-85216431717,Selling professional and financial services handbook,kept,,,True,© 2014 by Scott Paczosa and Chuck Peruchini. All rights reserved.
2732,2-s2.0-84890478602,Private equity in emerging markets: The new frontiers of international finance,kept,,,False,
2733,2-s2.0-84930068394,The evaluation of financial risk and portfolio selection,kept,,,True,© Springer International Publishing Switzerland 2014. All rights are reserved.
2734,2-s2.0-84904438571,Taking Heinz private: Managing value realization risk,kept,,,True,© 2013 Institutional Investor. All Rights Reserved.
2735,2-s2.0-85067162084,Women investment portfolio holding (WIPHOLD) of South Africa: Empowerment through private equity,kept,,,True,© 2013 Taylor & Francis.
2736,2-s2.0-84867233047,What drives leverage in leveraged buyouts? An analysis of European leveraged buyouts' capital structure,kept,,,True,© 2011 AFAANZ.
2737,2-s2.0-105003338766,Islamic Finance in the United States,kept,,,True,"© 2011 John Wiley & Sons, Ltd."
2738,2-s2.0-84875499444,"Strategic alliances, venture capital, and exit decisions in early stage high-tech firms",kept,,,True,© 2012.
2739,2-s2.0-84960943836,Quant techniques and regime analysis for increase in trade & business between India and Israel,kept,,,True,© 2015 IEEE.
2740,2-s2.0-85023783538,"Family firms and private equity: A collection of essays on value creation, negotiation, and soft factors",kept,,,True,© Springer Fachmedien Wiesbaden 2014. All rights reserved.
2741,2-s2.0-84907879420,Design of private equity investment evaluation index system in West China,kept,,,True,© 2014 WIT Press.
2742,2-s2.0-84887599158,The commodification of higher education and the market strategies of for-profit institutions; [A mercantilização da educação superior Brasileira e as estratégias de mercado das instituições lucrativas],kept,,,False,
2743,2-s2.0-84877592574,Drivers of holding period firm-level returns in private equity-backed buyouts,kept,,,True,© 2013 Elsevier B.V.
2744,2-s2.0-84885658068,Informal private equity investment networks: The role of the nexus angel,kept,,,False,
2745,2-s2.0-84950148468,Financing infrastructure in developing countries,kept,,,True,© 2015 The Authors.
2746,2-s2.0-85088114056,The Case for Environmental and Social Risk Management in Investment Banking,kept,,,True,"© 2015, Springer International Publishing Switzerland."
2747,2-s2.0-84911008778,The 'situated functionality' of accounting in private equity practices: A social 'site' analysis,kept,,,True,© 2014 Elsevier Ltd.
2748,2-s2.0-84943338887,Economic merits of private equity infrastructure ownership,kept,,,True,Copyright © (2015) by the Offshore Technology Conference All rights reserved.
2749,2-s2.0-84899554428,"The global multi-asset market portfolio, 1959-2012",kept,,,True,©2014 CFA Institute.
2750,2-s2.0-84930696050,"Participating loans: Do they have the same impact as venture capital on small and medium enterprises growth?; [El préstamo participativo, ¿tiene el mismo impacto que el capital riesgo en el crecimiento de la pequeña y mediana empresa?]",kept,,,False,
2751,2-s2.0-84911032984,Capitalising on the financialisation of agriculture: Cargill’s land investment techniques in the Philippines,kept,,,True,"© 2014, © 2014 Southseries Inc., www.thirdworldquarterly.com."
2752,2-s2.0-84899435278,£60M acquisition of chilled food distributor NFT,excluded,missing_abstract,,True,
2753,2-s2.0-84890032524,Private equity investments and stewardship theory - A process-oriented approach to characterize the relation between private equity companies and portfolio companies; [Private-Equity-Beteiligungen und Stewardship-Theorie - Eine prozessorientierte Analyse des Beziehungsgeflechts zwischen Private-Equity- Gesellschaften und Beteiligungsunternehmen],excluded,missing_abstract,,True,
2754,2-s2.0-84874813626,International Capital Flows into the European Private Equity Market,excluded,duplicate_cleaned_abstract,2-s2.0-85048465810,True,© 2010 Blackwell Publishing Ltd.
2755,2-s2.0-84971378418,What Do PE Investors Seek From Syndication Partners? Evidence From the Infrastructure Sector,kept,,,True,"© 2015, © The Author(s) 2015."
2756,2-s2.0-84906066662,Private equity-sponsored LLCs: Negotiating tax distributions for preferred equity investments,kept,,,False,
2757,2-s2.0-84937900730,Research on China's Real Estate Private Equity Fund Financing,kept,,,True,© 2014 American Society of Civil Engineers.
2758,2-s2.0-84942163639,Sustainability of E-retail in India,kept,,,True,"© 2015 Niraj S, et al."
2759,2-s2.0-85027479968,Longevity risk and hedging solutions,kept,,,True,© Springer Science+Business Media New York 2013. All rights reserved.
2760,2-s2.0-84886821832,Private Equity: Value Creation and Performance,kept,,,True,© 2012 by Oxford University Press. All rights reserved.
2761,2-s2.0-84928985582,The interest of private equity and venture capital for the financing of entrepreneurship in emerging markets,kept,,,True,Copyright © 2014 Inderscience Enterprises Ltd.
2762,2-s2.0-84926981923,"Funds: Private Equity, Hedge and All Core Structures",kept,,,True,© 2014 Matthew Hudson. All rights reserved.
2763,2-s2.0-84894294956,Snack foods firm says It's All Good with £3.5M boost,excluded,missing_abstract,,True,
2764,2-s2.0-84908257340,The fast track IPO - Success factors for taking firms public with SPACs,kept,,,True,© 2014 Elsevier B.V.
2765,2-s2.0-84906076233,Morphing: The Linkage of Inward Private Equity and Outward Ventures,kept,,,True,"© 2014 Wiley Periodicals, Inc."
2766,2-s2.0-84923445114,Listed Private Equity: A Genuine Alternative for an Alternative Asset Class,kept,,,True,© 2012 by Oxford University Press. All rights reserved.
2767,2-s2.0-84885950221,Private equity in UK ports: Rejoinder to 'an alternative view',excluded,missing_abstract,,True,
2768,2-s2.0-84891052901,Foreign direct investment concessions and environmental levies in China,kept,,,True,© 2013 Elsevier Inc.
2769,2-s2.0-84929153595,The performance of private equity funds in India,kept,,,True,"© 2014, Institutional Investor, Inc. All rights reserved."
2770,2-s2.0-84943339983,Other equity markets for shipping,kept,,,True,© Springer-Verlag Berlin Heidelberg 2015.
2771,2-s2.0-84933526842,The 12 magic slides: Secrets for raising growth capital,kept,,,True,Copyright © 2014 by Paul M. Getty. All rights are reserved.
2772,2-s2.0-84885847564,"Boards, CEO entrenchment, and the cost of capital",kept,,,True,© 2013 Elsevier B.V.
2773,2-s2.0-84867149168,Accelerators for America's future workshop: Medicine and biology,kept,,,True,© 2012 Health Physics Society.
2774,2-s2.0-84893982030,SMBOs: Buying time or improving performance?,kept,,,True,"© 2013 The Authors. Managerial and Decision Economics published by John Wiley & Sons, Ltd."
2775,2-s2.0-84893963753,The impact of private equity on a life insurer's capital charges under solvency II and the swiss solvency test,kept,,,True,© The Journal of Risk and Insurance.
2776,2-s2.0-84903220290,Valuing private equity,kept,,,True,© 2014 The Author 2014.
2777,2-s2.0-84923484619,Private Equity and Public Corporations,kept,,,True,© 2012 by Oxford University Press. All rights reserved.
2778,2-s2.0-84875073778,The Promise and Pitfalls of Venture Capital as an Asset Class for Clean Energy Investment: Research Questions for Organization and Natural Environment Scholars,kept,,,True,© 2013 SAGE Publications.
2779,2-s2.0-105011814581,Private Equity,excluded,missing_abstract,,True,
2780,2-s2.0-85107255464,The political economy of food and finance,kept,,,True,© 2016 Ted P. Schmidt.
2781,2-s2.0-84896253470,Small business innovation research (SBIR) program,kept,,,True,"© 2013 by Nova Science Publishers, Inc. All rights reserved."
2782,2-s2.0-84923393702,"Industry Concentration, Syndication Networks, and Competition in the U.K. Private Equity Market for Management Buyouts",kept,,,True,© 2012 by Oxford University Press. All rights reserved.
2783,2-s2.0-84885237157,The separation of ownership and control and corporate tax avoidance,kept,,,True,© 2013 Elsevier B.V.
2784,2-s2.0-84937417529,Configuring management buyouts to ensure value fairness,kept,,,True,© 2015 by Emerald Group Publishing Limited.
2785,2-s2.0-84896038863,Chicago's first chief technology officer departs for consulting executive role,excluded,missing_abstract,,True,
2786,2-s2.0-84904043594,Proposals to establish a partnership bankruptcy regime in China: With lessons from the UK and USA,kept,,,True,"© 2014 INSOL International and John Wiley & Sons, Ltd."
2787,2-s2.0-105025324157,Management Buyouts (MBOs),kept,,,True,"© 2014 John Wiley & Sons, Ltd. All rights reserved."
2788,2-s2.0-84960304354,Relationship between Risk and Returns in Venture Capital and Private Equity Investments,kept,,,True,"© 2014 by John Wiley & Sons, Inc. All rights reserved."
2789,2-s2.0-84894372890,"Private equity, public affair: Hydropower financing in the Mekong Basin",kept,,,True,© 2013 Elsevier Ltd.
2790,2-s2.0-84891585220,"Alternative Investments: Instruments, Performance, Benchmarks, and Strategies",kept,,,True,"© 2013 John Wiley & Sons, Inc. All rights reserved."
2791,2-s2.0-84910104777,Global integration along historic pathways: Vienna and Munich in the changing financial geography of Europe,kept,,,True,© The Author(s) 2012.
2792,2-s2.0-84887868231,Corporate restructuring,kept,,,True,© 2013 B. E. Eckbo and K. S. Thorburn.
2793,2-s2.0-84927521463,Private equity investment and real estate development: Evidence from residential projects in india,kept,,,True,"© 2014, Emerald Group Publishing Limited."
2794,2-s2.0-84890454682,The PowerShares Global Listed Private Equity Portfolio: Risk and performance analysis,kept,,,False,
2795,2-s2.0-84896213906,Small business administration investment and loan programs,kept,,,True,"© 2013 by Nova Science Publishers, Inc. All rights reserved."
2796,2-s2.0-84908259862,Expected Returns to Stock Investments by Angel Investors in Groups,kept,,,True,© 2013 John Wiley & Sons Ltd.
2797,2-s2.0-84884383166,Fruit and nut firm Whitworths gets private equity backing,excluded,missing_abstract,,True,
2798,2-s2.0-84926974367,"""Stepping into the buyers' shoes"": Looking at the value of family firms through the eyes of private equity investors",kept,,,True,© 2014 Elsevier Ltd.
2799,2-s2.0-84883829817,Private equity and venture capital in South Africa: A comparison of project financing decisions,kept,,,False,
2800,2-s2.0-84987962035,Evolving Business Information Systems (BIS) usage in asset-intensive industries: What to look for as an investor,kept,,,True,"© 2014, Institutional Investor, Inc. All rights reserved."
2801,2-s2.0-84943763665,Real estate management in China: An innovative financing mode of urban complexes,kept,,,True,© Springer International Publishing Switzerland 2015.
2802,2-s2.0-84917707366,Towards a framework for evaluating financing alternatives for High Speed Rail along the East Coast of Australia,kept,,,False,
2803,2-s2.0-85045437671,Getting efficiency projects running through performance contracting,kept,,,True,© 2014 European Council for an Energy Efficient Economy. All rights reserved.
2804,2-s2.0-84870537069,The journal of private equity,excluded,missing_abstract,,True,
2805,2-s2.0-84875710129,Private equity firm experience and buyout vendor source: What is their impact on efficiency?,kept,,,True,© 2013 Elsevier B.V. All rights reserved.
2806,2-s2.0-84877104860,Economic and capital market antecedents of venture capital commitments (1960-2010),kept,,,True,"© 2011 Springer Science + Business Media, LLC."
2807,2-s2.0-85039434046,The impact of venture capital/private equity investment on the performance of IPOs in Australia,excluded,missing_abstract,,True,
2808,2-s2.0-86000118710,Leveraged Buyouts,kept,,,True,© 2008 John Wiley & Sons Ltd.
2809,2-s2.0-84880018394,EU legal & regulatory update - May 2013,excluded,duplicate_cleaned_abstract,2-s2.0-84904115058,False,
2810,2-s2.0-84885952972,Private equity in UK ports: An alternative view,kept,,,True,© 2013 Elsevier Ltd.
2811,2-s2.0-84909640369,Cross-border LBOs,kept,,,True,© 2014 Elsevier B.V.
2812,2-s2.0-85119638078,Private equity: Last hurrah,excluded,missing_abstract,,True,
2813,2-s2.0-84904410268,What really drives risk premium and abnormal returns in private equity funds? A new perspective,kept,,,True,© 2013 Institutional Investor. All Rights Reserved.
2814,2-s2.0-84904291810,Lockup Agreements and Survival of UK IPOs,kept,,,True,© 2014 The Authors Journal of Business Finance & Accounting published by John Wiley & Sons Ltd.
2815,2-s2.0-84886825038,Performance of Private Equity,kept,,,True,"© 2013 John Wiley & Sons, Inc. All rights reserved."
2816,2-s2.0-84879565825,Micro and small business in Brazil: Asymmetries and financial fragility,kept,,,True,© 2013 Inderscience Enterprises Ltd.
2817,2-s2.0-84866546110,Secondary buyouts: Why buy and at what price?,kept,,,True,© 2012 Elsevier B.V.
2818,2-s2.0-85130949849,Greening the Bottom Line,kept,,,True,"© 2014, Springer-Verlag Berlin Heidelberg."
2819,2-s2.0-84962491922,Negotiating the leveraged management buyout,kept,,,False,
2820,2-s2.0-84939419937,Chasing the deal with the money: Measuring the required risk premium and expected abnormal returns of private equity funds to maximize their internal rate of return,kept,,,True,"© 2013, Virtus Interpress. All Rights Reserved."
2821,2-s2.0-84876910189,It pays to follow the leader: Acquiring targets picked by private equity,kept,,,True,"© 2012 Michael G. Foster School of Business, University of Washington."
2822,2-s2.0-85218310534,Business Valuation and Bankruptcy,kept,,,True,"© 2009 by John Wiley & Sons, Inc. All rights reserved."
2823,2-s2.0-84988019700,Taxonomic analysis of the European private equity market,kept,,,True,"© 2014, Institutional Investor, Inc. All rights reserved."
2824,2-s2.0-84884751130,Private equity fair value measurement: A critical perspective on ifrs 13,kept,,,True,© 2013 CPA Australia.
2825,2-s2.0-84880404951,AG Barr tight-lipped on Lucozade and Ribena deal,excluded,missing_abstract,,True,
2826,2-s2.0-84875244973,Contracts and returns in private equity investments,kept,,,True,© 2012 Elsevier Inc.
2827,2-s2.0-84909584645,Private equity and corporate governance in Brazil,kept,,,True,© Virtus Interpress. All rights reserved.
2828,2-s2.0-84885581140,Turn plant closings and layoffs into economic development,kept,,,False,
2829,2-s2.0-85041384033,WITH IMPACT,kept,,,True,© 2015 London Business School
2830,2-s2.0-85218657075,Venture Philanthropy: Venturing into Entrepreneurial Philanthropy,kept,,,True,© 2010 by Lien Centre for Social Innovation.
2831,2-s2.0-84908451225,The influence of public equity ownership on earnings management through the manipulation of operational activities,kept,,,True,© Copyright by author(s).
2832,2-s2.0-84928390380,Hedge funds and ctas hedge fund investments in bankruptcy,kept,,,False,
2833,2-s2.0-84886849256,Mezzanine Capital,kept,,,True,"© 2013 John Wiley & Sons, Inc. All rights reserved."
2834,2-s2.0-84988025269,Private equity and venture capital industry performance in Brazil: 1990-2013,kept,,,True,"© 2014, Institutional Investor, Inc. All rights reserved."
2835,2-s2.0-84923483442,Private Equity in China,kept,,,True,© 2012 by Oxford University Press. All rights reserved.
2836,2-s2.0-84998673711,Private equity unchained: Strategy insights for the institutional investor,kept,,,True,© Thomas Meyer 2014. All rights reserved.
2837,2-s2.0-85076808377,China’s capital markets,kept,,,True,"© Y. Zhen, 2013."
2838,2-s2.0-84892563396,Analysing the uneven development of private equity in Europe: Legal origins and diversity of capitalism,kept,,,True,© The Author 2013. Published by Oxford University Press and the Society for the Advancement of Socio-Economics. All rights reserved.
2839,2-s2.0-84874912170,Determinants of sovereign wealth fund investment in private equity vs public equity,kept,,,True,© 2013 Academy of International Business All rights reserved.
2840,2-s2.0-84903591237,Delistings and the costs of governance: A study of European stock exchanges 1996-2004,kept,,,True,© 2013 Springer Science+Business Media New York.
2841,2-s2.0-105029612935,Institutional Investors in Chinese Stock Markets,kept,,,True,"© Palgrave Macmillan, a division of Macmillan Publishers Limited 2015."
2842,2-s2.0-85218661454,Case Study: A Cat Mortality Bond by AXA (OSIRIS),kept,,,True,© 2009 John Wiley & Sons Ltd.
2843,2-s2.0-84880254410,North America: An energy rocket ship if Mexico gets aboard,kept,,,False,
2844,2-s2.0-84987973341,Branding equity capital,kept,,,True,"© 2014, Institutional Investor, Inc. All rights reserved."
2845,2-s2.0-86000105509,A Word of Caution,kept,,,True,© 2008 John Wiley & Sons Ltd.
2846,2-s2.0-84962609387,Managerial carrots and sticks: Encouraging strategy implementation,kept,,,False,
2847,2-s2.0-84930891648,Decision-making in private equity firms: An empirical study of determinants and rules,kept,,,True,© 2014 Springer Fachmedien Wiesbaden. All rights are reserved.
2848,2-s2.0-84888598424,"Private equity, hrm, and employment",kept,,,True,© Academy of Management Perspectives 2013.
2849,2-s2.0-84911999058,Going Alone: The “Entrepreneurial-Growth Model” in the Life Science Industry in Italy,kept,,,True,"© 2014, © 2014 Taylor & Francis."
2850,2-s2.0-84883784753,Real effects of private equity investments: Evidence from European buyouts,kept,,,True,© 2012 Elsevier Inc.
2851,2-s2.0-84891791445,The Oxford Handbook of Private Equity,kept,,,True,© 2012 by Oxford University Press. All rights reserved.
2852,2-s2.0-84885082780,Pork Farms owner fishes for buyer,excluded,missing_abstract,,True,
2853,2-s2.0-84957699105,A new approach to private firm fair value valuation in line with IFRS 13 - The concept of the most advantageous market discount (MAMD),kept,,,True,© 2014 Prague Development Center.
2854,2-s2.0-84904434493,Performance measurement in private equity: Another look at the lagged beta effect,kept,,,False,
2855,2-s2.0-84887325032,2 Sisters' Burton's bid could raise competition concerns,excluded,missing_abstract,,True,
2856,2-s2.0-84893601910,Early-stage venture capital in South Africa: Challenges and prospects,kept,,,False,
2857,2-s2.0-84897696654,Foodservice rejig would bring 80 Heinz jobs to Telford,excluded,missing_abstract,,True,
2858,2-s2.0-105011899810,Private Equity,excluded,missing_abstract,,True,
2859,2-s2.0-84959297680,Overview of the use of traditional and new financial resources for SMEs and access to finance in Slovakia and European union,kept,,,True,"© 2015 Taylor & Francis Group, London."
2860,2-s2.0-84906068626,Equity-worthiness and equity-willingness: Key factors in private equity deals,kept,,,True,"© 2014 Kelley School of Business, Indiana University."
2861,2-s2.0-84879251580,Private equity benchmarks and portfolio optimization,kept,,,True,© 2013 Elsevier B.V.
2862,2-s2.0-105037968941,"Private Equity Targets: Strategies for Growth, Market Barriers and Policy Implications",kept,,,True,© The Author(s) 2013.
2863,2-s2.0-84896393438,"The consequences of private equity acquisitions for employees: New evidence on the impact on wages, employment and productivity",kept,,,True,© 2014 John Wiley & Sons Ltd.
2864,2-s2.0-84882956484,Combining banking with private equity investing,kept,,,True,© 2013 The Author.
2865,2-s2.0-84908247208,Hedge funds versus private equity funds as shareholder activists in Germany — differences in value creation,kept,,,True,"© 2011, Springer Science+Business Media, LLC."
2866,2-s2.0-84988005875,Performance indicators for global buyout and global growth equity funds,kept,,,True,"© 2014, Institutional Investor, Inc. All rights reserved."
2867,2-s2.0-84886865983,Alternative Investments: An Overview,kept,,,True,"© 2013 John Wiley & Sons, Inc. All rights reserved."
2868,2-s2.0-85025304306,Opportunities For Funding Innovation,kept,,,True,"© 2013, De Gruyter Open. All rights reserved."
2869,2-s2.0-84947573020,Private equity in Africa: Unblocking the pipes,excluded,missing_abstract,,True,
2870,2-s2.0-84921314848,Alternative investment funds implications for financial stability in Lithuania; [Alternatyvaus investavimo fondų įtaka finansiniam stabilumui Lietuvoje],kept,,,True,"© 2014, Straipsnio autoriai. Leidėjas VGTU leidykla „Technika“."
2871,2-s2.0-84881240264,The over-optimism of financial analysts and the long-run performance of firms following private placements of equity,kept,,,True,© 2013 Elsevier Inc.
2872,2-s2.0-84929165225,Relational analysis of global private equity and GDP of eight major economies,kept,,,True,"© 2014, Institutional Investor, Inc. All rights reserved."
2873,2-s2.0-84911379230,Active involvement of private equity firms in portfolio companies and its performance effects,kept,,,True,Copyright © 2014 by Emerald Group Publishing Limited.
2874,2-s2.0-84896311863,"Private equity still takes the lead in the U.K., but institutional investment is growing elsewhere",excluded,missing_abstract,,True,
2875,2-s2.0-84882353895,NYU conference: Private equity makes a comeback amid recovery,excluded,missing_abstract,,True,
2876,2-s2.0-84874763070,Venture capital and private equity industry in Hungary,kept,,,False,
2877,2-s2.0-84904434361,The role of financial leverage in the performance of private equity real estate funds,kept,,,False,
2878,2-s2.0-84886540042,Private equity and labour management in Australia: The case of Myer,kept,,,True,"© Australian Labour and Employment Relations Association (ALERA), SAGE Publications Ltd, Los Angeles, London, New Delhi, Singapore and Washington DC."
2879,2-s2.0-85030974057,The value of country-level perceived ethics to entrepreneurs around the world,kept,,,True,© Springer Science+Business Media Dordrecht. 2013.
2880,2-s2.0-86000094772,Mastering Illiquidity: Risk management for portfolios of limited partnership funds,kept,,,True,"© 2013 John Wiley & Sons, Ltd."
2881,2-s2.0-105016506316,The Compartamos microfinance IPO: Mission conflicts in hybrid institutions with diverse shareholding,kept,,,True,"Copyright © 2012 John Wiley & Sons, Ltd."
2882,2-s2.0-84902734427,How does access to development finance shape our cities?,kept,,,True,"© 2014 Editorial Board, Urban Policy and Research."
2883,2-s2.0-84893695150,The macroeconomic determinants of private equity investment: A European comparison,kept,,,True,© 2013 © 2013 Taylor & Francis.
2884,2-s2.0-84878362589,Private equity in poland: The foundational blocks of industry development,excluded,missing_abstract,,True,
2885,2-s2.0-84877646734,Venture capitalists' non-financial value-added: Evaluation of the evidence in the Czech Republic; [Rizikový a rozvojový kapitál v České republice: Manažerské know-how a jeho transfer],kept,,,False,
2886,2-s2.0-85075660986,Investing in India: A Value Investor's Guide to the Biggest Untapped Opportunity in the World,kept,,,True,© 2014 by Rahul Saraogi. All rights reserved.
2887,2-s2.0-84879677541,Financing patterns in new technology-based firms: An extension of the pecking order theory,kept,,,True,© 2013 Inderscience Enterprises Ltd.
2888,2-s2.0-84888332342,Syndicated loan spreads and the composition of the syndicate,kept,,,True,© 2013 Elsevier B.V.
2889,2-s2.0-84902545152,Manager Divestment in Leveraged Buyouts,kept,,,True,© 2014 John Wiley & Sons Ltd.
2890,2-s2.0-84893239847,Risk assessment in offshore wind investments; [Risikobewertung bei Investitionen in Offshore-Windanlagen],kept,,,True,© 2014 ZBW and Springer-Verlag Berlin Heidelberg.
2891,2-s2.0-84998854681,The Public Market Equivalent and Private Equity Performance,kept,,,True,© 2015 CFA Institute.
2892,2-s2.0-84873749284,Reassessing the relationships between private equity investors and their portfolio companies,kept,,,True,"© 2011 Springer Science+Business Media, LLC."
2893,2-s2.0-84885956050,Acquisition of UK ports by private equity funds,kept,,,True,© 2013 Elsevier Ltd.
2894,2-s2.0-84879076321,Beyond good and evil. Theory and management practices; [Au-delà du bien et du mal: La théorie et les pratiques de gestion],kept,,,True,© 2013 Lavoisier. All rights reserved.
2895,2-s2.0-84885613703,Private equity decision making using a risk-weighted optimal decision-making paradigm and neural networks,kept,,,False,
2896,2-s2.0-105040009408,"The Social Function of Asset Classes in Microfinance: Enhancing performance through donations, private equity, and debt",kept,,,True,© Harry Hummels and Matteo Millone 2014.
2897,2-s2.0-85101042554,Equity value enhancement: A tool to leverage human and financial capital while managing risk,kept,,,True,"© 2016 John Wiley & Sons, Inc."
2898,2-s2.0-84881915143,"Research handbook on hedge funds, private equity and alternative investments",kept,,,True,© The Editor and Contributors Severally 2012. All rights reserved.
2899,2-s2.0-84883053972,Implications of financial capitalism for employment relations research: Evidence from breach of trust and implicit contracts in private equity buyouts,kept,,,True,© John Wiley & Sons Ltd/London School of Economics 2013.
2900,2-s2.0-84869860879,Agency Problems in Public Firms: Evidence from Corporate Jets in Leveraged Buyouts,kept,,,True,© 2012 the American Finance Association.
2901,2-s2.0-84880029348,An analysis of the management practices of Brazilian private equity firms and their impact on company performance,kept,,,True,"© 2013 Copyright Taylor and Francis Group, LLC."
2902,2-s2.0-84902064702,Public funding and private investment for R&D: A survey in China's pharmaceutical industry,kept,,,True,© 2014 Qiu et al.; licensee BioMed Central Ltd.
2903,2-s2.0-84906046762,A case for private equity in Sub-Saharan Africa,kept,,,False,
2904,2-s2.0-84869818089,Private Equity Performance and Liquidity Risk,kept,,,True,© 2012 The American Finance Association.
2905,2-s2.0-84890238378,Has Europe been catching up? An industry level analysis of venture capital success over 1985-2009,kept,,,True,© 2013 John Wiley & Sons Ltd.
2906,2-s2.0-84890522628,PE firms find quality investors in single-family offices,kept,,,False,
2907,2-s2.0-84875836321,Private equity and executive compensation,kept,,,False,
2908,2-s2.0-84949130768,Managerial carrots and sticks: Encouraging strategy implementation,excluded,duplicate_cleaned_abstract,2-s2.0-84962609387,False,
2909,2-s2.0-84949178829,System dynamics in distressed investments: Power and limitations from the perspective of a project manager,kept,,,True,© Springer-Verlag Berlin Heidelberg 2012. All rights are reserved.
2910,2-s2.0-85039456475,"Private equity, RLBOs and IPO performance",excluded,missing_abstract,,True,
2911,2-s2.0-84894055299,The 2008 financial crisis: Government discourses and strategies and pension funds in Brazil; [A crise financeira de 2008: Os discursos e as estratégias do governo e dos fundos de pensão],kept,,,False,
2912,2-s2.0-84872743638,Local overweighting and underperformance: Evidence from limited partner private equity investments,kept,,,True,© 2012 The Author 2012.
2913,2-s2.0-84899691096,Limited partner performance and the maturing of the private equity industry,kept,,,True,© 2014 Elsevier B.V.
2914,2-s2.0-84974735933,Principal-agent issues in real estate funds and joint ventures,kept,,,True,"© 2015, Institutional Investor, Inc. All rights reserved."
2915,2-s2.0-84872403697,Risk aversion and business cycles: An empirical analysis,kept,,,True,© 2012 The Board of Trustees of the University of Illinois.
2916,2-s2.0-85028115706,Private Equity Acquisitions of Continental European Firms: The Impact of Ownership and Control on the Likelihood of Being Taken Private,kept,,,True,© 2010 Blackwell Publishing Ltd.
2917,2-s2.0-84877621371,CEO contract design: How do strong principals do it?,kept,,,True,© 2013 Elsevier B.V.
2918,2-s2.0-84918583839,Regulation of Private Equity in the U.S. Reveals Deep Problems for Investors,excluded,missing_abstract,,True,
2919,2-s2.0-84941972211,Consolidating the gains: Government intervention in risk capital,kept,,,True,© 2015 Taylor & Francis.
2920,2-s2.0-84941972215,Seeding the cloud: financial bootstrapping in the computer software sector,kept,,,True,© 2015 Taylor & Francis.
2921,2-s2.0-84873586595,Foreign VCs and venture success: Evidence from China,kept,,,True,© 2013 Elsevier B.V.
2922,2-s2.0-84960259414,Cost of Capital for Closely Held Businesses,kept,,,True,"© 2014 by John Wiley & Sons, Inc. All rights reserved."
2923,2-s2.0-85216042946,Multi Asset Class: Investment Strategy,kept,,,True,© 2006 John Wiley & Sons Ltd.
2924,2-s2.0-105025347540,Venture Capital,kept,,,True,"© 2014 John Wiley & Sons, Ltd. All rights reserved."
2925,2-s2.0-84906662046,Acteurs publics et capital investissement: Une analyse critique,kept,,,True,© Lavoisier.
2926,2-s2.0-84900418198,A Bayesian approach to ranking private companies based on predictive indicators,kept,,,True,© 2014 - IOS Press and the authors. All rights reserved.
2927,2-s2.0-84891661955,The evolution of capital structure and operating performance after leveraged buyouts: Evidence from U.S. corporate tax returns,kept,,,True,© 2013 Elsevier B.V.
2928,2-s2.0-84887614515,Dynamic contracting under imperfect public information and asymmetric beliefs,kept,,,True,© 2013 Elsevier B.V.
2929,2-s2.0-86000212953,The Risk Premium Factor: A New Model for Understanding the Volatile Forces that Drive Stock Prices,kept,,,True,© 2011 by Stephen D. Hassett. All rights reserved.
2930,2-s2.0-84908229497,Sources of value gains in minority equity investments by private equity funds: Evidence from block share acquisitions,kept,,,True,© 2014 Elsevier B.V.
2931,2-s2.0-85186801042,"Banker’s Guide to New Small Business Finance: Venture Deals, Crowdfunding, Private Equity, and Technology",kept,,,True,© 2014 by Charles H. Green. All rights reserved.
2932,2-s2.0-84877927505,Financialization in agri-food supply chains: Private equity and the transformation of the retail sector,kept,,,True,© 2012 Springer Science+Business Media Dordrecht.
2933,2-s2.0-84924571855,The price of diversifiable risk in venture capital and private equity,kept,,,True,© 2013 The Author.
2934,2-s2.0-84885574006,Digging into agriculture's growth: A lot below the surface,kept,,,False,
2935,2-s2.0-105037101447,From Walden to Wall Street: Frontiers of Conservation Finance,kept,,,True,© 2005 Lincoln Institute of Land Policy.
2936,2-s2.0-84872733814,Corporate governance and value creation: Evidence from private equity,kept,,,True,© 2012 The Author 2012.
2937,2-s2.0-86000252001,Investment Theory and Risk Management,kept,,,True,© 2012 by Steven P. Peterson. All rights reserved.
2938,2-s2.0-84871234738,The preferences of private equity investors in selecting target acquisitions: An international investigation,kept,,,True,© The Author(s) 2012.
2939,2-s2.0-84901490135,Institutional changes of Specified Purpose Acquisition Companies (SPACs),kept,,,True,© 2014 Elsevier Inc.
2940,2-s2.0-84923505933,The Private Equity Contract,kept,,,True,© 2012 by Oxford University Press. All rights reserved.
2941,2-s2.0-84876385277,When do managers seek private equity backing in public-to-private transactions?,kept,,,True,© 2012 The Authors 2012. Published by Oxford University Press.
2942,2-s2.0-84923449585,Risk and Return Characteristics of Listed Private Equity,kept,,,True,© 2012 by Oxford University Press. All rights reserved.
2943,2-s2.0-84855231266,Five Perspectives on an Emerging Market: Challenges with Clean Tech Private Equity,excluded,missing_abstract,,True,
2944,2-s2.0-84883206561,Loan availability and investment: Can innovative companies better cope with loan denials?,kept,,,True,© 2013 Taylor & Francis.
2945,2-s2.0-84904413937,Private equity market in Brazil: Key legal issues in fund formation,kept,,,True,© 2013 Institutional Investor. All Rights Reserved.
2946,2-s2.0-84988646206,The growing role for private equity,excluded,missing_abstract,,True,
2947,2-s2.0-84943425312,Delta house project overview,kept,,,True,"Copyright 2015, Offshore Technology Conference."
2948,2-s2.0-84923408537,The Role of Private Equity in Private Acquisitions,kept,,,True,© 2012 by Oxford University Press. All rights reserved.
2949,2-s2.0-84893735119,"The impact of institutions, ownership structure, business angels, venture capital and lead managers on IPO firm underpricing across North Africa",kept,,,True,© 2013 Elsevier B.V.
2950,2-s2.0-84904444318,The private equity trap: How global anticorruption can ensnare the unwary private equity professional,kept,,,False,
2951,2-s2.0-84895855710,Public Equity and Audit Pricing in the United States,kept,,,True,"©, University of Chicago on behalf of the Accounting Research Center, 2014."
2952,2-s2.0-84883751445,"Think Global, Invest Responsible: Why the Private Equity Industry Goes Green",kept,,,True,© 2012 Springer Science+Business Media B.V.
2953,2-s2.0-85146083124,"Scalarization Methods in Multiobjective Optimization, Robustness, Risk Theory and Finance",kept,,,True,"© 2015, Springer International Publishing Switzerland."
2954,2-s2.0-84929177127,Demystifying the challenges facing fundraising for private equity in the GCC region,kept,,,True,"© 2014, Institutional Investor, Inc. All rights reserved."
2955,2-s2.0-84870552095,Empirical examination of valuation methods used in private equity practice in the Czech Republic,excluded,missing_abstract,,True,
2956,2-s2.0-84888610226,Private equity: Managerial and policy implications,kept,,,True,© Academy of Management Perspectives 2013.
2957,2-s2.0-84866159232,Drivers of private equity investment activity: Are buyout and venture investors really so different?,kept,,,True,"© 2012 Copyright Taylor and Francis Group, LLC."
2958,2-s2.0-84907652119,Private equity premium puzzle revisited,kept,,,True,"© 2014, American Economic Association. All rights reserved."
2959,2-s2.0-84908394463,Dipping into hydro investments,excluded,missing_abstract,,True,
2960,2-s2.0-84880683964,Private equity investment in the Czech Republic,kept,,,False,
2961,2-s2.0-84880272106,Foreign venture capitalists and the internationalization of entrepreneurial companies: Evidence from China,kept,,,True,© 2013 Academy of International Business All rights reserve.
2962,2-s2.0-85031032887,Do private equity-backed buyouts respond better to financial distress than PLCs?,kept,,,True,© Springer Science+Business Media Dordrecht. 2013.
2963,2-s2.0-84893915890,Private equity and the innovation strategies of entrepreneurial firms: Empirical evidence from the small business innovation research program,kept,,,True,"© 2013 John Wiley & Sons, Ltd."
2964,2-s2.0-85044342463,Institutional investment in private equity,excluded,missing_abstract,,True,
2965,2-s2.0-84969245822,Shari'ah compliant private equity and Islamic venture capital,kept,,,True,"© Fara Madehah Ahmad Farid, 2012."
2966,2-s2.0-84880982116,Study on private equity investment fund regulation based on the grey game theory,kept,,,False,
2967,2-s2.0-84877772111,Private equity leveraged buyouts in European telecoms: The case of Eircom,kept,,,True,© 2013 Elsevier Ltd. All rights reserved.
2968,2-s2.0-85020129967,So you think you can dance? Lessons from the U.S. private equity bubble,kept,,,True,© 2014 Turco and Zuckerman.
2969,2-s2.0-84943253904,Equity capital market in shipping,kept,,,True,© Springer-Verlag Berlin Heidelberg 2015.
2970,2-s2.0-85075009446,Corruption and development: The mutable edges of morality in modern markets,kept,,,True,© 2015 Paul M. Heywood for selection and editorial matter; individual contributors for their contributions.
2971,2-s2.0-84883701082,Sun capital and its implications for private equity funds in the M&A Context,kept,,,False,
2972,2-s2.0-85005769451,Law and corruption in venture capital and private equity,kept,,,True,© Springer Science+Business Media Dordrecht. 2013.
2973,2-s2.0-84899884346,Are novice private equity funds risk-takers? Evidence from a comparison with established funds,kept,,,True,© 2014 Elsevier B.V.
2974,2-s2.0-84888618055,The evolution and strategic positioning of private equity firms,kept,,,True,© Academy of Management Perspectives 2013.
2975,2-s2.0-85162224340,Leadership Required for Embracing New Technologies,kept,,,True,"© 2013, Springer International Publishing Switzerland."
2976,2-s2.0-84873750294,Private equity and entrepreneurial management in management buy-outs,kept,,,True,© 2011 The Author(s).
2977,2-s2.0-84937459312,Democracy and stock market development: The African experience,kept,,,True,Copyright © 2015 by Emerald Group Publishing Limited All rights of reproduction in any form reserved.
2978,2-s2.0-84886845747,Private Equity: Risk and Return Profile,kept,,,True,"© 2013 John Wiley & Sons, Inc. All rights reserved."
2979,2-s2.0-84883063201,Corporate Governance und Unternehmenswerteffekte bei Leveraged Buyouts - State of the Art der empirischen Forschung,kept,,,True,"© Wirtschaftsuniversität Wien, Austria 2012."
2980,2-s2.0-84907175772,The impact of fund inflows on staging and investment behaviour,kept,,,True,© The Author(s) 2014.
2981,2-s2.0-84884199491,When should venture capitalists exit their investee companies?,kept,,,True,© Emerald Group Publishing Limited.
2982,2-s2.0-84882414447,Changes in the American private equity industry in the Aftermath of the crisis,kept,,,True,© 2013 ACES. All rights reserved.
2983,2-s2.0-84885635637,"General partners anticipate a slow and steady recovery for private equity in 2013: Manufacturing, technology and Latin America are expected to provide compelling investment opportunities in the year ahead",kept,,,False,
2984,2-s2.0-84876341184,The economics of club bidding and value creation,kept,,,True,© 2012 Elsevier B.V.
2985,2-s2.0-85044585674,Valuation: The market approach,kept,,,True,© 2014 Seth Bernström.
2986,2-s2.0-86000038811,Post Modern Investment: Facts and Fallacies of Growing Wealth in a Multi-Asset World,kept,,,True,"© 2013 by Garry B. Crowder, Thomas Schneeweis, and Hossein Kazemi. All rights reserved."
2987,2-s2.0-84992121136,Start-up space: Interim results,kept,,,False,
2988,2-s2.0-84875969072,Horsemeat: Are private equity and Italian meals a trend? - City,excluded,missing_abstract,,True,
2989,2-s2.0-84891812953,Private-equity lessons from the front line,excluded,missing_abstract,,True,
2990,2-s2.0-84888596530,The Real Effects of Private Equity Buyouts,kept,,,True,© 2012 by Oxford University Press. All rights reserved.
2991,2-s2.0-84898464131,Panda power constructing large combined-cycle powerplants,excluded,missing_abstract,,True,
2992,2-s2.0-84886005681,"Private equity, buy-outs and insolvency risk",kept,,,True,© 2013 John Wiley & Sons Ltd.
2993,2-s2.0-84923068860,The private equity premium puzzle: A behavioural finance approach,kept,,,True,© 2015 Inderscience Enterprises Ltd.
2994,2-s2.0-84883389769,Family business exit and private equity investment decisions: Governance implications for value creation,kept,,,False,
2995,2-s2.0-85017576283,Profile of Jack Wolfskin: A premium outdoor apparel brand,excluded,duplicate_cleaned_abstract,2-s2.0-84893560739,True,© Textiles Intelligence Limited 2014.
2996,2-s2.0-84876962890,Private equity limited partnerships in China: A critical evaluation of active limited partners,kept,,,False,
2997,2-s2.0-84891321887,"Effects of regulator's announcements, information asymmetry and ownership changes on private equity placements: Evidence from China",kept,,,True,© 2013 Elsevier B.V.
2998,2-s2.0-84908476678,Private Equity Governance and Financing Decisions,kept,,,True,© 2012 by Oxford University Press. All rights reserved.
2999,2-s2.0-84883764867,Private equity: Tax attack,excluded,missing_abstract,,True,
3000,2-s2.0-84878301729,A success story: S.C. Terapia S.A. Cluj-Napoca,kept,,,False,
3001,2-s2.0-84858646461,Virtue in Business: Alliance Boots and an Empirical Exploration of MacIntyre's Conceptual Framework,kept,,,True,© The Author(s) 2012.
3002,2-s2.0-85218051894,The Handbook of Traditional and Alternative Investment Vehicles: Investment Characteristics and Strategies,kept,,,True,"© 2011 by John Wiley & Sons, Inc. All rights reserved."
3003,2-s2.0-85163606614,How sustainable are the growth strategies of sustainability entrepreneurs?,kept,,,True,"© 2012, Springer-Verlag Berlin Heidelberg."
3004,2-s2.0-84933576427,Guidance needed to better inform plans of the challenges and risks of investing in hedge funds and private equity,excluded,missing_abstract,,True,
3005,2-s2.0-84864843672,EU legal & regulatory update - April 2012,excluded,duplicate_cleaned_abstract,2-s2.0-84904115058,False,
3006,2-s2.0-85117875167,General interest - Quick takes: Valero to sell Delaware City assets,kept,,,False,
3007,2-s2.0-84886178076,"Employment, Wage, and Productivity Effects of Private Equity Transactions",excluded,missing_abstract,,True,
3008,2-s2.0-82955203148,Value creation and pricing in buyouts: Empirical evidence from Europe and North America,kept,,,True,© 2011 Elsevier Inc.
3009,2-s2.0-78650513083,"Fund size, limited attention and valuation of venture capital backed firms",kept,,,True,© 2010 Elsevier B.V.
3010,2-s2.0-77953256020,"Contract research & manufacturing services: Best practices, investment strategy & deal-making",kept,,,False,
3011,2-s2.0-84859771805,"The roadmap for private equity, Venture capital, and hedge funds in Mexico: Alternative assets as an accelerator of credit to firms in emerging markets",excluded,missing_abstract,,True,
3012,2-s2.0-84886149999,"Risk and Return of Private Equity: An Overview of Data, Methods, and Results",excluded,missing_abstract,,True,
3013,2-s2.0-85011791517,Is private equity in emerging markets coming of age? Evidence of the mexican private equity market,excluded,missing_abstract,,True,
3014,2-s2.0-79955710567,Target Bankruptcy Risk and Its Impact on Going Private Buyout Performance and Exit,kept,,,True,© 2011 Blackwell Publishing Ltd.
3015,2-s2.0-77951985726,New Look: Going private with private equity support,kept,,,True,© Emerald Group Publishing Limited.
3016,2-s2.0-80052220480,The journal of private equity,excluded,missing_abstract,,True,
3017,2-s2.0-77956400862,Assessing the impact of private equity on industrial relations in Europe,kept,,,True,© The Author(s) 2010.
3018,2-s2.0-79952343720,Axa private equity agrees to buy novacap from bain,kept,,,False,
3019,2-s2.0-79960766970,Financial logics and the brazilian aviation market; [A lógica financeira e o espaço do transporte aéreo comercial brasileiro],kept,,,False,
3020,2-s2.0-84859147220,"Private equity fund size, investment size, and value creation",kept,,,True,© The Authors 2011. Published by Oxford University Press [on behalf of the European Finance Association]. All rights reserved.
3021,2-s2.0-84881788580,Institutional investment in private equity,excluded,missing_abstract,,True,
3022,2-s2.0-85013741423,International Investments in Private Equity,kept,,,True,© 2011 Elsevier Inc. All rights reserved.
3023,2-s2.0-77956079309,RAF revivalism in German fiction of the 2000s,kept,,,True,© The Author(s) 2010.
3024,2-s2.0-77951241930,Wall street and main street: What contributes to the rise in the highest incomes,kept,,,True,© The Author 2008.
3025,2-s2.0-84923417796,The Limits of Private Equity: Evidence from Denmark,kept,,,True,© 2012 by Oxford University Press. All rights reserved.
3026,2-s2.0-79957624290,The effect of leverage on the cost of capital of US buyouts,kept,,,True,© 2011 Elsevier B.V.
3027,2-s2.0-79951608137,Private equity and venture capitalists' investment criteria in the Czech Republic,kept,,,False,
3028,2-s2.0-77958055978,The mystery of private equity firms,excluded,missing_abstract,,True,
3029,2-s2.0-77956659282,M&A: Hitting the target,kept,,,False,
3030,2-s2.0-84866714590,Global private equity: Mining emerging markets,excluded,missing_abstract,,True,
3031,2-s2.0-79958113041,The short happy life of Celiant Corporation: Did managerialism at Lucent Technologies divert shareholder wealth to private equity investors?,kept,,,True,© 2011 Elsevier Ltd.
3032,2-s2.0-84855430726,Private equity portfolio company performance during the global recession,kept,,,True,© 2011 Elsevier B.V.
3033,2-s2.0-84895313866,The dodd-frank wall street reform and consumer protection act: Systemic risk and the federal reserve,kept,,,True,"© 2013 Nova Science Publishers, Inc. All rights reserved."
3034,2-s2.0-84863320295,Venture capital and patented innovation: Evidence from Europe,kept,,,True,"© 2012 CEPR, CES, MSH."
3035,2-s2.0-84859709995,Greencore could attract more private equity interest,excluded,missing_abstract,,True,
3036,2-s2.0-84891842136,The appropriation of migrant labor in Australian football,kept,,,True,"© Kieran James, Rex Walsh, Razvan Mustata, Carmen Bonaci, 2012."
3037,2-s2.0-84861164596,Investment in the UK retail sector by mid-market private equity: 2000-2008,kept,,,True,"© 2011 Taylor and Francis Group, LLC."
3038,2-s2.0-84856982412,Private equity and venture capital: Investment fund structures in the Czech Republic,kept,,,False,
3039,2-s2.0-84946896234,The privatization of intelsat: From an intergovernmental organization to private equity ownership,excluded,missing_abstract,,True,
3040,2-s2.0-84923420712,Listed Private Equity and the Case of Exits,kept,,,True,© 2012 by Oxford University Press. All rights reserved.
3041,2-s2.0-84886174932,The Structure of Venture Capital and Private Equity Fund Portfolios,excluded,missing_abstract,,True,
3042,2-s2.0-77952318054,Exit time for investors? Private-equity firms may be looking to shed deals.,excluded,missing_abstract,,True,
3043,2-s2.0-79961197557,Private equity premium and aggregate uncertainty in a model of uninsurable investment risk,kept,,,True,©2011 Berkeley Electronic Press. All rights reserved.
3044,2-s2.0-77953542386,"Going private transactions, bondholder returns, and wealth transfer effects",kept,,,True,© 2009 Elsevier B.V.
3045,2-s2.0-84891583739,Introduction to Private Equity,kept,,,True,© 2010 Cyril Demaria.
3046,2-s2.0-84949189521,"The regulation of private equity, hedge funds and state funds",kept,,,True,© Springer Science+Business Media B.V. 2012.
3047,2-s2.0-84903400228,Looming engine test key to Skylon spaceplane hopes,kept,,,False,
3048,2-s2.0-77956720641,Univar plans $862.5-million IPO,kept,,,False,
3049,2-s2.0-79957949881,Predicting private company exits using qualitative data,kept,,,True,© 2011 Springer-Verlag.
3050,2-s2.0-79251541752,NuPlanet: A new force in small hydro,kept,,,False,
3051,2-s2.0-84255196142,"The effects of banking relationship, legal origin, private equity and lead managers on the performance of west African IPO firms",kept,,,True,© 2011 Economic Society of South Africa.
3052,2-s2.0-84919598580,Media Ownership and Concentration in America,kept,,,True,© 2009 by Oxford University Press Inc. All rights reserved.
3053,2-s2.0-77956309938,Family business and private equity: Conflict or collaboration? The case of messer griesheim,excluded,missing_abstract,,True,
3054,2-s2.0-84881971032,Private equity funds,excluded,missing_abstract,,True,
3055,2-s2.0-84866658698,"A static and dynamic analysis of the S&P listed private equity index for the NASDAQ, Dow Jones, S&P 500, and NYSE",excluded,missing_abstract,,True,
3056,2-s2.0-77956223273,Private equity investment selection game base on grey assessment in agricultural production and processing enterprises,kept,,,True,© 2010 IEEE.
3057,2-s2.0-77955061462,Circular logic: Private-equity companies look to each other to solve their problems,excluded,missing_abstract,,True,
3058,2-s2.0-77957163430,Club deals in leveraged buyouts,kept,,,True,© 2010 Elsevier B.V.
3059,2-s2.0-79960668042,Determinants for allocations to Central Eastern Europe venture capital and private equity limited partnerships,kept,,,True,© 2011 Taylor & Francis.
3060,2-s2.0-84884267850,Best. Private equity deal. Ever (Maybe).,excluded,missing_abstract,,True,
3061,2-s2.0-84927028914,Beyond the berle and means paradigm: Private equity and the new capitalist order,kept,,,True,© Cambridge University Press 2011.
3062,2-s2.0-84886163817,Real Effects of Private Equity: Empirical Evidence and a Research Agenda,excluded,missing_abstract,,True,
3063,2-s2.0-84886178184,Private Equity Regulation: A Comparative Analysis,excluded,missing_abstract,,True,
3064,2-s2.0-78650371953,Where are the deals? Private equity and venture capital funds' best practices in sourcing new investments,excluded,missing_abstract,,True,
3065,2-s2.0-84858194706,"Impact of the crisis on new FDI players: Past, present and future of sovereign wealth funds, private equity and emerging market transnational corporations",kept,,,False,
3066,2-s2.0-78651293146,DOE loan enables Abound Solar expansion,kept,,,False,
3067,2-s2.0-77049120509,Why responsible investment falls short of its purpose and what to do about it,kept,,,True,© Emerald Group Publishing Limited.
3068,2-s2.0-78649891295,M and A expected to continue rising through year-end,kept,,,False,
3069,2-s2.0-84897138597,Exploring the relationships between venture capital funds and venture-backed firms: A strategy process approach,kept,,,False,
3070,2-s2.0-84891784228,Changes in the German Urban System—A Financial-Sector Perspective; [Veränderungen im deutschen Städtesystem – eine finanzgeographische Perspektive],kept,,,True,© Springer-Verlag 2011.
3071,2-s2.0-74149083572,Assessing the contribution to innovation of private equity investors: A study on European buyouts,kept,,,True,© 2009 Elsevier B.V. All rights reserved.
3072,2-s2.0-80052231682,How do private equity investors create value? A summary of findings from ernst & young's extensive research in north America over the past four years,excluded,missing_abstract,,True,
3073,2-s2.0-84859741101,Are you really ready for private equity?,excluded,missing_abstract,,True,
3074,2-s2.0-84875068531,"Private equity operational due diligence tools to evaluate liquidity, valuation, and documentation",excluded,duplicate_doi,2-s2.0-105047570767,True,© 2012 by Jason A. Scharfman. All rights reserved.
3075,2-s2.0-84877879948,"M&A today: Great challenges, but great opportunities",kept,,,True,"© 2012 Wiley Periodicals, Inc. © 2012 Wiley Periodicals, Inc."
3076,2-s2.0-77956365509,Anti-bribery considerations for private equity firms and investors,excluded,missing_abstract,,True,
3077,2-s2.0-85011729170,The investment committee in private equity: A powerful tool for emerging market fund managers,excluded,missing_abstract,,True,
3078,2-s2.0-84866142763,Venture Capital and Private Equity in Germany,excluded,missing_abstract,,True,
3079,2-s2.0-79957804934,Private equity in emerging markets: Stacking up the BRICs,excluded,missing_abstract,,True,
3080,2-s2.0-84923394688,Direct Investments in Private Firms by Institutional Investors: Issues And Evidence,kept,,,True,© 2012 by Oxford University Press. All rights reserved.
3081,2-s2.0-77955694669,Shopping used private equity,excluded,missing_abstract,,True,
3082,2-s2.0-77954342799,Oil and gas in the capitals,kept,,,False,
3083,2-s2.0-77956298551,"Closed-end private equity funds: A detailed overview of fund business terms, part I",excluded,missing_abstract,,True,
3084,2-s2.0-84891583769,"Private Equity: Fund Types, Risks and Returns, and Regulation",kept,,,True,"© 2010 John Wiley & Sons, Inc. All rights reserved."
3085,2-s2.0-84886179012,Venture Capital and Private Equity in Canada: Phasing Out an Inefficient Tax Credit,excluded,missing_abstract,,True,
3086,2-s2.0-84858006957,The private equity business model: On terra firma or shifting sands?,kept,,,True,© 2012 Elsevier Ltd.
3087,2-s2.0-84890721091,Differences in financial and legal systems and contribution of private equity funds to transfers of shares in Europe,excluded,missing_abstract,,True,
3088,2-s2.0-85217400383,ESSENTIALS of Corporate and Capital Formation,kept,,,True,"© 2010 by JohnWiley & Sons, Inc. All rights reserved."
3089,2-s2.0-84886187093,International Private Equity Flows,excluded,missing_abstract,,True,
3090,2-s2.0-79956128316,Lemons or cherries? Growth opportunities and market temptations in going public and private,kept,,,True,"© 2011 Michael G. Foster School of Business, University of Washington."
3091,2-s2.0-84857283269,"How do Investors Value Environmental Harm/Care? Private Equity Funds, Development Finance Institutions and the Partial Financialization of Nature-based Industries",kept,,,True,© 2012 International Institute of Social Studies.
3092,2-s2.0-84855725675,"Independent Fostering Providers: Predators or Pioneers, Partners or Procured?",kept,,,True,"© 2011, © 2011 British Association for Adoption & Fostering."
3093,2-s2.0-77957153573,Diversification and its discontents: Idiosyncratic and entrepreneurial risk in the quest for social status,kept,,,True,© 2010 the American Finance Association.
3094,2-s2.0-84864411870,Knowledge management in the network mode: The case of private equity,kept,,,False,
3095,2-s2.0-84886181432,Projection of Private Equity Fund Performance: A Simulation Approach,excluded,missing_abstract,,True,
3096,2-s2.0-77951237589,Why do firms use private equity to opt out of public markets?,kept,,,True,© 2010 The Author.
3097,2-s2.0-84886962683,Alternative Assets,excluded,missing_abstract,,True,
3098,2-s2.0-80955122773,Returns to private equity - Idiosyncratic risk does matter!,kept,,,True,© The Author 2010.
3099,2-s2.0-85013706026,"Investment Banks, Hedge Funds, and Private Equity",kept,,,True,© 2010 Elsevier Inc. All rights reserved.
3100,2-s2.0-79955726719,"Leveraged buyouts, private equity and jobs",kept,,,True,"© 2010 Springer Science+Business Media, LLC."
3101,2-s2.0-78149245306,Does the monitoring role of buyout houses improve discretionary accruals quality?,kept,,,True,© 2010 The Author. Accounting and Finance © 2010 AFAANZ.
3102,2-s2.0-84993019118,Private equity and corporate governance in India,kept,,,True,"© 2012, Emerald Group Publishing Limited."
3103,2-s2.0-80054906328,Corporates' venture: Corporate venture capital could prove the vital lifeline for renewable energy developers facing an exodus of private equity investors from the market,kept,,,True,© 2011 Elsevier Ltd.
3104,2-s2.0-80053444358,Do private equity consortiums facilitate collusion in takeover bidding?,kept,,,True,© 2011 Elsevier B.V.
3105,2-s2.0-84858383355,Sources of target stock price run-up prior to acquisitions,kept,,,True,© 2011 Elsevier Inc.
3106,2-s2.0-84886165075,"Private Equity and Leveraged Buyouts in Italy: To Prohibit or Not to Prohibit, That is the Question",excluded,missing_abstract,,True,
3107,2-s2.0-84865723202,Financial covenants and their restrictiveness in European LBOs - An assessment in the aftermath of the financial crisis,kept,,,True,Copyright © 2012 Inderscience Enterprises Ltd.
3108,2-s2.0-77950940292,Marcellus development sows the seeds of a new gas paradigm,kept,,,False,
3109,2-s2.0-77955360617,"The effect of finance, knowledge and empathy gaps on the use of private equity amongst family-owned SMEs",kept,,,True,© 2010 Inderscience Enterprises Ltd.
3110,2-s2.0-84891583547,The Future of Finance: How Private Equity and Venture Capital Will Shape the Global Economy,kept,,,True,© 2010 John Wiley & Sons (Asia) Pte. Ltd.
3111,2-s2.0-78650352178,"Private equity, ownership, and regulation",excluded,missing_abstract,,True,
3112,2-s2.0-84857654428,Demand for private equity minority investments: A study of large family firms,kept,,,True,© 2012 Elsevier Ltd.
3113,2-s2.0-85025245410,Comparative Analysis of Private Equity Market in Poland and Other Central and Eastern European Countries,kept,,,True,"© 2010, Versita. All rights reserved."
3114,2-s2.0-85133638967,"International investments in private equity: Asset allocation, markets, and industry structure",excluded,duplicate_doi,2-s2.0-85013741423,True,© 2011 Elsevier Inc. All rights reserved.
3115,2-s2.0-77956880587,Private Equity and the Public Good,kept,,,True,© 2010 Springer Science+Business Media B.V.
3116,2-s2.0-85016809287,Study and recommendations on prohibitions on proprietary trading and certain relationships with hedge funds and private equity funds,excluded,missing_abstract,,True,
3117,2-s2.0-79957549737,The return to direct investment in private firms: New evidence on the private equity premium puzzle,kept,,,True,© 2010 Blackwell Publishing Ltd.
3118,2-s2.0-79551709022,M&A: Cash in the balance,kept,,,False,
3119,2-s2.0-84864508530,Empirical study on optimized portfolio investment strategy of private shares in China,kept,,,False,
3120,2-s2.0-78049300967,Cross-border private equity syndication: Institutional context and learning,kept,,,True,© 2009 Elsevier Inc.
3121,2-s2.0-84881838899,"Private equity funds' performance, risk and selection",excluded,missing_abstract,,True,
3122,2-s2.0-79952170383,Hitting the curve ball: Risk management in private equity,excluded,missing_abstract,,True,
3123,2-s2.0-84859169998,Merger of multiple businesses has created a diversified supplier of intermediates,kept,,,False,
3124,2-s2.0-84895666086,Corporate governance failures: The role of institutional investors in the global financial crisis,kept,,,True,Copyright © 2011 University of Pennsylvania Press. All rights reserved.
3125,2-s2.0-84984409995,Migros türk – a (trans-) national corporation – and processes of globalisation in the turkish food retail sector; [Migros türk – une entreprise (trans-) nationale: Les processus de mondialisation du commerce d’alimentation de détail en turquie]; [Migros Türk - ein (trans-) nationales Unternehmen und Prozesse der Globalisierung im türkischen Lebensmitteleinzelhandel],kept,,,True,© Author(s) 2011. This work is distributed.
3126,2-s2.0-84855216223,The trimph of blackstone: The private equity giant has soared by obsessing about danger and by becoming more thana one-Man show,excluded,missing_abstract,,True,
3127,2-s2.0-84858072796,Robust analogizing and the outside view: Two empirical tests of case-based decision making,kept,,,True,"Copyright © 2012 John Wiley & Sons, Ltd."
3128,2-s2.0-77955156445,"Less debt, more charm private-equity managers face a difficult outlook",excluded,missing_abstract,,True,
3129,2-s2.0-78751582402,Private equity investment decisions in family firms: The role of human resources and agency costs,kept,,,True,© 2009 Elsevier Inc.
3130,2-s2.0-84891585175,Inside Private Equity: The Professional Investor's Handbook,kept,,,True,"© 2009 James M. Kocis, James C. Bachman IV, Austin M. Long III, and Craig J. Nickels. All rights reserved."
3131,2-s2.0-84891585193,"Emerging Market Real Estate Investment: Investing in China, India, and Brazil",kept,,,True,© 2010 David J. Lynn. All rights reserved.
3132,2-s2.0-77955262727,IP strategy options for emerging technologies in the low-carbon energy space,kept,,,False,
3133,2-s2.0-84861676226,Private equity performance: Better than commonly believed,excluded,missing_abstract,,True,
3134,2-s2.0-79955709158,Run-up of Acquirer's Stock in Public and Private Acquisitions,kept,,,True,© 2011 Blackwell Publishing Ltd.
3135,2-s2.0-77955142394,"The waiting game there are lots of private-equity funds in japan, but very few deals",excluded,missing_abstract,,True,
3136,2-s2.0-79955545253,Sensitivity of the supply of venture capital to changes in the regulatory framework; [Sensibilidad de la oferta de capital riesgo a cambios en el marco regulatorio],kept,,,False,
3137,2-s2.0-77956319258,What every private equity professional should know about the expanded scope of global anticorruption enforcement,excluded,missing_abstract,,True,
3138,2-s2.0-84886696314,Introduction to the Companion to Venture Capital,excluded,missing_abstract,,True,
3139,2-s2.0-77949799732,"LyondellBasell rejects reliance bid, files reorganization plan",kept,,,False,
3140,2-s2.0-84923519503,Leveraged Buyouts and Control-Oriented Investments in Asia,kept,,,True,© 2012 by Oxford University Press. All rights reserved.
3141,2-s2.0-80052239386,Sub-optimal risk-return profiles in private equity: The case of minority business enterprises investing,excluded,missing_abstract,,True,
3142,2-s2.0-77956322661,The journal of private equity,excluded,missing_abstract,,True,
3143,2-s2.0-77956322662,"Closed-end private equity funds: A detailed overview of fund business terms, part II",excluded,missing_abstract,,True,
3144,2-s2.0-84865366746,The Political Interface of Financialisation and the Regulation of Mergers and Acquisitions in the EU,kept,,,True,"© 2012 Taylor and Francis Group, LLC."
3145,2-s2.0-84886710270,Returns to Venture Capital,excluded,missing_abstract,,True,
3146,2-s2.0-80052573246,Do Private Equity Investors Create Value for Italian Initial Public Offerings?,kept,,,True,© 2011 The Authors. International Review of Finance © International Review of Finance Ltd. 2011.
3147,2-s2.0-84895353280,Overreaction in venture capital and private equity markets: Evidence from European markets before the burst of the bubble,kept,,,True,"© 2011 Nova Science Publishers, Inc. All rights reserved."
3148,2-s2.0-84923481831,Private Equity Activism and the Consequences for Targets and Rivals In Germany,kept,,,True,© 2012 by Oxford University Press. All rights reserved.
3149,2-s2.0-84871234194,Cleanrooms break: New ground,kept,,,False,
3150,2-s2.0-84865781459,Private equity and venture capital funds-from the state of research to a comprehensive model and an interdisciplinary research outlook,kept,,,True,"© Wirtschaftsuniversität Wien, Austria 2012."
3151,2-s2.0-79952546640,Wealth effects of private equity investments on the German stock market,kept,,,True,© 2011 Taylor & Francis.
3152,2-s2.0-84855702032,"Institutionalization, investment adviser regulation, and the hedge fund problem",kept,,,False,
3153,2-s2.0-105016488194,"Optimal financial contracting: control rights, incentives, and entrepreneurship",kept,,,True,"Copyright © 2010 John Wiley & Sons, Ltd."
3154,2-s2.0-80054822696,Fantasynet venture capital term sheet negotiation,kept,,,True,"© 2011 by the DreamCatchers Group, LLC, Arden NC, USA."
3155,2-s2.0-85116177103,Developing sustainable affordable housing: A project level analysis,kept,,,True,"© 2012, Australian Housing and Urban Research Institute. All rights reserved."
3156,2-s2.0-77958507117,Evaluating the financial performance of timberland investments in the United States,kept,,,True,© 2010 by the Society of American Foresters.
3157,2-s2.0-85011749485,"Emerging market private equity, its recent growth and differences with private equity in developed markets",excluded,missing_abstract,,True,
3158,2-s2.0-84896160334,Who regulates whom? An overview of U.S. financial supervision,kept,,,True,"© 2011 Nova Science Publishers, Inc."
3159,2-s2.0-77956307596,Value creation drivers in private equity buyouts: Empirical evidence from Europe,excluded,missing_abstract,,True,
3160,2-s2.0-85038576168,Korean Business Law,kept,,,True,© The Editor and Contributors Severally 2012. All rights reserved.
3161,2-s2.0-77956323762,Host country effects on the success of international private equity investments,excluded,missing_abstract,,True,
3162,2-s2.0-84888721460,Portfolio Valuation: Challenges and Opportunities Using Automation,excluded,missing_abstract,,True,
3163,2-s2.0-84857252999,The Triple-Helix implementation in the Thai Venture Capital industry,kept,,,True,Copyright © 2011 Inderscience Enterprises Ltd.
3164,2-s2.0-77953019360,"Private equity and asian political economy: ""Domestic"" Private equity funds as new actors",kept,,,True,© 2010 by the Regents of the University of California.
3165,2-s2.0-84858951864,Private equity and the concept of brittle trust,kept,,,True,© 2012 The Authors. The Sociological Review © 2012 The Editorial Board of The Sociological Review.
3166,2-s2.0-84881926602,Private equity investment in the European ferry market,excluded,missing_abstract,,True,
3167,2-s2.0-84886216173,Private Investment in Public Equity,excluded,missing_abstract,,True,
3168,2-s2.0-79957512837,The use of financial information by private equity funds in evaluating new investments,kept,,,True,© 2011 Emerald Group Publishing Limited. All rights reserved.
3169,2-s2.0-84924759404,The theory of corporate finance,kept,,,True,© 2006 by Princeton University Press. All Rights Reserved.
3170,2-s2.0-84857435656,Private Equity Arrangements as Real Options,excluded,duplicate_doi,2-s2.0-105038279158,False,
3171,2-s2.0-84863083037,The impact of alternative assets on the role of direct property in australian mixed-asset portfolios,kept,,,True,"© 2011 Taylor & Francis Group, LLC. All rights reserved."
3172,2-s2.0-84861604628,Do private equity-backed buyouts respond better to financial distress than PLCs?,kept,,,True,"© 2012 Copyright Taylor and Francis Group, LLC."
3173,2-s2.0-78650060707,Regulation of private equity,kept,,,True,© 2010 Macmillan Publishers Ltd.
3174,2-s2.0-85070782596,Economic Liberalisation and Financing Pattern of Indian Acquiring Firms Abroad,kept,,,True,"© 2011, © 2011 Taylor and Francis Group, LLC."
3175,2-s2.0-85025242066,Venture Capital and Business Angels and the Creation of Innovative Firms in Poland,kept,,,True,"© 2011, Versita. All rights reserved."
3176,2-s2.0-84896162989,The future of the hedge fund industry,kept,,,True,Copyright © 2010. The Brookings Institution Nomura Institute of Capital Markets Research. All rights reserved.
3177,2-s2.0-84872862130,Janus bifrons. on the ambivalence of private equity in the financializated economy; [Giano bifronte: L'ambivalenza asimmetrica del private equity nell'economia finanziarizzata],excluded,missing_abstract,,True,
3178,2-s2.0-84903418732,ABS buyout could reconfigure asian FSS market,kept,,,False,
3179,2-s2.0-80052457296,Corporate strategy and national institutions: The case of the man-made fibres industry,kept,,,True,© 2011 Berkeley Electronic Press. All rights reserved.
3180,2-s2.0-84862062798,Provision of financial information and its impact on the relationship between executives and venture capital managers: A study of the private equity market in Egypt,kept,,,True,© 2012 Macmillan Publishers Ltd.
3181,2-s2.0-77952172617,"Governance, ownership structure, and performance of IPO firms: The impact of different types of private equity investors and institutional environments",kept,,,True,"Copyright © 2009 John Wiley & Sons, Ltd."
3182,2-s2.0-79960428363,Belief Function model of private equity fund performance measurement,kept,,,True,© 2011 IEEE.
3183,2-s2.0-84857544948,Hyper-growth of SMEs: Toward a reconciliation of entrepreneurial orientation and strategic resources,kept,,,True,© Emerald Group Publishing Limited.
3184,2-s2.0-85011771028,"Private equity and venture capital in Brazil: Drivers, evolution, and obstacles",excluded,missing_abstract,,True,
3185,2-s2.0-80052263799,The IPO market as a screening device and the going public decision: Evidence from acquisitions of privately and publicly held firms,kept,,,True,"© 2010 Springer Science+Business Media, LLC."
3186,2-s2.0-84866697263,The implications of fair value accounting standards on private equity buyout returns,excluded,missing_abstract,,True,
3187,2-s2.0-84984677411,Real Assets,kept,,,True,© 2012 John Wiley & Sons Singapore Pte. Ltd. All rights reserved.
3188,2-s2.0-84934326445,Study and recommendations on prohibitions on proprietary trading and certain relationships with hedge funds and private equity funds,excluded,missing_abstract,,True,
3189,2-s2.0-84863515061,Financing the mining industry in China,kept,,,True,"© 2012 M.E. Sharpe, Inc.."
3190,2-s2.0-84860388417,The project evaluation of Private Equity on the basis of BP neural network,kept,,,False,
3191,2-s2.0-84862727597,"Tapping the liabilities' side -Austrian evidence for private equity investor involvement, growth and the internationalization of firms",kept,,,True,"© Asian Academy of Management and Penerbit Universiti Sains Malaysia, 2011."
3192,2-s2.0-84870790084,Report predicts investment in UK engineering firms from Asia,kept,,,False,
3193,2-s2.0-84867681903,Consumers' perception on Islamic home financing: Empirical evidences on Bai Bithaman Ajil (BBA) and diminishing partnership (DP) modes of financing in Malaysia,kept,,,True,© Emerald Group Publishing Limited.
3194,2-s2.0-84859782209,"Searching for ""alpha"" beyond the BRICs: Private equity returns and general partners' selection in Poland",excluded,missing_abstract,,True,
3195,2-s2.0-78649472596,Private equity and the flight of the phoenix four - The collapse of MG Rover in the UK,kept,,,True,© 2010 The Author. Published by Oxford University Press on behalf of the Cambridge Political Economy Society. All rights reserved.
3196,2-s2.0-84855412006,Financialization of art,kept,,,True,© 2011 De Gruyter. All rights reserved.
3197,2-s2.0-80054934283,Between a clock and a hard place: The turmoil in stockmarkets has hit the private-equity industry,excluded,missing_abstract,,True,
3198,2-s2.0-84886228084,Listed Private Equity,excluded,missing_abstract,,True,
3199,2-s2.0-84867135932,Ownership structure and financial performance in the trucking industry,kept,,,False,
3200,2-s2.0-83455177865,"Interview with Herta von Stiegel, author of The Mountain Within",kept,,,True,© Emerald Group Publishing Limited.
3201,2-s2.0-79955730021,"New Investment Funds, Restructuring, and Labor Outcomes: A European Perspective",kept,,,True,© 2011 Blackwell Publishing Ltd.
3202,2-s2.0-84923493732,Introduction,kept,,,True,© 2012 by Oxford University Press. All rights reserved.
3203,2-s2.0-85011774680,Assessing country attractiveness in the venture capital and private equity landscape in emerging markets,excluded,missing_abstract,,True,
3204,2-s2.0-79551507984,Retaining public enterprise status through own shares,kept,,,True,"© 2011 Lex localis (Maribor, Graz, Trieste, Split)."
3205,2-s2.0-82655162515,After the crisis: The regulation of hedge funds and private equity in the EU,kept,,,True,© 2011 Copyright T.M.C. Asser Press and the Authors.
3206,2-s2.0-77955462960,Shareholders' Wealth-Maximizing Operating Decisions and Risk Management Practices in a Mixed Contracts Economy,kept,,,True,© 2010 Production and Operations Management Society.
3207,2-s2.0-84892135171,"Investors in private equity funds: Theory, preferences and performances",kept,,,True,"© Gabler | GWV Fachverlage GmbH, Wiesbaden 2010. All rights reserved."
3208,2-s2.0-79952125283,Investors: Why you can't count on the private equity firms to bailyou out,excluded,missing_abstract,,True,
3209,2-s2.0-84863141051,Time-Series Analysis of Going-Private Transactions,excluded,duplicate_doi,2-s2.0-105038273821,False,
3210,2-s2.0-84895231888,European economic and political developments,kept,,,True,"© 2011 by Nova Science Publishers, Inc. All rights reserved."
3211,2-s2.0-79961105506,The influence of geography on the success of private equity: Investments in listed equity,kept,,,True,© 2011 Taylor & Francis.
3212,2-s2.0-78651277502,Balancing private and public interests in public-private partnership contracts through optimization of equity capital structure,kept,,,False,
3213,2-s2.0-84886160583,Institutional and Other Shareholders,excluded,missing_abstract,,True,
3214,2-s2.0-84859112730,Private equity in Poland: Winning leadership in emerging markets,kept,,,True,"© Darek Klonowski, 2011."
3215,2-s2.0-84855370927,Hospitals for sale.,kept,,,False,
3216,2-s2.0-77952671892,Board interlocks and the propensity to be targeted in private equity transactions,kept,,,True,© 2010 Elsevier B.V.
3217,2-s2.0-84896166065,The role of corporate venture capital in innovation,kept,,,True,"© 2010 by Nova Science Publishers, Inc. All rights reserved."
3218,2-s2.0-79952135196,Private equity funds of funds vs. funds: A performance comparison,excluded,missing_abstract,,True,
3219,2-s2.0-80055086873,Debunking private equity stereotypes,excluded,missing_abstract,,True,
3220,2-s2.0-84935093882,Proprietary trading and investment restrictions under the Volcker Role,kept,,,True,"© 2011 by Nova Science Publishers, Inc. All rights reserved."
3221,2-s2.0-85011774690,Private equity amid evolving market institutions: The case of Vietnam,excluded,missing_abstract,,True,
3222,2-s2.0-84886180171,Introduction to Private Equity,excluded,missing_abstract,,True,
3223,2-s2.0-77957600229,Limited partners' perceptions of the Central Eastern European venture capital and private equity market,excluded,missing_abstract,,True,
3224,2-s2.0-84862123406,Evonik readies an IPO again,excluded,missing_abstract,,True,
3225,2-s2.0-84862145538,UK food businesses attract private equity buyers,excluded,missing_abstract,,True,
3226,2-s2.0-85011760172,Private equity in the emerging markets: No longer an asterisk,excluded,missing_abstract,,True,
3227,2-s2.0-84888697609,Going Private and Leveraged Buyouts,excluded,missing_abstract,,True,
3228,2-s2.0-77951207430,The role of private equity group reputation in LBO financing,kept,,,True,© 2010 Elsevier B.V.
3229,2-s2.0-80052690496,Analysis on study of private equity in the optimization of aviation industry: PE and aviation industry - A pleasant combination,kept,,,True,© 2011 IEEE.
3230,2-s2.0-78951479397,Lagging construction markets slow epoxy resins recovery,kept,,,False,
3231,2-s2.0-84855385134,"Ownership, financing, and management strategies of the ten largest for-profit nursing home chains in the United States",kept,,,True,"© 2011, Baywood Publishing Co., Inc."
3232,2-s2.0-84861626013,The value of country-level perceived ethics to entrepreneurs around the world,kept,,,True,"© 2012 Copyright Taylor and Francis Group, LLC."
3233,2-s2.0-84872141701,The urge to merge.,kept,,,False,
3234,2-s2.0-84873041874,Exploring the relationship between private equity ownership and nursing home performance: A review,kept,,,True,Copyright © 2011 by Emerald Group Publishing Limited All rights of reproduction in any form reserved.
3235,2-s2.0-84886483178,The Shadow Bankruptcy System,excluded,missing_abstract,,True,
3236,2-s2.0-79952997043,Le financement de l'innovation: Une approche historique,kept,,,False,
3237,2-s2.0-84920857775,Private equity: Unlocking the sustainability potential,excluded,missing_abstract,,True,
3238,2-s2.0-84856209864,"The Swedish corporate control model: Convergence, persistence or decline?",kept,,,True,© 2011 Blackwell Publishing Ltd.
3239,2-s2.0-79952120962,Journal of Private Equity: Editor's letter,excluded,missing_abstract,,True,
3240,2-s2.0-77954223550,Pension fund investment in infrastructure: What have we learnt?,kept,,,True,© 2010 Macmillan Publishers Ltd.
3241,2-s2.0-76849111677,The European Venture Capital and Private Equity country attractiveness indices,kept,,,True,© 2009 Elsevier B.V. All rights reserved.
3242,2-s2.0-85123665396,"Great Deal, Terrible Contract: The Case for Negotiator Involvement in the Contracting Phase",kept,,,True,"© 2012 by Taylor & Francis Group, LLC Routledge is an imprint of Taylor & Francis Group, an Informa business."
3243,2-s2.0-78149445133,Seller beware,kept,,,False,
3244,2-s2.0-80052983228,Most investor-owned water and sewer utilities in North Carolina now in the hands of publicly traded and private equity companies,excluded,missing_abstract,,True,
3245,2-s2.0-84865581631,Practical use of private equity as a solution to infrastructure development,excluded,missing_abstract,,True,
3246,2-s2.0-84870040932,Private equity financing for offshore wind farms during implementation phase,kept,,,False,
3247,2-s2.0-84865428119,A new method to estimate risk and return of nontraded assets from cash flows: The case of private equity funds,kept,,,True,"© Copyright 2012 Michael G. Foster School of Business, University of Washington."
3248,2-s2.0-84857604502,"Merger momentum abates: After a brisk first quarter, big spending on chemical acquisitions slowed in 2011",excluded,missing_abstract,,True,
3249,2-s2.0-80052179391,Notice of Retraction: Analysis of the potential-transfer-trust in private equity investment trust,excluded,retracted,,True,© 2011 IEEE.
3250,2-s2.0-79957541350,IPOs and Other Nontraditional Fund-Raising Methods of Private Equity Firms,excluded,missing_abstract,,True,
3251,2-s2.0-84864310568,Strategic investors: private equity fund expands and diversifies.,excluded,missing_abstract,,True,
3252,2-s2.0-80053493140,"From finance to green technology activist states, geopolitical finance and hybrid neoliberalism",kept,,,True,"© 2010 by Nova Science Publishers, Inc. All rights reserved."
3253,2-s2.0-84860347228,A discussion on the operational mechanism of private equity in China,kept,,,True,© 2012 Springer-Verlag GmbH.
3254,2-s2.0-84860347227,Impact of private equity investments in infrastructure projects,kept,,,True,© 2011 Elsevier Ltd.
3255,2-s2.0-84865415255,Trends Financial Innovation and their Welfare Impact: An Overview,kept,,,True,© 2012 Blackwell Publishing Ltd.
3256,2-s2.0-80755155963,Renewables: Financing up; uncertainty remains,kept,,,False,
3257,2-s2.0-77953536167,"Earnings management, market discounts and the performance of private equity placements",kept,,,True,© 2010 Elsevier B.V.
3258,2-s2.0-79957541478,Institutional investment in listed private equity,kept,,,True,© 2011 Blackwell Publishing Ltd.
3259,2-s2.0-85077013356,"Institutions, change, and diversity",kept,,,True,© 2012 Christel Lane and Geoffrey T. Wood.
3260,2-s2.0-77956694505,Semicon 2010: Bullish outlook seen for electronic chemicals,kept,,,False,
3261,2-s2.0-84923481435,Opportunities in healthcare private equity in India,kept,,,True,© Cambridge University Press 2014.
3262,2-s2.0-82255181902,Mine hire takes centre stage,kept,,,False,
3263,2-s2.0-80053006823,The private equity premium puzzle revisited-new evidence on the role of heterogeneous risk attitudes,kept,,,True,© The Author. Economica © 2010 The London School of Economics and Political Science.
3264,2-s2.0-77956337535,Ownership matters: Private equity and the political division of ownership,kept,,,True,© The Author(s) 2010.
3265,2-s2.0-79957575107,"Exits, performance, and late stage private equity: The Case of UK management buy-outs",kept,,,True,© 2011 Blackwell Publishing Ltd.
3266,2-s2.0-84886701041,"2nd International Postgraduate Conference on Infrastructure and Environment, IPCIE 2010, Supplement",kept,,,False,
3267,2-s2.0-77956403364,Private equity and human resource management: An emerging agenda,kept,,,True,© The Author(s) 2010.
3268,2-s2.0-84923391557,Buyouts in Western European Countries: The Impact on Company Growth and Innovation,kept,,,True,© 2012 by Oxford University Press. All rights reserved.
3269,2-s2.0-81455148267,A look back on two years of fdicassisted private equity deals: The top 10 lessons,kept,,,False,
3270,2-s2.0-85113363727,"Financial Wagers, Hyper-Speculation and Shareholder Primacy",kept,,,True,"© 2011, Springer Science+Business Media B.V."
3271,2-s2.0-84984694290,Hedge Funds,kept,,,True,© 2012 John Wiley & Sons Singapore Pte. Ltd. All rights reserved.
3272,2-s2.0-77956413045,Private equity and human resource management: 'Barbarians at the gate!' HR's wake-up call?,kept,,,True,© The Author(s) 2010.
3273,2-s2.0-84881887751,"Hedge funds, private equity and alternative investment in Australia",excluded,missing_abstract,,True,
3274,2-s2.0-84935048286,Study & recommendations on prohibitions on proprietary trading & certain relationships with hedge funds & private equity funds,excluded,missing_abstract,,True,
3275,2-s2.0-84886656111,"2nd International Postgraduate Conference on Infrastructure and Environment, IPCIE 2010, Volume 1",excluded,duplicate_cleaned_abstract,2-s2.0-84886701041,False,
3276,2-s2.0-84863430115,Why joe biden is wrong about private equity execs,excluded,missing_abstract,,True,
3277,2-s2.0-80053565325,Red and Blue: The relationship between the institutional context and the performance of leveraged buyout investments,kept,,,True,"© 2011 John Wiley & Sons, Ltd."
3278,2-s2.0-84861675557,A review of research methodologies in private equity: 2005-2011,excluded,missing_abstract,,True,
3279,2-s2.0-84865253082,My last word on the private equity political debate⋯ I hope!,excluded,missing_abstract,,True,
3280,2-s2.0-80053910635,Staying Power of UK Buy-Outs,kept,,,True,© 2011 Blackwell Publishing Ltd.
3281,2-s2.0-84954407421,Targeted responsible investing,kept,,,True,© Springer Science+Business Media B.V. 2012.
3282,2-s2.0-84857379907,"New players in FDI: Sovereign wealth funds, private equity, and emerging-market multinationals",kept,,,False,
3283,2-s2.0-84859062210,Impact of funding and value added on Spanish venture capital-backed firms,kept,,,True,© 2011 Copyright ICCR Foundation.
3284,2-s2.0-78649418386,Why do listed companies choose private equity placements? - Empirical evidence from Chinese stock market,kept,,,True,© 2010 IEEE.
3285,2-s2.0-79955726369,"Private Equity, LBOs, and Corporate Governance: International Evidence",excluded,missing_abstract,,True,
3286,2-s2.0-84858838972,Limited potential. Private-equity deals come with conditions.,excluded,missing_abstract,,True,
3287,2-s2.0-78649314127,Canadian private equity fund investors and choice of entity fora U.S. Blocker,excluded,missing_abstract,,True,
3288,2-s2.0-79951546296,U.S. oil and gas merger/acquisition activity shows strong gains,kept,,,False,
3289,2-s2.0-84886116478,Private Equity in Europe,excluded,missing_abstract,,True,
3290,2-s2.0-79960432902,Notice of Retraction: Convergence of private equity and hedge funds,excluded,retracted,,True,© 2011 IEEE.
3291,2-s2.0-84967579148,Sovereign wealth: The role of state capital in the new financial order,kept,,,True,© 2011 by Imperial College Press. All rights reserved.
3292,2-s2.0-84897223261,Private equity and the current financial crisis: Risk and opportunism,kept,,,True,"© 2010 by Nova Science Publishers, Inc. All rights reserved."
3293,2-s2.0-84857333918,"Risk aversion, business volatility and exchange rate regimes in small open economies",kept,,,True,© 2012 EEA.
3294,2-s2.0-84886172057,"Valuation and (Financial) Disclosure in the Private Equity Industry: Institutional Set-Up, Incentives, and Empirical Analysis",excluded,missing_abstract,,True,
3295,2-s2.0-84858975847,EU Legal & Regulatory Update - October 2011,excluded,duplicate_cleaned_abstract,2-s2.0-84904115058,False,
3296,2-s2.0-83755228976,Through a fractured lens: Women entrepreneurs and the private equity negotiation process,kept,,,True,© 2011 World Scientific Publishing Company.
3297,2-s2.0-84892499102,Private equity recommitment strategies for institutional investors,kept,,,True,© 2012 CFA Institute.
3298,2-s2.0-85144378046,"Private Equity and Venture Capital in Europe: Markets, Techniques, and Deals",kept,,,True,© 2010 Elsevier Ltd. All rights reserved.
3299,2-s2.0-77957347045,"More insiders, more insider trading: Evidence from private-equity buyouts",kept,,,True,© 2010 Elsevier B.V.
3300,2-s2.0-84856989811,Proposing changes in legislative and institutional conditions for private equity and venture capital financing in the Czech Republic - A comparative study with Poland,kept,,,False,
3301,2-s2.0-84881943663,"Private equity in Korea: History, industry and policy",excluded,missing_abstract,,True,
3302,2-s2.0-84860232166,"The Impact of Private Equity on Management Practices in European Buy-outs: Short-termism, Anglo-Saxon, or Host Country Effects?",kept,,,True,© 2012 Regents of the University of California.
3303,2-s2.0-84857600069,Mitt romney should act more likea private equity investor,excluded,missing_abstract,,True,
3304,2-s2.0-79960423081,Notice of Retraction: The analysis of adverse selection risk in the stage of project screening of private equity market,excluded,retracted,,True,© 2011 IEEE.
3305,2-s2.0-79955726393,Private Equity Takeovers and Employment in the UK: Some Empirical Evidence,kept,,,True,© 2011 Blackwell Publishing Ltd.
3306,2-s2.0-78650406079,Private equity firms as market makers,excluded,missing_abstract,,True,
3307,2-s2.0-84858743042,"Letters: On private equity, Myanmar, the Republicans and birth control, fishing in Africa, Afghanistan, Chinese censorship, Facebook",excluded,missing_abstract,,True,
3308,2-s2.0-84858422560,The limited partner's derivative action: Problems and prospects in the private equity market of China,kept,,,False,
3309,2-s2.0-81455132932,Empirical research on privatization process in insurance industry in China,kept,,,True,© 2011 IEEE.
3310,2-s2.0-85213505732,SHARI‘AH COMPLIANT PRIVATE EQUITY AND ISLAMIC VENTURE CAPITAL,kept,,,True,"© Fara Madehah Ahmad Farid, 2012."
3311,2-s2.0-79955736186,CEO Turnover in Private Equity Sponsored Leveraged Buyouts,kept,,,True,© 2010 Blackwell Publishing Ltd.
3312,2-s2.0-84859054877,Contract services in 2012: Some recent private-equity buyouts of contract research organizations show both the upside and downside for investors,excluded,missing_abstract,,True,
3313,2-s2.0-77949824805,Blazing a trail,kept,,,False,
3314,2-s2.0-84886115165,Private Equity in Denmark: Capital Structure and Taxes,excluded,missing_abstract,,True,
3315,2-s2.0-84886680253,Real estate private equity funds in China: A literature review,kept,,,False,
3316,2-s2.0-85053531521,Study & recommendations on prohibitions on proprietary trading & certain relationships with hedge funds & private equity funds,excluded,missing_abstract,,True,
3317,2-s2.0-84879791351,California: 'the Stem Cell State'. Interview with Jonathan Thomas.,kept,,,False,
3318,2-s2.0-77951172340,"The effects of ""going private"" using private equity: The newly private corporation and the dimensions of corporate performance",kept,,,True,© 2010 Center for Business Ethics at Bentley University.
3319,2-s2.0-84861913661,Structure and determinants of financial covenants in leveraged buyouts,kept,,,True,© The Authors 2011. Published by Oxford University Press [on behalf of the European Finance Association]. All rights reserved.
3320,2-s2.0-80052157166,The effect of policy support on the decision of micro subjects in venture capital,kept,,,True,© 2011 IEEE.
3321,2-s2.0-79960109970,Can a private equity firm own a dental practice?,excluded,missing_abstract,,True,
3322,2-s2.0-84879951105,Investing in technological innovations in south africa: the case study of SPII programme,kept,,,False,
3323,2-s2.0-85011774715,Contours of russian private equity,excluded,missing_abstract,,True,
3324,2-s2.0-84883370512,An evaluation of the role and conduct of multinational corporations (MNCs) in sub-Saharan Africa,kept,,,False,
3325,2-s2.0-84866354690,Building a better economy,kept,,,False,
3326,2-s2.0-77956310141,Private equity exits: German trade and secondary sales in the financial crisis,excluded,missing_abstract,,True,
3327,2-s2.0-81455131620,The risk appetite of private equity sponsors,kept,,,True,© 2011 Elsevier B.V.
3328,2-s2.0-79751517333,Speciality resins make a splash in M&A,kept,,,False,
3329,2-s2.0-85011759593,Private equity in emerging markets: The new frontiers of international finance,kept,,,True,"© Darek Klonowski, 2012. All rights reserved."
3330,2-s2.0-79959587759,Capitalization fundamentals: Finding financing for anaerobic digestion,kept,,,False,
3331,2-s2.0-79955415552,Business update,kept,,,True,© Textiles Intelligence Limited 2011.
3332,2-s2.0-78149308363,Omnova solutions to acquire Eliokem for $300 million,kept,,,False,
3333,2-s2.0-84886154758,"Institutional Investment in Private Equity: Motivations, Strategies, and Performance",excluded,missing_abstract,,True,
3334,2-s2.0-84865762458,Private equity's twisted trip down the campaign trail,excluded,missing_abstract,,True,
3335,2-s2.0-84859532538,Opinion: Obama and private equity: Friends or foes?,excluded,missing_abstract,,True,
3336,2-s2.0-84856243976,AMEC and EMCOR target cash deals of more than $500 million,kept,,,False,
3337,2-s2.0-85011774843,Private equity in Latin America,excluded,missing_abstract,,True,
3338,2-s2.0-84855431286,Do private equity owners increase risk of financial distress and bankruptcy?,kept,,,True,© 2011 Elsevier B.V.
3339,2-s2.0-84866665988,Singapore-domiciled private equity funds and taming the chinese dragon,excluded,missing_abstract,,True,
3340,2-s2.0-85113408673,Financial Overstretch: The Epochal Disturbance of the Invisible Hand of the Market by the Financial Industry,kept,,,True,"© 2011, Springer Science+Business Media B.V."
3341,2-s2.0-84860150067,Predicting the commercialization progress of early-stage technologies: An ex-ante analysis,kept,,,True,© 2012 IEEE.
3342,2-s2.0-77958579612,Do Corporate Governance Motives Drive Hedge Fund and Private Equity Fund Activities?,kept,,,True,© 2010 Blackwell Publishing Ltd.
3343,2-s2.0-84858431470,International allocation determinants for institutional investments in venture capital and private equity limited partnerships,kept,,,True,Copyright © 2011 Inderscience Enterprises Ltd.
3344,2-s2.0-80051789058,Modeling and managing portfolios including listed private equity,kept,,,True,© 2011 Elsevier Ltd. All rights reserved.
3345,2-s2.0-82955193658,The unsettled environment for private equity,excluded,missing_abstract,,True,
3346,2-s2.0-84891478484,Corporate divestiture management: Organizational techniques for proactive divestiture decision-making,kept,,,True,© Gabler Verlag | Springer Fachmedien Wiesbaden GmbH 2010. All rights reserved.
3347,2-s2.0-84903424818,M&A activity sizzles after aerospace and defense downturn,kept,,,False,
3348,2-s2.0-84859237092,The Invisible Hand? Using Tax Credits to Encourage Institutional Investment in Social Housing,kept,,,True,"© 2011 Copyright Taylor and Francis Group, LLC."
3349,2-s2.0-79961084692,Market discounts and announcement effects of private placements: Evidence from China,kept,,,True,© 2011 Taylor & Francis.
3350,2-s2.0-85011779237,The evolution and future of private equity in China,excluded,missing_abstract,,True,
3351,2-s2.0-79958713382,"Offering salvation. Ascension, equity firm forge deal they say could save Catholic hospitals.",kept,,,False,
3352,2-s2.0-85113389737,Reality and Potential of Responsible Investment,kept,,,True,"© 2012, Springer Science+Business Media B.V."
3353,2-s2.0-77957709323,What determines the discount for private equity offerings - ownership or control right?,kept,,,True,"© Euro Journals Publishing, Inc."
3354,2-s2.0-85017616046,Profile of pacific brands,kept,,,True,© 2011 Textiles Intelligence Limited.
3355,2-s2.0-84886158757,Value Creation in Middle-Market Buyouts: A Transaction-Level Analysis,excluded,missing_abstract,,True,
3356,2-s2.0-77956402096,"Private equity, the minimalist organization and the quality of employment relations",kept,,,True,© The Author(s) 2010.
3357,2-s2.0-84863437041,One size does not fit all: Selling firms to private equity versus strategic acquirers,kept,,,True,© 2012 Elsevier B.V..
3358,2-s2.0-80053284700,Notice of Retraction: Comment on the development of China's private equity funds,excluded,retracted,,True,© 2011 IEEE.
3359,2-s2.0-77956305515,The journal of private equity,excluded,missing_abstract,,True,
3360,2-s2.0-78149379940,"Privatization, private equity and executive remuneration: Privatizing qinetiq",kept,,,True,© 2010 The Authors Journal Compilation.
3361,2-s2.0-85145225490,The Italian Entrepreneurial Outlook,kept,,,True,"© 2011, Springer Science+Business Media, LLC."
3362,2-s2.0-77955756492,Money can't buy love: Private-equity firms battle to keep their tax perks,excluded,missing_abstract,,True,
3363,2-s2.0-84862128606,Private equity player is likely greencore suitor,excluded,missing_abstract,,True,
3364,2-s2.0-84859754989,The S&P private equity index versus the private equity total return index: A volatility comparison,excluded,missing_abstract,,True,
3365,2-s2.0-79957876587,"The private equity secondaries market during the financial crisis and the ""valuation gap""",excluded,missing_abstract,,True,
3366,2-s2.0-77956337360,The journal of private equity,excluded,missing_abstract,,True,
3367,2-s2.0-80052252909,Early stage financing of clean technology industries: Does private equity backing matter?,excluded,missing_abstract,,True,
3368,2-s2.0-84899328309,Government Policies and Private Investments Make for a Bright Cleantech Future in India,kept,,,True,"© 2011, IGI Global. All rights reserved."
3369,2-s2.0-84867940682,"Underpricing of private equity backed, venture capital backed and non-sponsored IPOs",kept,,,True,"© Vlad Mogilevsky, Zoltan Murgulov, 2012."
3370,2-s2.0-85015711128,Does investment improve when firms go private?,kept,,,True,"© 2012, © Emerald Group Publishing Limited."
3371,2-s2.0-78649445204,Open-market purchases of public equity by private equity investors: Size and home-bias effects,kept,,,True,© 2010 Elsevier Inc.
3372,2-s2.0-85011779246,Five rules for winning in chinese and arab private equity,excluded,missing_abstract,,True,
3373,2-s2.0-77949849418,Indian firm buys chemtura's PVC additives assets,kept,,,False,
3374,2-s2.0-84856988002,"Private equity and venture capital financing in the Czech Republic and other european countries -Development, opportunities and limitations",kept,,,False,
3375,2-s2.0-84888662143,The Law and Finance of Control Premiums and Minority Discounts,excluded,missing_abstract,,True,
3376,2-s2.0-80052362782,M&A on the mend,kept,,,False,
3377,2-s2.0-82955193661,Portfolio optimization in a multidimensional structural-default model with a focus on private equity,excluded,missing_abstract,,True,
3378,2-s2.0-77952537550,The economics of private equity funds,kept,,,True,© The Author 2010. Published by Oxford University Press on behalf of The Society for Financial Studies. All rights reserved.
3379,2-s2.0-84855441214,Leverage and pricing of debt in LBOs,kept,,,True,© 2011 Elsevier B.V.
3380,2-s2.0-84860189957,Situating private equity capital in the land grab debate,kept,,,True,"© 2012 Copyright Taylor and Francis Group, LLC."
3381,2-s2.0-85011791590,Private equity in central and eastern Europe—opportunities in an emerged market: The practitioner’s perspective,excluded,missing_abstract,,True,
3382,2-s2.0-79951844897,Private equity buyer: Westler foods has 'real future',excluded,missing_abstract,,True,
3383,2-s2.0-79957925611,"""Risk return trade-off: Applicability for S&P listed private index, S&P 500 index, S&P 400 and S&P 600 index""",kept,,,True,"© EuroJournals, Inc. 2011."
3384,2-s2.0-85118092639,TCE: United Kingdom: Three-month reprieve for Coryton refinery,kept,,,False,
3385,2-s2.0-85011791463,Private equity in southeast Asian emerging economies: An institutional perspective,excluded,missing_abstract,,True,
3386,2-s2.0-85011779238,"Private equity, risk, and reward in Africa",excluded,missing_abstract,,True,
3387,2-s2.0-84861691053,Beyond capital: Private equity and real estate development in India,kept,,,False,
3388,2-s2.0-105030430443,Private Equity Club Committee Types,excluded,missing_abstract,,True,
3389,2-s2.0-84923392578,Preface,kept,,,True,© Cambridge University Press 2014.
3390,2-s2.0-85011759605,A review of private equity financing in Nigeria,excluded,missing_abstract,,True,
3391,2-s2.0-78951483357,"Underpricing, wealth loss for pre-existing shareholders and the cost of going public: The role of private equity backing in italian IPOs",kept,,,True,© 2011 Taylor & Francis.
3392,2-s2.0-77956580534,Distribution showing resilience,kept,,,False,
3393,2-s2.0-84923241045,Risk Attitudes and Private Business Equity,kept,,,True,© 2012 by Oxford University Press. All rights reserved.
3394,2-s2.0-80053271974,Over accumulation of productive capital or of finance capital? A view from the outskirts of a Marxist debate,kept,,,False,
3395,2-s2.0-84992958080,Venture capital and private equity in India: An analysis of investments and exits,kept,,,True,"© 2011, Emerald Group Publishing Limited."
3396,2-s2.0-84897138017,"The importance of knowledge and skills transfer in the private equity, venture capital and angel investing process",kept,,,False,
3397,2-s2.0-84862654633,Developing drugs for Chinese patients: A growing number of companies are researching and developing pharmaceuticals tailor-made for Chinese patients,excluded,missing_abstract,,True,
3398,2-s2.0-79953887783,The performance and the effects of family control in North African IPOs,kept,,,True,© 2011 Elsevier Inc.
3399,2-s2.0-84859337833,Policies for financing the energy transition,kept,,,True,© 2012 by Kassia Yanosek.
3400,2-s2.0-84886691864,Cross-Border Venture Capital and Private Equity,excluded,missing_abstract,,True,
3401,2-s2.0-78650936003,Health care providers under pressure: Making the most of challenging times,kept,,,True,© 2010 Aspen Publishers.
3402,2-s2.0-80555148790,Research on external financing strategies based on technological capability of entrepreneurial firms,kept,,,True,"© (2012) Trans Tech Publications, Switzerland."
3403,2-s2.0-84886178333,Private Equity in Emerging Markets,excluded,missing_abstract,,True,
3404,2-s2.0-79952797771,Private Equity and Long-Run Investment: The Case of Innovation,kept,,,True,© 2011 The American Finance Association.
3405,2-s2.0-84861714980,S&P listed private equity index: Performance analysis and maximizing the coefficient of determination,excluded,missing_abstract,,True,
3406,2-s2.0-77951788384,Lubrizol and BASF negotiating to acquire cognis?,kept,,,False,
3407,2-s2.0-84886146789,Hedge Funds' Activism: A New Trend of Convergence toward Private Equity in Public Firms?,excluded,missing_abstract,,True,
3408,2-s2.0-79551694504,"Arsenal acquires para-chem, builds adhesives franchise",kept,,,False,
3409,2-s2.0-77956963479,Betting on lithium: Novolyte gears up to supply critical electrolytes for car batteries,kept,,,False,
3410,2-s2.0-77956337126,"Strategic change in firms following private equity acquisition: An ex post study of U.K. Technology, industrial, and communications firms",excluded,missing_abstract,,True,
3411,2-s2.0-77955941119,Modeling the cash flow dynamics of private equity funds: Theory and empirical evidence,excluded,missing_abstract,,True,
3412,2-s2.0-79956338240,Processing: Quick takes: Gas plant in Avalon shale to restart,kept,,,False,
3413,2-s2.0-77956336394,Private equity investments in financial institutions: Evolving standards and regulatory guidance,excluded,missing_abstract,,True,
3414,2-s2.0-84866722821,A lifecycle analysis of VC-PE investments in India: Half full or half empty?,kept,,,False,
3415,2-s2.0-76349108281,Marcellus shale gas play entry opportunities abound,kept,,,False,
3416,2-s2.0-84865599329,Development of a water infrastructure finance innovations authority,excluded,missing_abstract,,True,
3417,2-s2.0-77952619533,Signs of a rebound in defense M&A,kept,,,False,
3418,2-s2.0-82955164989,Boparan Greencore bid would 'amaze' analysts,excluded,missing_abstract,,True,
3419,2-s2.0-85011746765,Legal and commercial challenges in private equity in the middle east,excluded,missing_abstract,,True,
3420,2-s2.0-77951854660,Private equity returns and disclosure around the world,kept,,,True,© 2010 Academy of International Business All rights reserved.
3421,2-s2.0-77958024834,Is there an Anglo-American corporate governance model?,kept,,,True,© 2010 Springer-Verlag.
3422,2-s2.0-84860390158,Short-term termination without deterring long-term investment: A theory of debt and buyouts,kept,,,True,© 2011 Elsevier B.V.
3423,2-s2.0-85011759828,Private equity in India in the context of emerging Asia,excluded,missing_abstract,,True,
3424,2-s2.0-77950459907,Earnings management and long-run stock performance following private equity placements,kept,,,True,"© Springer Science+Business Media, LLC 2009."
3425,2-s2.0-79957971657,"The Role of Corruption, Culture, and Law in Investment Fund Manager Fees",kept,,,True,© 2011 Springer Science+Business Media B.V.
3426,2-s2.0-84949185029,General reports of the xviiith congress of the international academy o comparative law/rapports généraux du xviiième congrès de l’académie internationale de droit comparé,kept,,,True,© Springer Science+Business Media B.V. 2012.
3427,2-s2.0-77952654783,Challenges a wait triumph after deal to buy vought,kept,,,False,
3428,2-s2.0-77956585922,United Biscuits' units may split in private equity firm exit: Analyst,excluded,missing_abstract,,True,
3429,2-s2.0-85006368094,Private equity: The German experience,kept,,,True,"© Paul Jowett and Françoise Jowett, 2011. All rights reserved."
3430,2-s2.0-85113386543,Private Equity as an Emerging Asset Class of Responsible Investment,kept,,,True,"© 2012, Springer Science+Business Media B.V."
3431,2-s2.0-85011444784,Private Equity and Its Regulation in Europe,kept,,,True,"© 2011, T.M.C. Asser Press and the Authors. All rights reserved."
3432,2-s2.0-85015648179,The impact of M&A transactions from private equity and hedge funds: Empirical evidence from Austria and Switzerland,kept,,,True,"© 2011, © Emerald Group Publishing Limited."
3433,2-s2.0-78951486685,Creative destruction? Evidence that buyouts shed jobs to raise returns,kept,,,True,© 2011 Taylor & Francis.
3434,2-s2.0-70449091804,Illegal buyouts,kept,,,True,© 2009 Elsevier B.V. All rights reserved.
3435,2-s2.0-79960738878,Do institutional investors care about the ambiguity of their assets? Evidence from portfolio holdings in alternative investments,kept,,,True,© 2011 World Scientific Publishing Company.
3436,2-s2.0-79551661570,New deal in the City,kept,,,False,
3437,2-s2.0-84862254426,Did the financial crisis lead to changes in private equity investor preferences regarding renewable energy and climate policies?,kept,,,True,© 2012 Elsevier Ltd.
3438,2-s2.0-84886198049,The Syndication of Private Equity,excluded,missing_abstract,,True,
3439,2-s2.0-79952678136,"Global M and A snaps back, A strong 2011 expected",kept,,,False,
3440,2-s2.0-84933502834,"Pensions: Backgrounds, trends, and issues",kept,,,True,"© 2010 by Nova Science Publishers, Inc. All rights reserved."
3441,2-s2.0-84859151510,"Private equity in Poland after two decades of development: Evolution, industry drivers, and returns",kept,,,True,"© 2011 Copyright Taylor and Francis Group, LLC."
3442,2-s2.0-84856480949,Flux in French fine chemicals,kept,,,False,
3443,2-s2.0-77956735797,Private equity 3.0,excluded,missing_abstract,,True,
3444,2-s2.0-84861830608,Private equity bank investments: Strategically managing the regulatory process,kept,,,False,
3445,2-s2.0-79958038780,"Legal Protection, Corruption and Private Equity Returns in Asia",kept,,,True,© 2011 Springer Science+Business Media B.V.
3446,2-s2.0-84867500672,Who owns the media?,kept,,,False,
3447,2-s2.0-85134378281,"An introduction to investment banks, hedge funds, and private equity",excluded,duplicate_doi,2-s2.0-85013706026,True,© 2010 Elsevier Inc. All rights reserved.
3448,2-s2.0-85011759652,Private equity in South and Sub-Saharan Africa,excluded,missing_abstract,,True,
3449,2-s2.0-84865796383,New strategies on horizon for exploration companies,kept,,,False,
3450,2-s2.0-85011760828,Private equity in the gulf cooperation council,excluded,missing_abstract,,True,
3451,2-s2.0-84866690189,The unexplored dimension of private equity: The case of prudential equity partners,excluded,missing_abstract,,True,
3452,2-s2.0-80052702987,Growth LBOs,kept,,,True,© 2011 Elsevier B.V.
3453,2-s2.0-84857382539,Historical development of Islamic venture capital: An appraisal,kept,,,False,
3454,2-s2.0-77049096685,Performance persistence in entrepreneurship,kept,,,True,© 2010.
3455,2-s2.0-77950293545,"Investment under uncertainty, heterogeneous beliefs, and agency conflicts",kept,,,False,
3456,2-s2.0-84888752606,Venture Capital Method of Valuation,excluded,missing_abstract,,True,
3457,2-s2.0-77952903939,Rex Energy and Stonehenge form midstream joint venture,kept,,,False,
3458,2-s2.0-79959702306,The private equity advantage: Leveraged buyout firms and relationship banking,kept,,,True,© 2011 The Author . Published by Oxford University Press on behalf of the Centre for Crime and Justice Studies (ISTD). All rights reserved.
3459,2-s2.0-84927114434,Private equity in Japan: Global financial markets and transnational communities,kept,,,True,© Cambridge University Press 2010.
3460,2-s2.0-84923501889,Venture Capital Reputation,kept,,,True,© 2012 by Oxford University Press. All rights reserved.
3461,2-s2.0-84895223464,"The dodd-frank wall street reform and consumer protection act: Titles III and VI, regulation of depository institutions and depository institution holding companies",kept,,,True,"© 2011 Nova Science Publishers, Inc. All rights reserved."
3462,2-s2.0-78649861147,"Barcodes, RFIDS, lemonade and conversation",kept,,,True,© 2010 JIT Palgrave Macmillan All rights reserved.
3463,2-s2.0-77950197591,Private equity bids in Australia: An exploratory study,kept,,,True,© The Authors. Journal compilation © 2009 AFAANZ.
3464,2-s2.0-77956314694,Institutional affiliation of general partners and private equity investment choices,excluded,missing_abstract,,True,
3465,2-s2.0-84923415160,Syndicate Partner Selection: Who Syndicates with Whom?,kept,,,True,© 2012 by Oxford University Press. All rights reserved.
3466,2-s2.0-84855892279,"Iceland's rise, fall, stabilisation and beyond",kept,,,True,© The Author 2012. Published by Oxford University Press on behalf of the Cambridge Political Economy Society. All rights reserved.
3467,2-s2.0-84858285029,Private equity regulation: A comparative analysis,kept,,,True,© 2010 The Author(s).
3468,2-s2.0-77954581209,Private equity and the entrepreneur,kept,,,True,"© Taylor & Francis Group, LLC."
3469,2-s2.0-84886218719,Private Equity Fund Selection: How to Find True Top-Quartile Performers,excluded,missing_abstract,,True,
3470,2-s2.0-84855442799,Access to private equity and real firm activity: Evidence from PIPEs,kept,,,True,© 2011 Elsevier B.V..
3471,2-s2.0-85081011898,Abraaj Capital Limited: Celebration of Entrepreneurship (CoE),kept,,,True,"© 2011, Company."
3472,2-s2.0-84858987204,What happens in acquisitions? Evidence from brand ownership changes and advertising investment,kept,,,True,© 2012 Elsevier B.V.
3473,2-s2.0-77956330704,An explanatory study of private equity and venture capital in an emerging economy: Evidence from Egypt,excluded,missing_abstract,,True,
3474,2-s2.0-84984670445,Private Equity/Venture Capital,kept,,,True,© 2012 John Wiley & Sons Singapore Pte. Ltd. All rights reserved.
3475,2-s2.0-79957574640,The future of private equity,kept,,,True,© 2010 Blackwell Publishing Ltd.
3476,2-s2.0-79957842552,The journal of private equity,excluded,missing_abstract,,True,
3477,2-s2.0-82155181722,A new course for a maverick buyer: Chemical investor ICIG has turned its attention to drug industry's assets,kept,,,False,
3478,2-s2.0-78649943157,A craving for private equity,excluded,missing_abstract,,True,
3479,2-s2.0-84923521011,Introduction,kept,,,True,© 2012 by Oxford University Press. All rights reserved.
3480,2-s2.0-84867964999,UN PRI and private equity returns. Empirical evidence from the US market,kept,,,True,"© Emanuele Teti, Alberto Dell'Acqua, Fabio Zocchi, 2012."
3481,2-s2.0-84868614680,How employees' prior affiliations constrain organizational network change: A study of u.s. venture capital and private equity,kept,,,True,© The Author(s) 2012.
3482,2-s2.0-79952353351,M&A activity shifts up a gear in the distribution sector,kept,,,False,
3483,2-s2.0-78049317776,Strategic changes in family firms post management buyout: Ownership and governance issues,kept,,,True,© The Author(s) 2010.
3484,2-s2.0-84855566048,Private equity: Fee high so dumb,excluded,missing_abstract,,True,
3485,2-s2.0-85080983281,Soliton Technologies – financing growth in uncertain times,kept,,,True,"© 2012, Emerald Group Publishing Limited."
3486,2-s2.0-84859589224,Institutional investments in private equity funds: Social ties and the reduction of information asymmetry,kept,,,True,"© 2012 Copyright Taylor and Francis Group, LLC."
3487,2-s2.0-77956312288,Roundtable on value creation from venture capital and private equity investments: The Indian context,excluded,missing_abstract,,True,
3488,2-s2.0-84855830963,Nurse staffing and deficiencies in the largest for-profit nursing home chains and chains owned by private equity companies,kept,,,True,© Health Research and Educational Trust.
3489,2-s2.0-84859651896,"Protecting the integrity of the entity-specific contract: The ""no recourse against others"" clause-missing or ineffective boilerplate?",kept,,,False,
3490,2-s2.0-84886677351,"2nd International Postgraduate Conference on Infrastructure and Environment, IPCIE 2010, Volume 2",excluded,duplicate_cleaned_abstract,2-s2.0-84886701041,False,
3491,2-s2.0-84871711616,Premier Foods' brands sought by private equity firms,excluded,missing_abstract,,True,
3492,2-s2.0-84859057511,Management practices across firms and countries,kept,,,True,© 2011 - IOS Press and the authors. All rights reserved.
3493,2-s2.0-79952781292,The Performance of Private Equity-Backed IPOs,kept,,,True,© 2011 Financial Management Association International.
3494,2-s2.0-80051688508,Venture Capital and Other Private Equity: A Survey,kept,,,True,© 2011 Blackwell Publishing Ltd.
3495,2-s2.0-77954232127,Earnings management and the performance of seasoned private equity placements: Evidence from Japanese issuers,kept,,,True,© Emerald Group Publishing Limited.
3496,2-s2.0-85011769660,Private equity: The differences between developed and emerging markets,excluded,missing_abstract,,True,
3497,2-s2.0-79958758695,Consequences of the halloween nightmare: Analysis of investors' response to an overnight tax legislation change in the Canadian income trust sector,kept,,,True,"Copyright © 2010 ASAC. Published by John Wiley & Sons, Ltd."
3498,2-s2.0-78650398538,Journal of Private Equity: Editorial,excluded,missing_abstract,,True,
3499,2-s2.0-84858837325,Performance of private equity real estate funds,kept,,,True,© Emerald Group Publishing Limited.
3500,2-s2.0-85145677055,Understanding Hybrid-Identity Organizations: The Case of Publicly Listed Family Businesses,kept,,,True,"© 2012, Springer Science+Business Media, LLC."
3501,2-s2.0-85118092460,GIP and El Paso partner to build Ruby pipeline,kept,,,False,
3502,2-s2.0-40749134611,Private equity firm to acquire Houghton,kept,,,False,
3503,2-s2.0-70350493653,Augmenting housing sales data to improve hedonic estimates of golf course frontage,kept,,,False,
3504,2-s2.0-85117628961,International: Investment firm eyes Latin American opportunities,kept,,,False,
3505,2-s2.0-51349151098,High principles,kept,,,False,
3506,2-s2.0-80053171622,Daimler purchases 22.3% stake in Tognum,kept,,,False,
3507,2-s2.0-39349099266,Credit crunch,kept,,,False,
3508,2-s2.0-61449168965,The economic impact of private equity: What we know and what we would like to know,kept,,,False,
3509,2-s2.0-52949107998,Fashion brands for sale!,kept,,,False,
3510,2-s2.0-84882602922,Hedge Fund Operational Due Diligence: Understanding the Risks,kept,,,True,© 2009 by Jason A. Scharfman. All rights reserved.
3511,2-s2.0-58049219785,Lessons from Schoon: Protecting yourself in the future from past board participation,kept,,,False,
3512,2-s2.0-36148993964,Do private equity CEOs deserve sympathy? [1],excluded,missing_abstract,,True,
3513,2-s2.0-84917278249,US-Asia economic relations: A political economy of crisis and the rise of new business actors,kept,,,True,© 2009 Justin Robertson. All rights reserved.
3514,2-s2.0-37249009692,Blackstone announces investment in MTAR Technologies,kept,,,False,
3515,2-s2.0-78649309479,Embattled CEOs,kept,,,False,
3516,2-s2.0-34548059783,"Smoothing, nonsynchronous appraisal and cross-sectional aggregation in real estate price indices",kept,,,True,© 2007 American Real Estate and Urban Economics Association.
3517,2-s2.0-84891016485,Value Creation: Strategies for the Chemical Industry: Second Edition,kept,,,True,© 2006 Wiley-VCH Verlag GmbH & Co. KGaA.
3518,2-s2.0-44649200504,The Journal of Private Equity,excluded,missing_abstract,,True,
3519,2-s2.0-38049161358,Growing companies fuel device industry M&A activity,kept,,,False,
3520,2-s2.0-70350320790,Rich in tradition historic greenbrier purchase a story of pride and private equity,excluded,missing_abstract,,True,
3521,2-s2.0-34548573460,"US-led 'credit crunch' to hit private equity M&A activity, but strategic",kept,,,False,
3522,2-s2.0-84970965956,Alternative investments and strategies,kept,,,True,© 2010 by World Scientific Publishing Co. Pte. Ltd. All Right reserved.
3523,2-s2.0-73249123237,Private equity: A boom in bust-ups,excluded,missing_abstract,,True,
3524,2-s2.0-66249100567,Would changes in the rules for director selection and liability help public companies gain some of private equity's advantages?,kept,,,False,
3525,2-s2.0-34547572989,A hot topic,kept,,,False,
3526,2-s2.0-42149101193,Taking finance seriously: How debt financing distorts bidding outcomes in corporate takeovers,kept,,,False,
3527,2-s2.0-84896271794,The interrelationship between the South African private equity industry and black economic empowerment,kept,,,False,
3528,2-s2.0-46749102161,A place in the sun,kept,,,False,
3529,2-s2.0-49449087253,Go-shops vs. no-shops in private equity deals: Evidence and implications,kept,,,False,
3530,2-s2.0-84956049826,Islamic finance and sovereign wealth funds perspectives with focus on Shariah compliant transactions in India,kept,,,True,© 2009 Inderscience Enterprises Ltd.
3531,2-s2.0-85147063198,Indian Financial Markets: An Insider's Guide to How the Markets Work,kept,,,True,© 2008 Elsevier Inc. All rights reserved.
3532,2-s2.0-34547584816,FECC 2007: Overcoming Challenges,kept,,,False,
3533,2-s2.0-36248947360,Candover and Stork continue to discuss 'alternative transaction',kept,,,False,
3534,2-s2.0-37249051904,Success factors in the German healthcare market: Hospitals between cluster formation and privatisation; [Erfolgsfaktoren im Deutschen krankenhausmarkt: Kliniken zwischen verbundbildung und privatisierung],kept,,,True,© 2007 Springer Medizin Verlag.
3535,2-s2.0-85049110942,Private equity: Recent growth in leveraged buyouts exposed risks that warrant continued attention,excluded,missing_abstract,,True,
3536,2-s2.0-38049125231,Textile producer expands chemical interests,kept,,,False,
3537,2-s2.0-85207379459,Intelligent investing and governance: The role of financial acquirers,kept,,,False,
3538,2-s2.0-73849147201,Private equity and banks: Loan rangers,excluded,missing_abstract,,True,
3539,2-s2.0-34548552434,How to be acquired,kept,,,False,
3540,2-s2.0-84892024775,"German buyouts adopting a buy and build strategy: Key characteristics, value creation and success factors",kept,,,True,"© 2008 Betriebswirtschaftlicher Verlag Dr. Th. Gabler | GWV Fachverlage GmbH, Wiesbaden. All rights reserved."
3541,2-s2.0-84917035025,Global Trends in Financing Water,kept,,,True,"© 2010, Springer-Verlag Berlin Heidelberg."
3542,2-s2.0-40749099850,Rhodia closes French paracetamol plant citing tough competition,kept,,,False,
3543,2-s2.0-36949001141,Venture capital investment cycles: The impact of public markets,kept,,,True,© 2007 Elsevier B.V. All rights reserved.
3544,2-s2.0-85018454129,An M&A lesson: Should money always talk?,kept,,,True,"© 2009 Wiley Periodicals, Inc. © 2009 Wiley Periodicals, Inc."
3545,2-s2.0-46149086555,Power list: Where the private equity money is,excluded,missing_abstract,,True,
3546,2-s2.0-71549153766,Which renewable energy policy is a venture capitalist's best friend? Empirical evidence from a survey of international cleantech investors,kept,,,True,© 2009 Elsevier Ltd. All rights reserved.
3547,2-s2.0-51849126007,2008 sees subdued M and A activity,kept,,,False,
3548,2-s2.0-105002209531,"Corporate Governance: Promises Kept, Promises Broken",kept,,,True,© 2008 by Princeton University Press.
3549,2-s2.0-69049117288,"Globalization of the housing industry. Potential for conflicts between tenants and international investors as a result of the privatization of municipal housing estates in Berlin, Germany; [Globalisierung der Wohnungswirtschaft: Konfliktpotenziale zwischen Mieterschaft und internationalen Finanzinvestoren im Zuge der Privatisierung kommunaler Wohnungsunternehmen in Berlin]",kept,,,False,
3550,2-s2.0-85049072216,Private equity and its impact,kept,,,True,"© 2009 by Nova Science Publishers, Inc. All rights reserved."
3551,2-s2.0-84891375413,Investing in private equity partnerships: The role of monitoring and reporting,kept,,,True,"© Betriebswirtschaftlicher Verlag Dr. Th. Gabler GWV Fachverlage GmbH, Wiesbaden 2008. All rights reserved."
3552,2-s2.0-84892207727,"New forms of funding in strategic corporate finance: Entrepreneurial finance, venture capital, private equity and hedge funds",kept,,,True,© 2009 Springer-Verlag Berlin Heidelberg.
3553,2-s2.0-58049120840,Risk prevention measures for private equity in China,kept,,,True,© 2008 IEEE.
3554,2-s2.0-77649145929,Private equity fund compensation contracts and their incentive effects,kept,,,True,© 2009 T.M.C. Asser Press.
3555,2-s2.0-77955084202,Fdic adopts final policy on private equity investments in failed banks,kept,,,False,
3556,2-s2.0-45849134139,"Financial intermediaries, ownership structure and the provision of venture capital to SMEs: Evidence from Japan",kept,,,True,"© 2008 Springer Science+Business Media, LLC."
3557,2-s2.0-46949100457,Finance,kept,,,False,
3558,2-s2.0-34948887631,Private equity's public moves,excluded,missing_abstract,,True,
3559,2-s2.0-70449780251,Private equity investment selection decision-making base on fuzzy optimal,kept,,,True,©2009 IEEE.
3560,2-s2.0-62749175742,Private equity's new world,excluded,missing_abstract,,True,
3561,2-s2.0-85011697894,Beware of venturing into private equity,excluded,missing_abstract,,True,
3562,2-s2.0-43049135749,Two and twenty: Taxing partnership profits in private equity funds,kept,,,False,
3563,2-s2.0-40949108605,If private equity sized up your business,excluded,missing_abstract,,True,
3564,2-s2.0-67649986527,Financial contracting with optimistic entrepreneurs,kept,,,True,© The Author 2008.
3565,2-s2.0-85015849270,From the marriage in heaven to the divorce on earth: The daimlerchrysler trajectory since the merger,kept,,,True,© Michel Freyssenet 2009.
3566,2-s2.0-34547357927,Private equity's long view,kept,,,False,
3567,2-s2.0-37549009521,The truth about private equity performance,kept,,,False,
3568,2-s2.0-66249110689,Partnership Governance of Large Firms,kept,,,False,
3569,2-s2.0-41649094784,"Capital problems. Permira breaks deeply into the till at Hugo Boss, CMP sends Lucia to the bankruptcy court. Companies of the fashion industry, which belong to private equity funds, get to feel the crisis of the finance industry; [Kapitale Probleme. Permira Graft, bei Hugo Boss tief in die Kasse, CMP Schickt Lucia vors Insolvenzgericht. Unternehmen der Modebranche, die Private Equity-Fonds gehören, Bekommen die Krise der Finanzbranche zu spüren]",excluded,missing_abstract,,True,
3570,2-s2.0-34548541963,Forecast for financial services in 2010: No room for laggards,kept,,,True,© Emerald Group Publishing Limited.
3571,2-s2.0-77952213801,Funding pours into devices,kept,,,False,
3572,2-s2.0-40749121745,Shareholder group seeks sale of Schulman,kept,,,False,
3573,2-s2.0-84884300552,Private equity: Growing investment vehicle in infrastructure,kept,,,False,
3574,2-s2.0-54349124545,Private equity investment and nursing home care: Is it a big deal?,kept,,,True,"©2008 Project HOPE - The People-to-People Health Foundation, Inc."
3575,2-s2.0-85049083466,"Private equity's effects on workers and firms, hearing before the Committee on Financial Services, U.S. House of Representatives, May 16, 2007",excluded,missing_abstract,,True,
3576,2-s2.0-78650758886,Don't wait to go global,kept,,,False,
3577,2-s2.0-59149096455,The performance of reverse leveraged buyouts,kept,,,True,© 2008.
3578,2-s2.0-36148968848,Do private equity CEOs deserve sympathy? [4],excluded,missing_abstract,,True,
3579,2-s2.0-73849094733,A study on project information search channels in the process of private equity investment,kept,,,True,©2009 IEEE.
3580,2-s2.0-44649139217,Scenarios help private equity evaluate price,kept,,,False,
3581,2-s2.0-77956307457,Investing in Russia: Current portfolio of private equity funds and impact of global financial crisis,excluded,missing_abstract,,True,
3582,2-s2.0-85180048308,Private Equity,excluded,missing_abstract,,True,
3583,2-s2.0-54149108790,The train keeps rolling,kept,,,False,
3584,2-s2.0-70350327034,Venture capital secondary funds-The third exit option,kept,,,True,"© 2009 Wiley Periodicals, Inc."
3585,2-s2.0-36248972344,Gores Group bids for major stake in Sagem communications,kept,,,False,
3586,2-s2.0-70350327033,Introduction: Navigating the global private equity frontier: Tumultuous and opportunistic times,kept,,,True,"© 2009 Wiley Periodicals, Inc."
3587,2-s2.0-52649126233,What drives PE? Analyses of success factors for private equity funds,kept,,,False,
3588,2-s2.0-77956299889,The changing face of private equity: How modern private equity firms manage investment portfolios,excluded,missing_abstract,,True,
3589,2-s2.0-62749130658,"2008 IEEE International Conference on Industrial Engineering and Engineering Management, IEEM 2008",kept,,,False,
3590,2-s2.0-85183528036,"The wall street primer: The players, deals, and mechanics of the U.S. securities market",kept,,,True,© 2009 by Jason A. Pedersen. All rights reserved.
3591,2-s2.0-85064946112,General Research Design,excluded,missing_abstract,,True,
3592,2-s2.0-66249123623,"What drives private equity returns? - Fund inflows, skilled GPs, and/or risk?",kept,,,True,© 2008 Blackwell Publishing Ltd.
3593,2-s2.0-70449585456,Private equity: Levered on capital or labour?,kept,,,True,© Industrial Relations Society of Australia SAGE Publications Ltd.
3594,2-s2.0-48249099702,Trinity mirror finalises disposals,kept,,,False,
3595,2-s2.0-67049136982,The rise of the U.S. private equity market,kept,,,False,
3596,2-s2.0-48249139408,The year 2007 survey: Provider CEO perspectives on the current status and future prospects of the third party logistics industry in the Asia-Pacific region,kept,,,True,© Emerald Group Publishing Limited.
3597,2-s2.0-77952772795,Leftist financialization? Unexpected outcomes in 21st century Brazil; [Financeirização de esquerda? Frutos inesperados no Brasil do século XXI],kept,,,False,
3598,2-s2.0-70449869471,Private equity exit risk avoiding base on multi-objective optimization,kept,,,True,©2009 IEEE.
3599,2-s2.0-60649116047,The impact of venture capital backing on the corporate governance of Australian initial public offerings,kept,,,True,© 2008 Elsevier B.V. All rights reserved.
3600,2-s2.0-78649449622,"Venture capital, private equity, IPOs, and banking: An introduction and agenda for future research",excluded,missing_abstract,,True,
3601,2-s2.0-62749198635,"Private equity, islamic finance, and sovereign wealth funds in the MENA region",kept,,,True,"© 2008 Wiley Periodicals, Inc."
3602,2-s2.0-70449116651,The dark side of LBOs. Private equity investors be forewarned!,kept,,,False,
3603,2-s2.0-55549106111,The private equity funds' aggressive acquisitions mania and the Willy Loman trauma,kept,,,True,© 2008.
3604,2-s2.0-84858508472,Safran CEO dismisses Thaies merger talk,kept,,,False,
3605,2-s2.0-84858469700,Gores Group bids for major stake in Sagem Communications,kept,,,False,
3606,2-s2.0-58049218559,The use of a clinical psychology method of assessment to predict management performance,kept,,,False,
3607,2-s2.0-39749134077,Putting a public face on private equity,kept,,,False,
3608,2-s2.0-44249085637,Deals that make sense,kept,,,False,
3609,2-s2.0-66249108596,One hat too many? Investment desegregation in private equity,kept,,,False,
3610,2-s2.0-84992979593,Private equity and the UK market: Some “real” concerns,kept,,,True,"© 2008, Emerald Group Publishing Limited"
3611,2-s2.0-42149175134,From direct support of business sector r&d/innovation to targeting venture capital/private equity: A catching-up innovation and technology policy life cycle perspective,kept,,,True,© 2008 Taylor & Francis.
3612,2-s2.0-77956273371,The journal of private equity,excluded,missing_abstract,,True,
3613,2-s2.0-44649160042,Perception of risk by venture capital and private equity firms: A European perspective,kept,,,False,
3614,2-s2.0-36248984309,"Investment, consumption, and hedging under incomplete markets",kept,,,True,© 2007.
3615,2-s2.0-77956326046,The jurnal of private equity,excluded,missing_abstract,,True,
3616,2-s2.0-84970997428,Listed p rivate equity in a portfolio context,kept,,,True,© 2010 by World Scientific Publishing Co. Pte. Ltd. All Right reserved.
3617,2-s2.0-77649164468,The outlook for private equity: Sticking-plasters of the universe,excluded,missing_abstract,,True,
3618,2-s2.0-78649817507,Private equity investment strategy in India's port sector,excluded,missing_abstract,,True,
3619,2-s2.0-58049195265,The emergence of MENA as an economic tiger and its implications for commercial real estate,kept,,,False,
3620,2-s2.0-73849142067,Private equity: Restoration,excluded,missing_abstract,,True,
3621,2-s2.0-70350540795,Study on private equity investment risk avoiding base on principle-agent,kept,,,True,© 2009 IEEE.
3622,2-s2.0-70350437737,M&As key to device growth strategies,kept,,,False,
3623,2-s2.0-34648836011,Why middle-market companies should worry,kept,,,False,
3624,2-s2.0-57749193692,The taxation of carried interest: Understanding the issues,kept,,,False,
3625,2-s2.0-40949144180,"Bankruptcy costs, leverage and multiple secured creditors: the case of management buy-outs",kept,,,False,
3626,2-s2.0-67649700419,Long-run underperformance following private equity placements: The role of growth opportunities,kept,,,True,© 2009 The Board of Trustees of the University of Illinois.
3627,2-s2.0-51749122416,The impacts of the basel II accord on the concentration of the entrepreneurial and banking system,kept,,,True,© 2008 Springer-Verlag.
3628,2-s2.0-84870013166,Private equity & the role of the IPP,excluded,missing_abstract,,True,
3629,2-s2.0-85117877073,Western Europe: Netherlands: A Dutch court has rejected an appeal...,kept,,,False,
3630,2-s2.0-34548088936,"Private equity, leveraged buyouts and governance",kept,,,True,© 2007 Elsevier B.V. All rights reserved.
3631,2-s2.0-66249098556,Does private equity create wealth? the effects of private equity and derivatives on corporate governance,kept,,,False,
3632,2-s2.0-34548634674,Private equity's White-Knuckle deal,excluded,missing_abstract,,True,
3633,2-s2.0-34547286434,The trouble with private equity,excluded,missing_abstract,,True,
3634,2-s2.0-66249125698,"Public ownership, firm governance, and litigation risk",kept,,,False,
3635,2-s2.0-77951835593,A new breed emerges of investor,kept,,,False,
3636,2-s2.0-77649164852,Should private equity be regulated?,kept,,,True,© 2009 T.M.C.ASSER PRESS.
3637,2-s2.0-34547903217,"Irrevocable commitments, going private and private equity",kept,,,True,© 2007 Blackwell Publishing Ltd.
3638,2-s2.0-84896358807,The introduction of innovative performance measurement and management control systems: The role of financial investors and their acquired companies,kept,,,True,© 2010 by Emerald Group Publishing Limited.
3639,2-s2.0-38149132475,The week ahead: Zodiac readies FY07-08 first-quarter results,kept,,,False,
3640,2-s2.0-79961170327,Pipeline network infrastructure: Will technology revolutionize the water and wastewater industry?,kept,,,False,
3641,2-s2.0-44249117113,The relative merits of alternative investments in passive portfolios,kept,,,False,
3642,2-s2.0-44049103367,"Private equity, energy, and resources: How the Leopard has changed its spots",excluded,missing_abstract,,True,
3643,2-s2.0-38549115081,Deals or no deals?,kept,,,False,
3644,2-s2.0-72749110734,Owners and managers: Disconnecting managerial capitalism? understanding the private-equity business model,kept,,,True,© The Author(s) 2009.
3645,2-s2.0-39149120559,Taxing private equity carried interest using an incentive stock option analogy,excluded,missing_abstract,,True,
3646,2-s2.0-68249137118,Why are buyouts levered? the financial structure of private equity funds,kept,,,True,© 2009 the American Finance Association.
3647,2-s2.0-71049143652,Financial foreign direct investment: the role of private equity investments in the globalization of firms from emerging markets,kept,,,True,© Gabler-Verlag 2009.
3648,2-s2.0-66149190828,The role of private equity: From focus on the product to focus on value creation,kept,,,True,©2009.
3649,2-s2.0-34547735948,ICS triplex buyout confounds private equity critics,kept,,,False,
3650,2-s2.0-52049092036,Why do private acquirers pay so little compared to public acquirers?,kept,,,True,© 2008 Elsevier B.V. All rights reserved.
3651,2-s2.0-74049162008,Research of company valuation in China's private equity investment,kept,,,False,
3652,2-s2.0-34547276653,Private equity redux,excluded,missing_abstract,,True,
3653,2-s2.0-66749097103,Dow ag division sale rumored as R&H trial nears,kept,,,False,
3654,2-s2.0-77952636534,Indian motorcycle company: Strategy for market reentry,kept,,,True,© 2009 by the DreamCatchers Group.
3655,2-s2.0-70449574525,Private equity in Australia,kept,,,True,© Industrial Relations Society of Australia SAGE Publications Ltd.
3656,2-s2.0-34548489159,Regulatory harmonization and the development of private equity markets,kept,,,True,© 2007 Elsevier B.V. All rights reserved.
3657,2-s2.0-84891409682,Investment decisions on illiquid assets: A search theoretical approach to real estate liquidity,kept,,,True,"© Gabler GWV Fachverlage GmbH, Wiesbaden 2008. All rights reserved."
3658,2-s2.0-34547375018,Venture capital in China: A view from Europe,kept,,,True,"© Springer Science+Business Media, LLC 2007."
3659,2-s2.0-35248813002,EC seals Carlyle's purchase of Zodiac Marine,kept,,,False,
3660,2-s2.0-44349094229,Private-equity juggernaut rolls through higher education,excluded,missing_abstract,,True,
3661,2-s2.0-52649125332,Private equity returns in emerging markets: The South African case,kept,,,False,
3662,2-s2.0-34548575273,US 'credit crunch' may hit private equity M&A,kept,,,False,
3663,2-s2.0-85064897095,Managing Diversified Portfolios What Multi-Business Firms Can Learn from Private Equity,excluded,missing_abstract,,True,
3664,2-s2.0-67349097839,Private matters,kept,,,True,© 2008 Elsevier Inc. All rights reserved.
3665,2-s2.0-67650714701,BWA Water additives targets niches,kept,,,False,
3666,2-s2.0-40749125728,Private equity firm buys Olin's metals unit for $400 million,kept,,,False,
3667,2-s2.0-77954430851,Profile of Helly Hansen: A pioneer in performance outerwear,kept,,,True,© Textiles Intelligence Limited 2010.
3668,2-s2.0-46949103562,Vertellus gets new private equity owner,kept,,,False,
3669,2-s2.0-46149120574,When private equity meets banks: The impact of banking regulations on private equity investment,kept,,,False,
3670,2-s2.0-67651111941,Private equity in Africa: Lessons learned,excluded,missing_abstract,,True,
3671,2-s2.0-36348936699,If private equity sized up your business,kept,,,False,
3672,2-s2.0-47649128999,FTC extends review of Hexion-Huntsman deal,kept,,,False,
3673,2-s2.0-70350761626,The private equity business model and associated strategies for HRM: Evidence and implications?,kept,,,True,© 2009 Taylor & Francis.
3674,2-s2.0-57349100945,Physician as the innovation engine in the field of medical devices; [Der Arzt als Innovationsmotor auf dem Gebiet der Medizintechnologie],kept,,,True,© 2008 Spinger.
3675,2-s2.0-34250165798,Private equity and HRM in the British business system,kept,,,True,© 2007 Blackwell Publishing Ltd.
3676,2-s2.0-70349106603,"Corporate governance: Promises kept, promises broken",kept,,,True,© 2008 by Princeton University Press. All Rights Reserved.
3677,2-s2.0-85064936299,Empirical Part II: Managing Diversified Portfolios,kept,,,True,"© 2009, Physica-Verlag Heidelberg."
3678,2-s2.0-60749116609,Crowding out! The role of state companies and the dynamics of industrial competitiveness in India,kept,,,True,© The Author 2009. Published by Oxford University Press on behalf of Associazione ICC. All rights reserved.
3679,2-s2.0-40449095915,"As economy slows, ardor cools for semicon private-equity deals",excluded,missing_abstract,,True,
3680,2-s2.0-34547844048,Profitable paths,kept,,,False,
3681,2-s2.0-64049119707,Private equity and regulatory capital,kept,,,True,© 2009 Elsevier B.V. All rights reserved.
3682,2-s2.0-41449115802,Lothar Maier on Linear thinking,kept,,,False,
3683,2-s2.0-43849100583,Structural changes in the economy of Hong Kong since 1997,kept,,,False,
3684,2-s2.0-61449183637,Legality and venture capital fund manager compensation,kept,,,False,
3685,2-s2.0-77956284533,What public companies can learn from private equity: Pursue the value journey,excluded,missing_abstract,,True,
3686,2-s2.0-77952666096,Indian motorcycle company: Strategy for market reentry,excluded,duplicate_cleaned_abstract,2-s2.0-77952636534,True,© 2009 by the DreamCatchers Group.
3687,2-s2.0-84896310021,"Secondary buyouts, private equity and firms' corporate governance",kept,,,False,
3688,2-s2.0-77952270282,UTC readies acquisition war chest and is ready to strike when a good M&A deal surfaces,kept,,,False,
3689,2-s2.0-46149117031,Private equity-backed IPOs and long-run market performance analysis of Italian firms,kept,,,False,
3690,2-s2.0-41349094208,Private equity and shareholder activism: Summary of the 2007 Annual Meeting Reports of the Royal Netherlands Economic Association,kept,,,True,© The Author(s) 2008.
3691,2-s2.0-73349126455,Private equity: All Clear?,excluded,missing_abstract,,True,
3692,2-s2.0-34548645008,The strategic secret of private equity,kept,,,False,
3693,2-s2.0-58849091783,"Access to capital, capital structure, and the funding of the firm",kept,,,True,© 2009 The American Finance Association.
3694,2-s2.0-42549166634,Private equity and venture capital in an emerging economy: Evidence from Brazil,kept,,,False,
3695,2-s2.0-38149006312,Candover makes formal approach for Stork,kept,,,False,
3696,2-s2.0-79951499547,Siemens + UGS: Is the merger working?,kept,,,False,
3697,2-s2.0-34547193737,Private equity takes stake,excluded,missing_abstract,,True,
3698,2-s2.0-85067100556,The entrepreneur's guide to raising capital,kept,,,True,© 2009 by David Nour. All rights reserved.
3699,2-s2.0-77956302716,The journal of private equity,excluded,missing_abstract,,True,
3700,2-s2.0-36148959729,Do private equity CEOs deserve sympathy? [3],excluded,missing_abstract,,True,
3701,2-s2.0-85014412043,Aussenwirtschaftsrecht and corporate investments in Germany - New hurdles for foreign investors,kept,,,True,© 2009 German Law Journal.
3702,2-s2.0-39349084543,"So, your kids don't want the business... Now what?",kept,,,False,
3703,2-s2.0-84874386601,Overconfident managers and external financing choice,kept,,,True,"© 2010 John Wiley & Sons, Ltd."
3704,2-s2.0-37249091648,"QinetiQ sale safeguarded business, but lessons can be learned",kept,,,False,
3705,2-s2.0-84870012045,Private equity and venture capital the role of private equity and venture capital,excluded,missing_abstract,,True,
3706,2-s2.0-57049087481,Survival of the fittest?,kept,,,False,
3707,2-s2.0-55349140765,Indonesia seeks new export markets amid dumping charges,kept,,,False,
3708,2-s2.0-84882527513,Total loss risk in European versus U.S.-based venture capital investments,kept,,,True,© 2007 Elsevier Inc. All rights reserved.
3709,2-s2.0-85064919952,Introduction,kept,,,True,"© 2009, Physica-Verlag Heidelberg."
3710,2-s2.0-46949104879,M & A reshapes distribution sector,kept,,,False,
3711,2-s2.0-69749112977,Global finance and the development of regional clusters: Tracing paths in Munich's film and TV industry,kept,,,True,© The Author (2009). Published by Oxford University Press. All rights reserved.
3712,2-s2.0-70449569222,Private equity in the UK: Job regulation and trade unions,kept,,,True,© Industrial Relations Society of Australia SAGE Publications Ltd.
3713,2-s2.0-85064946074,Empirical Part I: Diversification and Performance,excluded,missing_abstract,,True,
3714,2-s2.0-46749094305,EDA business struggles against tide of negatives,kept,,,False,
3715,2-s2.0-85056821139,Hedge Funds and Private Equity Funds under Scrutiny in the Netherlands,kept,,,True,© 2009 SAGE Publications.
3716,2-s2.0-34347249871,Bashing private equity,excluded,missing_abstract,,True,
3717,2-s2.0-38149007737,Candover moves back into the bidding for Stork,kept,,,False,
3718,2-s2.0-38549105246,Positive performance and private equity placements: Outside monitoring or inside expertise?,kept,,,False,
3719,2-s2.0-70349836013,Towards a third food regime: Behind the transformation,kept,,,True,© Springer Science+Business Media B.V. 2009.
3720,2-s2.0-73849139740,Analysis of liquidity risk in private equity fund investment based on fuzzy evaluation model,kept,,,True,©2009 IEEE.
3721,2-s2.0-34547144253,"Part 3: Water business attracts interests from private equity, large corporations",kept,,,False,
3722,2-s2.0-77951734947,Wall Street's hopes-and fears-for 2008,kept,,,False,
3723,2-s2.0-34547732868,Private-equity deals weakening?,excluded,missing_abstract,,True,
3724,2-s2.0-57749140547,Private equity and public good,excluded,missing_abstract,,True,
3725,2-s2.0-77952635375,Financing geothermal- The not so brave new world,kept,,,False,
3726,2-s2.0-84924184172,Conflict of interest and the furore over banker compensation,kept,,,True,© Cambridge University Press 2012.
3727,2-s2.0-67249093338,Wave energy in the UK - the lessons of 30 years,kept,,,False,
3728,2-s2.0-77951179255,Structuring private equity transactions,excluded,missing_abstract,,True,
3729,2-s2.0-41049101255,Wovens and textile chemicals,kept,,,False,
3730,2-s2.0-35248837967,Stork extends acceptance period,kept,,,False,
3731,2-s2.0-84890746642,Private equity and management buy-outs,excluded,missing_abstract,,True,
3732,2-s2.0-77956323602,"Family-firm buyouts, private equity, and strategic change",excluded,missing_abstract,,True,
3733,2-s2.0-85064951401,Conclusion and Outlook,kept,,,True,"© 2009, Physica-Verlag Heidelberg."
3734,2-s2.0-70350267685,Private equity secondaries: Opening the liquidity tap,kept,,,True,"© 2009 Wiley Periodicals,Inc."
3735,2-s2.0-49049090571,Croda to sell U.S. oleochemical business to private equity firm,kept,,,False,
3736,2-s2.0-78649850939,The journal of private equity : Strategies and techniques for venture investing,excluded,missing_abstract,,True,
3737,2-s2.0-77950741240,The Risks and Rewards of Private Equity in Infrastructure,kept,,,True,"© 2008, SAGE Publications. All rights reserved."
3738,2-s2.0-65549121116,Private equity investment in home health care: is the window of opportunity beginning to close?,excluded,missing_abstract,,True,
3739,2-s2.0-37649022852,Prognosticating packaging in 2008,kept,,,False,
3740,2-s2.0-70350525340,Study on partner choice risk avoiding in private equity syndication,kept,,,False,
3741,2-s2.0-49649114177,Private equity still lurking. Apria deal shows sector still watching healthcare.,excluded,missing_abstract,,True,
3742,2-s2.0-80053483404,The shock of the new: Old media strategies in the digital age,kept,,,False,
3743,2-s2.0-77649176965,Private equity and hedge fund activism: Explaining the differences in regulatory responses,kept,,,True,© 2008 T.M.C.ASSER PRESS.
3744,2-s2.0-80053382908,UK parliament censures privatisation of QinetiQ,kept,,,False,
3745,2-s2.0-77950436293,Private equity,excluded,missing_abstract,,True,
3746,2-s2.0-74549115337,Cautious optimism,kept,,,False,
3747,2-s2.0-84920485921,Corporate governance of Non-Listed companies,kept,,,True,"© Oxford University Press, 2013. All Rights Reserved."
3748,2-s2.0-35248858416,LME Eignarhaldsfelag scuppers Candover's takeover bid for Stork,kept,,,False,
3749,2-s2.0-35548980795,Attracting institutional investment into regeneration: Necessary conditions for effective funding,kept,,,False,
3750,2-s2.0-77649328879,An empirical study on market reaction to large shareholder's assets injection through private equity offerings,kept,,,True,© 2009 IEEE.
3751,2-s2.0-85011716131,Leveraged buyouts and private equity,excluded,missing_abstract,,True,
3752,2-s2.0-84927091378,Transnational communities: Shaping global economic governance,kept,,,True,© Cambridge University Press 2010.
3753,2-s2.0-38349040183,Venture capital,kept,,,False,
3754,2-s2.0-84986014892,Investment analysis in the private equity industry: A study of La Porta's argument,kept,,,True,"© 2007, Emerald Group Publishing Limited"
3755,2-s2.0-53249142420,The rise of activist investors and patterns of political responses: Lessons on agency,kept,,,True,© The Author 2008. Published by Oxford University Press and the Society for the Advancement of Socio-Economics. All rights reserved.
3756,2-s2.0-80053655459,GD plans to acquire Jet Aviation,kept,,,False,
3757,2-s2.0-84967407691,Global perspectives on venture capital and private equity,kept,,,True,© 2008 by World Scientific Publishing Co. Pte. Ltd. All rights reserved.
3758,2-s2.0-73349114712,The Rise of Bank-Related Corporate Revival Funds,kept,,,True,"© Oxford University Press, 2013."
3759,2-s2.0-34547437683,Private equity's promise,excluded,missing_abstract,,True,
3760,2-s2.0-70449646168,Buy local? The geography of venture capital,kept,,,True,© 2009 Elsevier Inc. All rights reserved.
3761,2-s2.0-77949376792,Ashland sells former Hercules operation,kept,,,False,
3762,2-s2.0-34547906452,University technology transfer: Network bridge promotion by the Medici Fellowship Scheme,kept,,,True,"© 2007, Emerald Group Publishing Limited"
3763,2-s2.0-54349105398,Private equity investment in health care services,kept,,,True,"©2008 Project HOPE - The People-to-People Health Foundation, Inc."
3764,2-s2.0-77952170753,Republic charts new course with frontier and midwest deals,kept,,,False,
3765,2-s2.0-61349141182,Ultimate survivor's guide,kept,,,False,
3766,2-s2.0-84901548611,New financial instruments and institutions: Opportunities and policy challenges,kept,,,True,Copyright © 2007 the Brookings Institution. All rights reserved.
3767,2-s2.0-38349014293,AllxPartners president says now may be a good time to invest in U.S. auto suppliers,kept,,,False,
3768,2-s2.0-73349100666,Distribution: Charting a path to recovery,kept,,,False,
3769,2-s2.0-61349091707,Credit chaos,kept,,,False,
3770,2-s2.0-39649099937,NewPage to double in size by acquiring stora Enso North America for $2.5 billion,kept,,,False,
3771,2-s2.0-63449119331,Evonik in Ras Tanura talks; IPO still planned,kept,,,False,
3772,2-s2.0-73149104667,The private equity myth,kept,,,True,Copyright © 2009 The Berkeley Electronic Press. All rights reserved.
3773,2-s2.0-68349159154,"Private equity syndication: Agency costs, reputation and collaboration",kept,,,True,© 2009 Blackwell Publishing Ltd.
3774,2-s2.0-66249104351,The regulation of Sovereign wealth funds: The virtues of going slow,kept,,,False,
3775,2-s2.0-52249123859,Private equity: Capitalism's misunderstood entrepreneurs and catalysts for value creation,kept,,,False,
3776,2-s2.0-34548061297,"Why do public firms go private in the UK? The impact of private equity investors, incentive realignment and undervaluation",kept,,,True,© 2007 Elsevier B.V. All rights reserved.
3777,2-s2.0-37749034568,Following the money,kept,,,False,
3778,2-s2.0-34249092460,Venture capital or private equity? The Asian experience,kept,,,True,"© 2007 Kelley School of Business, Indiana University."
3779,2-s2.0-68349154820,Private equity involvement and earnings quality,kept,,,True,© 2009 Blackwell Publishing Ltd.
3780,2-s2.0-58149123025,Mergers and acquisitions basics for the industrial electronics and communications industry,kept,,,True,© 2008 IEEE.
3781,2-s2.0-49049103753,M&A catches the green wave,kept,,,False,
3782,2-s2.0-84890972995,What Attracts Private Equity Firms to the Chemical Industry?,excluded,missing_abstract,,True,
3783,2-s2.0-84858497909,Blackstone to invest in MTAR Technologies,kept,,,False,
3784,2-s2.0-49249086212,Stacked up,kept,,,False,
3785,2-s2.0-84928078147,Supply chain or network approach to operations management,kept,,,True,© Danny Samson and Prakash J. Singh 2008.
3786,2-s2.0-35748959044,Finnish state sells most of its Kemira stake to private equity firms,kept,,,False,
3787,2-s2.0-68349159150,Style drift in private equity,kept,,,True,© 2009 Blackwell Publishing Ltd.
3788,2-s2.0-36148947165,Do private equity CEOs deserve sympathy? [6],excluded,missing_abstract,,True,
3789,2-s2.0-85013781562,Venture capital and the European biotechnology industry,kept,,,True,© William Bains 2009. All rights reserved.
3790,2-s2.0-84940368491,Introduction to the Private Equity Industry and the Role of Diversification,excluded,missing_abstract,,True,
3791,2-s2.0-70449441022,Study on fuzzy optimal dynamic partner choice in private equity investment,kept,,,True,© 2009 IEEE.
3792,2-s2.0-42549141806,Filling the void: Private equity capital for new exploration companies,excluded,missing_abstract,,True,
3793,2-s2.0-70350222204,Can private equity deliver on equity?,excluded,missing_abstract,,True,
3794,2-s2.0-85048191876,Varieties of global financial governance?: British and German approaches to financial market regulation1,kept,,,True,"© 2010 Eric Helleiner, Stefano Pagliari and Hubert Zimmermann, selection and editorial matter; individual contributors, their contributions."
3795,2-s2.0-63449140166,Petrochemical capacity increases outpace demand growth,kept,,,False,
3796,2-s2.0-62749158647,Indian economy and indian private equity,kept,,,True,© 2008 ICICI Bank Limited.
3797,2-s2.0-37249007703,Candover bids for Stork once more,kept,,,False,
3798,2-s2.0-36148999831,"With a focus on returns, major paper/board CEOs take aim at sustainability, China, Internet business at conference",kept,,,False,
3799,2-s2.0-46249118869,Sovereign bond ratings and the democratic advantage: Portfolio investment in the developing world,kept,,,True,© 2008 Sage Publications.
3800,2-s2.0-38449102632,Spire stresses value of care setting.,kept,,,False,
3801,2-s2.0-56349148445,Creating a $40 million company based on dispersion modelling,kept,,,False,
3802,2-s2.0-59049097225,Hexion sues lenders after they balk at funding huntsman deal,kept,,,False,
3803,2-s2.0-85180055724,Covenants (Venture Capital and Private Equity Context),excluded,missing_abstract,,True,
3804,2-s2.0-34848922116,Private equity targets China,excluded,missing_abstract,,True,
3805,2-s2.0-85018530207,Private equity as a wealth recycler,excluded,missing_abstract,,True,
3806,2-s2.0-34548080958,A theory of private equity turnarounds,kept,,,True,© 2007 Elsevier B.V. All rights reserved.
3807,2-s2.0-62749169987,Following the money: The globalization of capital flows and private equity,kept,,,True,"© 2008 Wiley Periodicals, Inc."
3808,2-s2.0-46149109275,Current and private investors' return and risk sharing with private equity offering announcements,kept,,,False,
3809,2-s2.0-64549106079,How attractive is central Eastern Europe for risk capital investors?,kept,,,True,© 2009 Elsevier Ltd. All rights reserved.
3810,2-s2.0-63749115178,Knowledge management in networks of varying geographical scopes: The example of private equity (PE) in Germany; [Wissensmanagement in Netzwerken unterschiedlicher Reichweite: Das Beispiel des Private equity-Sektors in Deutschland],kept,,,False,
3811,2-s2.0-84881990336,The impact of capital inflows and management skills on the performance of European private equity funds,excluded,missing_abstract,,True,
3812,2-s2.0-44649125439,Cultivating companies: Growing value using turnaround management techniques,kept,,,False,
3813,2-s2.0-47749096366,Apollo management to sell some Huntsman businesses?,kept,,,False,
3814,2-s2.0-77951175536,Sructuring international private equity investments in the people's republic of china,kept,,,False,
3815,2-s2.0-44649189174,Private equity investing in the Philippines: Business angel vs. venture capitalists,kept,,,False,
3816,2-s2.0-58849102293,Measuring the tax subsidy in private equity and hedge fund compensation,excluded,missing_abstract,,True,
3817,2-s2.0-77956312122,Organizational forms and risk of listed private equity,excluded,missing_abstract,,True,
3818,2-s2.0-57049173408,The tax advantage to paying private equity fund managers with profit shares: What is it? Why is it bad?,excluded,missing_abstract,,True,
3819,2-s2.0-84920423961,Investor engagement : Investors and management practice under shareholder value,kept,,,False,
3820,2-s2.0-75649120759,"Slimmed-down EMI retains its star performers: Protecting the employer ""brand"" at times of redundancy",kept,,,True,© Emerald Group Publishing Limited.
3821,2-s2.0-45949109574,"Public-to-private buy-outs, distress costs and private equity",kept,,,False,
3822,2-s2.0-35548977109,Looked-after children: Private equity 'undercuts' long-term home providers,excluded,missing_abstract,,True,
3823,2-s2.0-67650763514,Earnings quality and ownership structure: The role of private equity sponsors,kept,,,False,
3824,2-s2.0-49149092251,Blackstone and apollo in talks to acquire chemtura,kept,,,False,
3825,2-s2.0-77952081816,Aerospace M&A dries up,kept,,,False,
3826,2-s2.0-34548098698,The size of venture capital and private equity fund portfolios,kept,,,True,© 2007 Elsevier B.V. All rights reserved.
3827,2-s2.0-37249040511,Stork concludes sale of majority stake in print division,kept,,,False,
3828,2-s2.0-34548055648,Playing to their strengths? Evidence that specialization in the private equity industry confers competitive advantage,kept,,,True,© 2007.
3829,2-s2.0-51649124027,Huntsman sues Apollo over deal turmoil,kept,,,False,
3830,2-s2.0-77956326886,The rise of MDFI investments in private equity funds,excluded,missing_abstract,,True,
3831,2-s2.0-80053655533,Safran divests to focus on 'core' markets,kept,,,False,
3832,2-s2.0-85039071994,Publishing entrepeneurs: From corporate life to independence: How a UK publishing executive took the private equity plunge,excluded,missing_abstract,,True,
3833,2-s2.0-57449088198,Hexion told to honor terms of Huntsman deal,kept,,,False,
3834,2-s2.0-36148977965,Do private equity CEOs deserve sympathy? [5],excluded,missing_abstract,,True,
3835,2-s2.0-84892245555,Investor churn,kept,,,True,© 2009 Springer-Verlag Berlin Heidelberg.
3836,2-s2.0-34547488954,Vulture capital?,kept,,,False,
3837,2-s2.0-47249123074,The air transport sector after 2010: A modified market and ownership structure,kept,,,False,
3838,2-s2.0-77956335413,Is private equity out of control in Latin America?: The impact of structures on private equity transactions in Latin America 1988-2007,excluded,missing_abstract,,True,
3839,2-s2.0-38949153789,10 Predictions for semis,kept,,,False,
3840,2-s2.0-77950217310,Private equity investment game base on fuzzy optimization,kept,,,True,© 2009 IEEE.
3841,2-s2.0-84875321181,Trends in private equity and venture capital investments with special focus on the booming India growth story,kept,,,False,
3842,2-s2.0-39449090433,The world's new financial power brokers,kept,,,True,Copyright © 2008 McKinsey & Company. All rights reserved.
3843,2-s2.0-38149030248,Strategic opportunism,kept,,,False,
3844,2-s2.0-40749157127,Basell pursues advantages in integration and geography,kept,,,False,
3845,2-s2.0-42649104318,Euro VCs get energetic,kept,,,False,
3846,2-s2.0-52349101490,The effects of private equity and buy-outs on HRM in the UK and the Netherlands,kept,,,True,Copyright © 2008 The Tavistock Institute ® SAGE Publications.
3847,2-s2.0-34547700540,Carlyle Group announces ARINC acquisition,kept,,,False,
3848,2-s2.0-70649085866,Private equity funds,excluded,missing_abstract,,True,
3849,2-s2.0-34547459538,Winning strategy,kept,,,False,
3850,2-s2.0-68849122145,Corporate sector balance sheets and crisis transmission,kept,,,False,
3851,2-s2.0-77956142349,Does money grow on trees? The diversification properties of U.S. timberland investments,kept,,,True,© 2010 by the Board of Regents of the University of Wisconsin System.
3852,2-s2.0-84881999298,The motivation of entrepreneurs towards private equity financing: A laddering approach,excluded,missing_abstract,,True,
3853,2-s2.0-51049103654,Exempt entity investments in private equity funds: Blockers vs. U.S. partnerships,excluded,missing_abstract,,True,
3854,2-s2.0-47649095466,Suppliers consolidate in rapidly growing sector,kept,,,False,
3855,2-s2.0-45949107002,The taxation of carried interests in private equity,kept,,,False,
3856,2-s2.0-42549172375,CDC backs Cameroon project,kept,,,False,
3857,2-s2.0-34848925422,Socially responsible institutional investment in private equity,kept,,,True,© 2007 Springer Science+Business Media B.V.
3858,2-s2.0-34948905682,Kinko's is one private equity deal that shouldn't becopied [9],excluded,missing_abstract,,True,
3859,2-s2.0-58049203983,The change in ownership after a buyout: Impact on performance,kept,,,False,
3860,2-s2.0-77955254652,Private equity returns in a model of entrepreneurial choice with learning,kept,,,True,Copyright © 2010 The Berkeley Electronic Press. All rights reserved.
3861,2-s2.0-67349139240,Because the market says so. Brokers and managers in the electricity industry,kept,,,True,© 2009 Elsevier Masson SAS. All rights reserved.
3862,2-s2.0-53849117764,Death of corporate forestry,kept,,,False,
3863,2-s2.0-34547600668,Freescale's public musings,kept,,,False,
3864,2-s2.0-77955201235,Real Estate and private equity: A review of the diversification benefits and some recent developments,excluded,missing_abstract,,True,
3865,2-s2.0-36949029190,Man with a mission,kept,,,False,
3866,2-s2.0-84993084405,Capturing the low carbon investment:Low carbon opportunities,kept,,,True,"© 2009, Emerald Group Publishing Limited"
3867,2-s2.0-84869999880,Role of private equity in global wind market,excluded,missing_abstract,,True,
3868,2-s2.0-85013851820,Indian Financial Mark,excluded,duplicate_doi,2-s2.0-85147063198,True,© 2008 Elsevier Inc. All rights reserved.
3869,2-s2.0-65349145189,The performance of private equity funds,kept,,,False,
3870,2-s2.0-77951681983,International financial markets and development,kept,,,True,© 2009. The Authors.
3871,2-s2.0-85118096059,An alternative index,kept,,,False,
3872,2-s2.0-85015846450,Can chrysler survive its reinvention?,kept,,,True,© Michel Freyssenet 2009.
3873,2-s2.0-34547157181,Sabic acquires GE plastics for $11.6 billion,kept,,,False,
3874,2-s2.0-47649098877,WeylChem hunts for 'sizable' deals to further increase sales,kept,,,False,
3875,2-s2.0-67349190936,The bright and dark side of staging: Investment performance and the varying motivations of private equity firms,kept,,,True,© 2009 Elsevier B.V.
3876,2-s2.0-34548566235,London City owners weigh up potential approach for Gatwick,kept,,,False,
3877,2-s2.0-49249126832,The North American third-party logistics industry in 2007: The provider CEO perspective,kept,,,False,
3878,2-s2.0-49949119253,CVC wins bidding war for evonik stake; IPO planned by 2013,kept,,,False,
3879,2-s2.0-70449556577,Pipeline network infrastructure: Will technology revolutionize the water and wastewater industry?,kept,,,True,© 2009 ASCE.
3880,2-s2.0-77949344951,Aiming high in the low carbon economy,kept,,,False,
3881,2-s2.0-74949110328,The shadow bankruptcy system,kept,,,False,
3882,2-s2.0-77951083482,When private-equity meets banks: The impact of banking regulations on private-equity investment,kept,,,False,
3883,2-s2.0-34548078540,Financial reporting quality in private equity backed companies: The impact of ownership concentration,kept,,,True,"© 2007 Springer Science+Business Media, LLC."
3884,2-s2.0-58049203982,Private equity fund found liable for pension obligations of bankrupt portfolio company,kept,,,False,
3885,2-s2.0-33947314210,Factors that determine the reputation of private equity managers in developing markets,kept,,,True,© 2006 Elsevier Inc. All rights reserved.
3886,2-s2.0-62749090952,Likelihood of acquisition by private equity fund in semiconductor packaging industry,kept,,,True,© 2008 IEEE.
3887,2-s2.0-77649100050,Private equity's three lessons for agency theory,kept,,,True,© 2008 T.M.C.ASSER PRESS.
3888,2-s2.0-78649408423,The evolution of infrastructure and utility ownership and its implications,kept,,,True,© The Authors 2009. Published by Oxford University Press.
3889,2-s2.0-42249090364,Stora Enso to divest Papyrus to Altor Fund II,kept,,,False,
3890,2-s2.0-67650559295,The failure of private equity,excluded,missing_abstract,,True,
3891,2-s2.0-85013777356,Private Equity and Venture Capital in Europe,excluded,duplicate_doi,2-s2.0-85144378046,True,© 2010 Elsevier Ltd All rights reserved.
3892,2-s2.0-70350309356,How to build a successful private equity portfolio,kept,,,True,"© 2009 Wiley Periodicals, Inc."
3893,2-s2.0-48249090399,Finding a higher gear,kept,,,False,
3894,2-s2.0-40749131747,Private equity firm acquires Japanese Agchem Producer,kept,,,False,
3895,2-s2.0-77956299679,From the Ashes Risen: Private equity secondary funds take flight,excluded,missing_abstract,,True,
3896,2-s2.0-85069593784,"Financial Centers, International",kept,,,True,© 2009 Elsevier Ltd. All rights reserved.
3897,2-s2.0-73849100739,Private equity: You only list twice,excluded,missing_abstract,,True,
3898,2-s2.0-45549099669,Venture capital and private equity in Brazil: Alternative of financing for high technology industries; [Venture capital e private equity no Brasil: Alternativa de financiamento para empresas de base tecnológica],kept,,,False,
3899,2-s2.0-38649129898,Why the private equity bubble is bursting,excluded,missing_abstract,,True,
3900,2-s2.0-84892343507,Investing in initial public offerings and depository receipts,kept,,,True,© 2009 Springer-Verlag Berlin Heidelberg.
3901,2-s2.0-84892224013,MFI equity: An investment opportunity for the broader public?,kept,,,True,© 2009 Springer-Verlag Berlin Heidelberg.
3902,2-s2.0-85117875564,News in brief: North America: Canada: Private-equity firm Riverstone Holdings...,kept,,,False,
3903,2-s2.0-42449134378,Will the credit crunch squeeze environmental consultants?,kept,,,False,
3904,2-s2.0-84890972356,Leveraged Buyout Transactions-Challenges and Learnings,excluded,missing_abstract,,True,
3905,2-s2.0-67650672423,"Founders, private equity investors, and underpricing in entrepreneurial IPOs",kept,,,True,© 2009 Baylor University.
3906,2-s2.0-70450204369,Study on private equity investment risk avoiding base on option,kept,,,True,© 2009 IEEE.
3907,2-s2.0-38549087889,Review of the year 2007,kept,,,False,
3908,2-s2.0-45949088700,"Venture capital funds, financial foreign direct investment and the generation of local comparative advantage in the technology sector in Israel",kept,,,True,© The Author 2008. Published by Oxford University Press on behalf of the Cambridge Political Economy Society. All rights reserved.
3909,2-s2.0-46949084742,Distribution industry comes to a crossroads,kept,,,False,
3910,2-s2.0-41449107937,International issues in entrepreneurship,kept,,,True,"© 2008 Springer Science+Business Media, LLC."
3911,2-s2.0-70350615893,The transformation of education into commodity in Brazil; [A transformação da educação em mercadoria no Brasil],kept,,,False,
3912,2-s2.0-85117877737,News in brief: North America: United States: Switzerland-based Petroplus...,kept,,,False,
3913,2-s2.0-77649293478,Private equity investment projects selection base on grey relational analysis,kept,,,True,© 2009 IEEE.
3914,2-s2.0-58149218149,Capital punishment?,kept,,,False,
3915,2-s2.0-85018599037,"Progress-driven entrepreneurs, private equity finance and regulatory issues",kept,,,True,© Zuhayr Mikdashi 2010. All rights reserved.
3916,2-s2.0-49149149667,DSM sells special products unit to arsenal capital partners,kept,,,False,
3917,2-s2.0-64349086389,Where to find credit relief,kept,,,False,
3918,2-s2.0-84882509585,Private equity fund managers do not overvalue their company investments,kept,,,True,© 2007 Elsevier Inc. All rights reserved.
3919,2-s2.0-85032783488,Private equity and lodging firm stock values: Is beauty in the eye of the beholder?,kept,,,True,"© 2008, Taylor & Francis Group, LLC."
3920,2-s2.0-73349120572,Encouraging investment,kept,,,False,
3921,2-s2.0-84869988836,Project finance private equity in the wind energy industry,excluded,missing_abstract,,True,
3922,2-s2.0-39649123740,"Deconstructing equity: Public ownership, agency costs, and complete capital markets",kept,,,False,
3923,2-s2.0-60349091040,Profitable web 2.0 tactics,kept,,,False,
3924,2-s2.0-84896306594,An analysis of the performance of private equity: Agency cost approach,kept,,,False,
3925,2-s2.0-41749103786,Private equity interest in water filtration continues to grow,kept,,,True,© 2008 Elsevier Ltd. All rights reserved.
3926,2-s2.0-77149177350,The 2009 jigsaw,kept,,,False,
3927,2-s2.0-57049142005,Private equity investments and disclosure policy,kept,,,False,
3928,2-s2.0-44849126834,Institutional investors and private equity,kept,,,False,
3929,2-s2.0-34547140266,CVC agrees to buy univar,kept,,,False,
3930,2-s2.0-39149122162,Private equity owners put machine makers in a spin,kept,,,False,
3931,2-s2.0-53349144538,Test of strength,kept,,,False,
3932,2-s2.0-33947268531,Do women-owned businesses have equal access to angel capital?,kept,,,True,© 2006 Elsevier Inc. All rights reserved.
3933,2-s2.0-47849124871,"The private equity-leveraged buyout form of finance capitalism: Ethical and social issues, and potential reforms",kept,,,True,© 2008. Business Ethics Quarterly.
3934,2-s2.0-36249023788,Stork pledges to continue talks on Candover bid,kept,,,False,
3935,2-s2.0-73049090989,Trading at fair value in a economic uncertain climate,kept,,,False,
3936,2-s2.0-44349188057,"How to structure, finance, and fund your clean technology venture: Start-ups, corporate governance, venture capital, strategic alliances, & private equity in a 'green' marketplace",kept,,,False,
3937,2-s2.0-67049110349,Private equity and corporate governance: Retrospect and prospect,kept,,,True,© 2009 Blackwell Publishing Ltd.
3938,2-s2.0-85187754973,"Financial Centers, International",excluded,duplicate_doi,2-s2.0-85069593784,True,© 2009 Elsevier Ltd. All rights reserved.
3939,2-s2.0-52649150330,Actions that private equity fund representatives on corporate boards can take to help avoid liability,kept,,,False,
3940,2-s2.0-36148932972,Do private equity CEOs deserve sympathy? [2],excluded,missing_abstract,,True,
3941,2-s2.0-43549086450,The end of an era,kept,,,False,
3942,2-s2.0-84882471763,Capital structure in new technology-based firms: Venture capital-backed versus non-venture capital-backed firms in the Irish software sector,kept,,,True,© 2007 Elsevier Inc. All rights reserved.
3943,2-s2.0-105010791369,Value Creation: Strategies for the Chemical Industry,excluded,duplicate_doi,2-s2.0-84891016485,True,"© 2006 WILEY-VCH Verlag GmbH & Co. KGaA, Weinheim."
3944,2-s2.0-58349102731,Different Shades of Gray: Crafting a Regulatory Response to Private Equity Buyouts in Electricity,kept,,,True,© 2008 Elsevier Inc. All rights reserved.
3945,2-s2.0-43049125871,Taxing private equity,excluded,missing_abstract,,True,
3946,2-s2.0-70350491036,Private equity: A review and synthesis,kept,,,True,© 2009 Blackwell Publishing Ltd and British Academy of Management.
3947,2-s2.0-84881790905,Private equity and the development of university spin-out companies,excluded,missing_abstract,,True,
3948,2-s2.0-84858459283,Carlyle Group calls a close to capital growth fund,kept,,,False,
3949,2-s2.0-58449086462,"Deals: Private equity is retreating; strategic investors are pushing; [Deals: Private Equity ist auf dem Rückzug, Strategische Investoren sind am Drücker]",excluded,missing_abstract,,True,
3950,2-s2.0-84924720536,Investing in dynamic markets: Venture capital in the digital age,kept,,,True,© Henry Kressel and Thomas V. Lento 2010.
3951,2-s2.0-79957800615,Are corporate governance systems typologies relevant? Evidence from European transfers of ownership rights,kept,,,False,
3952,2-s2.0-34548384433,Private equity and the culture of value extraction,excluded,missing_abstract,,True,
3953,2-s2.0-58249120893,Private equity experience,kept,,,False,
3954,2-s2.0-46149124131,Private equity and public good,excluded,missing_abstract,,True,
3955,2-s2.0-39749096471,Private equity investment in the information industry: Customer benefit or concern?,kept,,,False,
3956,2-s2.0-70350772369,Proximity and power within investment relationships: The case of the UK private equity industry,kept,,,True,© 2009 Elsevier Ltd. All rights reserved.
3957,2-s2.0-58149305644,"Agency, strategic entrepreneurship, and the performance of private equity-backed buyouts",kept,,,True,© 2009 Baylor University.
3958,2-s2.0-40749100195,Real estate private equity: The case of US unlisted REITs,kept,,,False,
3959,2-s2.0-85006269726,Strategy and entrepreneurship in arab countries,kept,,,True,© M.S.S. El Namaki 2008. All rights reserved.
3960,2-s2.0-77950216971,Analysis of sources of return in South African private equity,kept,,,False,
3961,2-s2.0-47149113808,The chemistry of private equity,excluded,missing_abstract,,True,
3962,2-s2.0-36148983456,Do private equity CEOs deserve sympathy? [7],excluded,missing_abstract,,True,
3963,2-s2.0-77951861289,"Priscilla M. Lu, Ph.D. to chair electric vehicle pioneer ZAP board",kept,,,False,
3964,2-s2.0-43449109779,Go shops: A ticket to ride past a target board's Revlon duties?,kept,,,False,
3965,2-s2.0-45849133745,The US bankruptcy law and private equity financing: Empirical evidence,kept,,,True,"© 2008 Springer Science+Business Media, LLC."
3966,2-s2.0-77149127725,Does public ownership of equity improve earnings quality?,kept,,,False,
3967,2-s2.0-54749133030,Brazil's sugar cane output growth: Current drivers and outlook,kept,,,False,
3968,2-s2.0-35048838973,Private enterprise growth and human capital productivity in India,kept,,,True,© 2007 by Baylor University.
3969,2-s2.0-84895371391,Sarbanes-oxley and the competitive position of U.S. stock markets,kept,,,True,"© 2009 Nova Science Publishers, Inc."
3970,2-s2.0-84882532786,Securitization and venture capital fundraising,kept,,,True,© 2007 Elsevier Inc. All rights reserved.
3971,2-s2.0-78650404972,"Wayward agents, dominant elite, or reflection of internal diversity? A critique of Folkman, Froud, Johal and Williams on financialisation and financial intermediaries",kept,,,True,© 2010 Taylor & Francis.
3972,2-s2.0-58049197981,The valuation of venture capital convertible preferred stock when equity claims are nested,kept,,,False,
3973,2-s2.0-80053382687,UK companies continue to push for growth in US,kept,,,False,
3974,2-s2.0-66249083830,How private is private equity and at what cost?,kept,,,False,
3975,2-s2.0-34447334164,"Chapter 6 Financing Greek Shipping: Modern Instruments, Methods and Markets",kept,,,True,© 2007 Elsevier Ltd. All rights reserved.
3976,2-s2.0-43949130473,Will our customers bail us out?,kept,,,False,
3977,2-s2.0-57749085560,"Relationships, corporate governance, and performance: Evidence from private placements of common stock",kept,,,True,© 2008 Elsevier B.V. All rights reserved.
3978,2-s2.0-84869993021,Private equity in wind: Developments in private equity,excluded,missing_abstract,,True,
3979,2-s2.0-51349129748,Surfwear is beached by credit crunch,kept,,,False,
3980,2-s2.0-52649083734,"Sovereign wealth funds, private equity funds, and financial markets",kept,,,False,
3981,2-s2.0-44949195889,Chemring plans to acquire Scot Inc,kept,,,False,
3982,2-s2.0-34948890054,"Transportation market is strong, but funding shortfalls remain",kept,,,False,
3983,2-s2.0-77956327521,The journal of private equity,excluded,missing_abstract,,True,
3984,2-s2.0-80053170198,Looking for growth: Defence mergers and acquisitions,kept,,,False,
3985,2-s2.0-77649283352,Private equity exit choice base on fuzzy optimization,kept,,,True,© 2009 IEEE.
3986,2-s2.0-36148930620,Do private equity CEOs deserve sympathy? [8],excluded,missing_abstract,,True,
3987,2-s2.0-34548523163,Was there too little entry during the Dot Com Era?,kept,,,True,© 2007 Elsevier B.V. All rights reserved.
3988,2-s2.0-70449589984,"Private equity and American labor: Multiple, pragmatic responses mirroring labor's strengths and weaknesses",kept,,,True,© Industrial Relations Society of Australia SAGE Publications Ltd.
3989,2-s2.0-70449589985,"The impact of private equity and buyouts on employment, remuneration and other HRM practices",kept,,,True,© Industrial Relations Society of Australia SAGE Publications Ltd.
3990,2-s2.0-64849100190,State of the Economy: A time of innovation and collaboration,kept,,,False,
3991,2-s2.0-68449089754,Funding retrofits: How private equity may be the solution,kept,,,False,
3992,2-s2.0-58649113188,Financial crisis: Effect on the M&A market and controls transactions,kept,,,False,
3993,2-s2.0-46049111215,Blackstone and ChemChina bid for agchem firm Nufarm,kept,,,False,
3994,2-s2.0-84933474730,Preface,kept,,,True,© Cambridge University Press 2010.
3995,2-s2.0-84992442904,Private equity finance: Rise and repercussions,kept,,,True,"© Jamie Morgan, 2009. All rights reserved."
3996,2-s2.0-57449104359,Arsenal to acquire Ferro's fine chemicals business,kept,,,False,
3997,2-s2.0-37549009159,Bidding on permanent mold,kept,,,False,
3998,2-s2.0-84858370683,Shareholder scuppers take-over bid for Stork,kept,,,False,
3999,2-s2.0-77950278382,Private equity syndicator choice base on grey assessment,kept,,,True,© 2009 IEEE.
4000,2-s2.0-66249117330,Shapeshifting corporations,kept,,,False,
4001,2-s2.0-85117871803,News in brief: North America: Canada: Three US firms...,kept,,,False,
4002,2-s2.0-27744585403,Commentary: Shining a light on refco,kept,,,False,
4003,2-s2.0-28244450881,The French correction,kept,,,False,
4004,2-s2.0-84960894044,Private equity investments in the banking industry - The case of Lone Star and Korea exchange bank,kept,,,True,"© Matthias Menke, Dirk Schiereck, 2007."
4005,2-s2.0-0036618109,Value acceleration: Lessons from private-equity masters,excluded,missing_abstract,,True,
4006,2-s2.0-69349106121,Rumors swell of Kappa Packaging sell-off,kept,,,False,
4007,2-s2.0-27844562273,Arsenal takes aim at specialties,kept,,,False,
4008,2-s2.0-33846545504,How do investment patterns of independent and captive private equity funds differ? Evidence from Germany,kept,,,True,© Swiss Society for Financial Market Research 2006.
4009,2-s2.0-33644644714,BSN Medical sold to equity investor,kept,,,False,
4010,2-s2.0-0346055440,Blackstone Offers to Buy Celanese in $3.8 Billion Deal,kept,,,False,
4011,2-s2.0-26444621430,Human resource strategies in post-WTO China,kept,,,True,"© 2005 Wiley Periodicals, Inc."
4012,2-s2.0-28244451841,NBGI private equity warms to £40m Superglass deal,kept,,,False,
4013,2-s2.0-84944543799,Crisis in technology: New business models for a new century,kept,,,True,"© 2005, Offshore Technology Conference."
4014,2-s2.0-25644449501,Startup funds go private,kept,,,False,
4015,2-s2.0-4544387683,M&A activity to break multi-year downtrend,kept,,,False,
4016,2-s2.0-22844441865,Atofina's sale of SigmaKalon may be close,kept,,,False,
4017,2-s2.0-1842477655,DS Smith to lead UK corrugating field with Linpac Containers acquisition,kept,,,False,
4018,2-s2.0-34247636257,Company news: ABG signs JV,kept,,,False,
4019,2-s2.0-0141716906,Private equity firms pile into paper,kept,,,False,
4020,2-s2.0-35448994745,Private equity in 2007,excluded,missing_abstract,,True,
4021,2-s2.0-33645543440,What kind of German biotechnology start-ups do venture capital companies and corporate investors prefer for equity investments?,kept,,,True,© 2006 Taylor & Francis.
4022,2-s2.0-0345393139,Shareholder revolt sparks rethink at Portucel,kept,,,False,
4023,2-s2.0-14844286097,On plan,kept,,,False,
4024,2-s2.0-0942288760,Menasha Sells Laminating Division,kept,,,False,
4025,2-s2.0-0038137424,"Innovation can boost your profits, says Nestlé boss",kept,,,False,
4026,2-s2.0-0141872450,Should One Use Leverage in a Private Equity Real Estate Portfolio?,excluded,missing_abstract,,True,
4027,2-s2.0-0242495819,Freedom ride ends with some symbolic truths,kept,,,False,
4028,2-s2.0-33847023961,Vertellus: Building on strengths. Private equity ownership funds new growth initiatives,kept,,,False,
4029,2-s2.0-23944518473,Exports buoy ThyssenKrupp's profit expectations,kept,,,False,
4030,2-s2.0-34848926035,Investing in nanotechnology,kept,,,False,
4031,2-s2.0-34147192727,Energy Forum. Tognum: New name in decentralized energy generation. Bundled competencies; [EnergieForum. Tognum: Neuer name in der dezentralen energieerzeugung. Kompetenzen gebündelt],kept,,,False,
4032,2-s2.0-25444486207,Risk management in Indian venture capital and private equity firms: A comparative study,kept,,,True,"© 2005 Wiley Periodicals, Inc."
4033,2-s2.0-2542488726,Ashland specialty takes conservative M&A strategy,kept,,,False,
4034,2-s2.0-33846295948,Private equity's next targets,excluded,missing_abstract,,True,
4035,2-s2.0-0037451363,Clondalkin talks up its chances,kept,,,False,
4036,2-s2.0-33748298776,Fad or future way of business? New owners in the paper industry,kept,,,False,
4037,2-s2.0-27644498478,Mulling private equity? Proceed with caution [1],excluded,missing_abstract,,True,
4038,2-s2.0-33847252414,Financing alternatives for Chinese small and medium enterprises: The case for a small and medium enterprise stock market,kept,,,True,"© 2007 Institute of World Economics and Politics, Chinese Academy of Social Sciences."
4039,2-s2.0-33845882009,Discounted private placements in New Zealand: Exploitation or fair compensation?,kept,,,True,"© 2006 World Scientific Publishing Co. and Center for Pacific Basin Business, Economics and Finance Research."
4040,2-s2.0-33749385827,Carlyle Group completes divestment of Stellex,kept,,,False,
4041,2-s2.0-18144383547,"Agency costs, institutions, learning, and taxation in venture capital contracting",kept,,,True,© 2004 Elsevier Inc. All rights reserved.
4042,2-s2.0-0038603017,Management buyouts and restructuring japanese corporations,kept,,,True,© 2003 Published by Elsevier Science Ltd.
4043,2-s2.0-5044219715,"The determinants of debt and (private) equity financing: The case of young, innovative SMEs from Germany",kept,,,True,© 2004 Taylor and Francis Ltd.
4044,2-s2.0-84891431214,Value creation in leveraged buyouts: Analysis of factors driving private equity investment performance,kept,,,True,"© Deutscher Universitäts-Verlag GWV Fachverlage GmbH, Wiesbaden 2006. Alle Rechte vorbehalten."
4045,2-s2.0-28244485965,Is private equity the gateway to riches for the ambitious print enterprise?,kept,,,False,
4046,2-s2.0-33846518274,Merck KGaA confirms generics sale; launches Merck Serono,kept,,,False,
4047,2-s2.0-0037018740,Smurfit Group gets bid approach,kept,,,False,
4048,2-s2.0-85048652245,American water sells FB Leopold to PNC equity partners,kept,,,True,© 2004 Elsevier Ltd. All rights reserved.
4049,2-s2.0-34547355928,Vistec builds on a foundation of talent,kept,,,False,
4050,2-s2.0-0037062265,U.S. Firm behind smurfit bid,kept,,,False,
4051,2-s2.0-85117742895,Business: Headlines: Investment plans show faith in PVC,kept,,,False,
4052,2-s2.0-23044454640,A new era opens up ahead of brenntag,kept,,,False,
4053,2-s2.0-1642585660,Gould buys UK merchant,kept,,,False,
4054,2-s2.0-84886823000,Managing investment risks of institutional private equity investors - The challenge of illiquidity,kept,,,True,© 2005 Springer Berlin · Heidelberg.
4055,2-s2.0-9144232113,MBOs are on the increase across Europe; [MBOs sind in Europa Allgemein im anstieg],kept,,,False,
4056,2-s2.0-18744404848,SFO of the year: Bradley Bell helping take Nalco public again,kept,,,False,
4057,2-s2.0-33847741049,"Ongoing company restructuring, higher paper prices on lower capacity were key issues last year for U.S. paper industry",kept,,,False,
4058,2-s2.0-33144475453,Year of the Dog: Will it be the industry's best friend?,kept,,,False,
4059,2-s2.0-0344444256,Compass Minerals Plans to Go Public,kept,,,False,
4060,2-s2.0-34547676614,The search for equity capital? Implications for women entrepreneurs,kept,,,True,Copyright © 2007 Inderscience Enterprises Ltd.
4061,2-s2.0-22944433846,Tank storage sector restructures,kept,,,False,
4062,2-s2.0-35548929749,Mercedes Benz - A classy partnership with suppliers,kept,,,False,
4063,2-s2.0-4143107825,Changes in Germany's financial system? Role and development of the venture capital market; [Finanzstandort Deutschland im Wandel? Rolle und entwicklung des risikokapitalmarktes],kept,,,False,
4064,2-s2.0-33644529700,The impact of the New Basel Capital Accord on real estate developers,kept,,,True,"© 2006, Emerald Group Publishing Limited"
4065,2-s2.0-85207394726,Governanace and performance of IPOs: The impact of private equity investors and legal institutions,kept,,,False,
4066,2-s2.0-77954527543,The privatisation process and evolving share ownership structure of Mainland China’s leading state-owned enterprises,kept,,,True,© Emerald Group Publishing Limited.
4067,2-s2.0-84859323968,Introducing ‘Economics and management of networks’,excluded,missing_abstract,,True,
4068,2-s2.0-13644249282,Institutional investment in rental housing in Australia: A policy framework and two models,kept,,,True,© 2005 The Editors of Urban Studies.
4069,2-s2.0-33847234299,M & A on the march,kept,,,False,
4070,2-s2.0-33749541442,Buy high,kept,,,False,
4071,2-s2.0-79953018805,Dependent or independent? The performance contribution of board members in Italian venturebacked firms,kept,,,False,
4072,2-s2.0-28944437179,Moderating effects of investor experience on the signaling value of private equity placements,kept,,,True,© 2005 Elsevier Inc. All rights reserved.
4073,2-s2.0-33748945180,Rising players in global fine chemicals,kept,,,False,
4074,2-s2.0-2542644048,Living with the legacy,kept,,,False,
4075,2-s2.0-85117432733,News in brief: Western Europe: Belgium: Private-equity group...,kept,,,False,
4076,2-s2.0-85210814873,Total loss risk in European versus U.S.-based venture capital investments,excluded,duplicate_doi,2-s2.0-84882527513,True,© 2007 Elsevier Inc. All rights reserved.
4077,2-s2.0-1442357388,Improving Portfolio Efficiency,kept,,,False,
4078,2-s2.0-0036850450,"Ovation Pharmaceuticals, Inc",kept,,,False,
4079,2-s2.0-22844438527,Paints and coatings: Working magic in a tricky market,kept,,,False,
4080,2-s2.0-34249681331,Managing financial risk and uncertainty: The case of venture capital and buy-out funds,kept,,,True,"© 2007 Wiley Periodicals, Inc."
4081,2-s2.0-0037464125,Private equity firms grab big stakes in public chem companies as stocks slide,kept,,,False,
4082,2-s2.0-84906164697,A comparison of small and medium sized enterprises in Europe and in the USA,kept,,,True,© 2002 ECMI. All rights reserved.
4083,2-s2.0-34547532352,Working for themselves? Capital market intermediaries and present day capitalism,kept,,,False,
4084,2-s2.0-11844260093,Goldman Sachs might auction Kappa,kept,,,False,
4085,2-s2.0-34547235045,The public face of private equity,kept,,,False,
4086,2-s2.0-34248584104,"Smurfit-stone sells boxboard, multiwall business",kept,,,False,
4087,2-s2.0-24644448305,Occupational choice and the private equity premium puzzle,kept,,,True,© 2004 Elsevier B.V. All rights reserved.
4088,2-s2.0-0037048374,MDP completes Smurfit takeover,kept,,,False,
4089,2-s2.0-1842730523,Takeover Troubles,kept,,,False,
4090,2-s2.0-34547373042,Competition in transition,kept,,,False,
4091,2-s2.0-29844457726,MTU sale could test German trade laws,kept,,,False,
4092,2-s2.0-17444417767,M&A accelerates in nutritional market,kept,,,False,
4093,2-s2.0-34249878721,The wage and employment effects of leveraged buyouts in the UK,kept,,,False,
4094,2-s2.0-29744442104,DaimlerChrysler sells heavy diesel engine unit to EQT,kept,,,False,
4095,2-s2.0-33750323327,Finance as a driver of corporate social responsibility,kept,,,True,© Springer 2006.
4096,2-s2.0-28444436608,Private equity's growing role in the generics industry,kept,,,True,© Henry Stewart Publications.
4097,2-s2.0-33846110406,Keeping the assets flowing,kept,,,False,
4098,2-s2.0-33751582543,A contextual analysis of income-and asset-based approaches to private equity valuation,kept,,,False,
4099,2-s2.0-33947645799,Private equity paranoia,excluded,missing_abstract,,True,
4100,2-s2.0-35548934158,ThorntonGroutFinnigan on the four driving forces in the North American auto industry,kept,,,False,
4101,2-s2.0-33747603436,Arrivederci to Avio,kept,,,False,
4102,2-s2.0-0346055479,Equity Funds Targeting Germany,kept,,,False,
4103,2-s2.0-33846507171,Evidence on private equity offering announcements: Strong and weak firms' pooling versus separation,kept,,,True,© 2006 Elsevier Inc. All rights reserved.
4104,2-s2.0-33746060501,M&A : Stirring up new deals,kept,,,False,
4105,2-s2.0-17044393512,Profile of Klopman International: European leader in polyester/cotton workwear,kept,,,True,© Textiles Intelligence Limited.
4106,2-s2.0-10444250336,Private equity: Capitalism's new kings,excluded,missing_abstract,,True,
4107,2-s2.0-27544513093,Analyzing real estate portfolio returns,kept,,,False,
4108,2-s2.0-34250203214,Private equity funds - Don't knock 'em,excluded,missing_abstract,,True,
4109,2-s2.0-33646421635,Süd-chemie: Growing independently,kept,,,False,
4110,2-s2.0-33644983201,New ownership at Benninger Textile Systems,kept,,,False,
4111,2-s2.0-33750981518,Consortium buys Tatra,kept,,,False,
4112,2-s2.0-80054876519,QinetiQ expands US business with IT company purchase,kept,,,False,
4113,2-s2.0-34248391444,Engineering with a passion,kept,,,False,
4114,2-s2.0-33749612106,Government policy towards entrepreneurial finance: Innovation investment funds,kept,,,True,© 2006 Elsevier Inc. All rights reserved.
4115,2-s2.0-0037451276,Blinkered visions,kept,,,False,
4116,2-s2.0-33947129761,Icahn: On activist investors and private equity run wild [1],excluded,missing_abstract,,True,
4117,2-s2.0-33645771491,Auto industry shakeout continues ...and will Jones apparel go private?,kept,,,False,
4118,2-s2.0-33645940286,The prospects for medical technology in the next decade,kept,,,True,© 2005 Renata G. Bushko. All rights reserved.
4119,2-s2.0-33846959514,Performance differentiation: Cutting losses and maximizing profits of private equity and venture capital investments,kept,,,True,© Swiss Society for Financial Market Research 2007.
4120,2-s2.0-27744453277,Japan: Let's not make a deal,kept,,,False,
4121,2-s2.0-39449131917,Combined-cycle technologies: Stressed merchant industry hopes for better days,kept,,,False,
4122,2-s2.0-27744558152,Withdrawal pain,kept,,,False,
4123,2-s2.0-30744433101,Wave chaser,kept,,,False,
4124,2-s2.0-34247880484,cw75 Stock performance,kept,,,False,
4125,2-s2.0-33746039700,Will M&A stay on the boil?,kept,,,False,
4126,2-s2.0-34250830147,Private equity investments beyond earth orbits: Can space exploration be the new frontier for private investments?,kept,,,False,
4127,2-s2.0-0037157644,Madison Dearborn buys JSG,kept,,,False,
4128,2-s2.0-36049029378,Going global in Leeds,kept,,,False,
4129,2-s2.0-33748440600,Going private,kept,,,False,
4130,2-s2.0-84967432013,"Private equity, corporate governance and the dynamics of capital market regulation",kept,,,True,© 2007 by Imperial College Press. All rights reserved.
4131,2-s2.0-85030593551,Angstrom closes US$18m financing round,kept,,,False,
4132,2-s2.0-33747774838,"Idiosyncratic production risk, growth and the business cycle",kept,,,True,© 2006 Elsevier B.V. All rights reserved.
4133,2-s2.0-33846974939,Is it the law or the lawyers? Investment covenants around the World,kept,,,True,© 2006 The Authors Journal compilation © 2006 Blackwell Publishing Ltd.
4134,2-s2.0-20444462769,Start-up size: The role of external financing,kept,,,True,© 2005 Elsevier B.V. All rights reserved.
4135,2-s2.0-85117430874,USA: Pipeline sale,kept,,,False,
4136,2-s2.0-33744505095,"Venture capitalists, syndication and governance in initial public offerings",kept,,,True,© Springer 2006.
4137,2-s2.0-33644551243,New players at the table,kept,,,False,
4138,2-s2.0-18944369743,The value relevance of financial statements in the venture capital market,kept,,,False,
4139,2-s2.0-33745737469,The metacatalyst: The right role for private equity in the Water Industry,excluded,missing_abstract,,True,
4140,2-s2.0-27244432879,The choice between rights offerings and private equity placements,kept,,,True,© 2005 Elsevier B.V. All rights reserved.
4141,2-s2.0-31944449639,Venture capital in central and eastern Europe - Slovakian case,kept,,,False,
4142,2-s2.0-10044265293,Chemical industry M&A activity surges,kept,,,False,
4143,2-s2.0-1842780964,"Clout, Incorporated",kept,,,False,
4144,2-s2.0-33750854123,Private equity at its most private,excluded,missing_abstract,,True,
4145,2-s2.0-0037179364,More JSG shareholders join in backing Madison Dearborn acquisition offer,kept,,,False,
4146,2-s2.0-34848847182,The consolidation train rolls on,kept,,,True,© 2007 Elsevier Ltd. All rights reserved.
4147,2-s2.0-32344453770,Private equity wants to stay that way,excluded,missing_abstract,,True,
4148,2-s2.0-31844437914,KKR considers divestment of MTU Aero Engines stake,kept,,,False,
4149,2-s2.0-34250632834,The supply side,kept,,,False,
4150,2-s2.0-33748691798,Why some private equity firms do better than others,excluded,missing_abstract,,True,
4151,2-s2.0-14744299026,Prospect partners anoints knight: Private equity firm looks to grow niche leaders,kept,,,False,
4152,2-s2.0-33748808222,Perspectives from the council of micro finance equity funds,kept,,,False,
4153,2-s2.0-33745816034,The hierarchical cognitive structure of entrepreneur motivation toward private equity financing,kept,,,False,
4154,2-s2.0-85117536901,"News in brief: United Kingdom: Ensus, backed by...",kept,,,False,
4155,2-s2.0-34547605907,The outlook for global M & A activity,kept,,,False,
4156,2-s2.0-27144540935,The printing industry can capitalise on interest from private equity investors,excluded,missing_abstract,,True,
4157,2-s2.0-22844431872,Financial services: Chemical firms have a smaller role in M&A,kept,,,False,
4158,2-s2.0-33947244923,"Smart institutions, foolish choices: The limited partner performance puzzle",kept,,,True,© 2007 by The American Finance Association.
4159,2-s2.0-34547317280,South Central supply crisis continues on the Westside; Eastside prices begin to slip on over-full inventories,kept,,,False,
4160,2-s2.0-84888894303,Beyond Junk Bonds: Expanding High Yield Markets,kept,,,True,"© 2003 by Oxford University Press, Inc. All rights reserved."
4161,2-s2.0-34248585749,Fairness opinions in health care transactions - Cause and effect: The emergence of private equity funds as a driving force in big and small transactions and the resulting increased use of fairness opinions,kept,,,True,"© 2007 Aspen Publishers, Inc."
4162,2-s2.0-34247559136,Europe's womb: Nurturing technology businesses,kept,,,False,
4163,2-s2.0-33645134878,KKR sells stake in German aero-engine manufacturer,kept,,,False,
4164,2-s2.0-33645644551,A new business strategy for startup biotechnology firms,kept,,,False,
4165,2-s2.0-0037055685,Ireland's High Court to hear from JSG,kept,,,False,
4166,2-s2.0-0037099101,MDP launches JSG bid,kept,,,False,
4167,2-s2.0-31144465773,Liquidity risk and venture capital finance,kept,,,False,
4168,2-s2.0-19644382014,PAI buys Chr. Hansen's food ingredients unit,kept,,,False,
4169,2-s2.0-33645919292,Part 2: Key trends impacting the water business,kept,,,False,
4170,2-s2.0-27644503511,PCG Capital Partners invests in Lincoln paper and tissue,kept,,,False,
4171,2-s2.0-22944434887,Private equity: Pouring funds into chemicals,kept,,,False,
4172,2-s2.0-25444488000,"Almatis, building on a tradition of solutions",kept,,,False,
4173,2-s2.0-20444433616,Boise Cascade cancels IPO,kept,,,False,
4174,2-s2.0-34547362298,Telecom's buyout future,kept,,,False,
4175,2-s2.0-32944481526,The use of bootstrapping by women entrepreneurs in positioning for growth,kept,,,False,
4176,2-s2.0-33748295535,Venture capital in Latin America: Evolution and prospects in Chile,kept,,,True,Copyright © 2006 Inderscience Enterprises Ltd.
4177,2-s2.0-33645036564,Medical nanotechnology in the UK: A perspective from the London Centre for Nanotechnology,kept,,,True,© 2006 Elsevier Inc. All rights reserved.
4178,2-s2.0-33748295533,The venture capital scenario in India,kept,,,True,Copyright © 2006 Inderscience Enterprises Ltd.
4179,2-s2.0-33845284535,New projects: Ensus to build huge biofuels unit in UK,kept,,,False,
4180,2-s2.0-84860981686,MTU's new owner eases concerns,kept,,,False,
4181,2-s2.0-0141890048,Suez Sells Nalco to Private Equity Firms for $4.35 Billion,kept,,,False,
4182,2-s2.0-34547419726,Stork NV announces take-over talks with Candover,kept,,,False,
4183,2-s2.0-33748678690,Baby steps to a profitable to a future,kept,,,False,
4184,2-s2.0-35549010167,"Investors seek defensible positions, reliable cash flows",kept,,,False,
4185,2-s2.0-0037653717,Signaling through private equity placements and its impact on the valuation of biotechnology firms,kept,,,True,© 2002 Elsevier Science Inc. All rights reserved.
4186,2-s2.0-21644439056,Wermland Paper takes shape,kept,,,False,
4187,2-s2.0-33646548270,Crowding out private equity: Canadian evidence,kept,,,True,© 2006 Elsevier Inc. All rights reserved.
4188,2-s2.0-33744549357,Togetherness,kept,,,False,
4189,2-s2.0-15544363619,Pulp and paper assets under new management,kept,,,False,
4190,2-s2.0-33749172157,Top Asian companies,kept,,,False,
4191,2-s2.0-34547268909,"Paris Air Show: Defence and aerospace sectors facing 'onslaught' of private equity funding, says US dealmaker",kept,,,False,
4192,2-s2.0-85085587817,Private equity investors: Getting out,excluded,missing_abstract,,True,
4193,2-s2.0-79751472519,Blazing his own trail,kept,,,False,
4194,2-s2.0-20644442002,Cory sale fuels exel bid gossip,kept,,,False,
4195,2-s2.0-85207395899,Ubiquitous email: Individual experiences and organizational consequences of BlackBerry use,kept,,,False,
4196,2-s2.0-33846179005,Uninsured idiosyncratic investment risk and aggregate saving,kept,,,True,© 2006 Elsevier Inc. All rights reserved.
4197,2-s2.0-34249673392,Liquidity feeds the rumor mill,kept,,,False,
4198,2-s2.0-34250883269,Plane thinking,kept,,,False,
4199,2-s2.0-22844441415,Management buyout Lures Backers eyeing UV-EB,kept,,,False,
4200,2-s2.0-35448980705,India is awash in private equity,excluded,missing_abstract,,True,
4201,2-s2.0-34447250545,Hospitals and health systems: The best of times and the worst of times,kept,,,True,"© 2006 Aspen Publishers, Inc."
4202,2-s2.0-18344387175,M&A creates new coatings forces,kept,,,False,
4203,2-s2.0-16244421367,Private equity - Clubby capitalism,excluded,missing_abstract,,True,
4204,2-s2.0-84904372904,Raising Entrepreneurial Capital,kept,,,True,© 2004 Elsevier Inc. All rights reserved.
4205,2-s2.0-21644439366,Nekoosa Coated buys Wisconsin carbonless unit for $17 million,kept,,,False,
4206,2-s2.0-14244269859,Supplier shuffle,kept,,,False,
4207,2-s2.0-33845952614,"New owners, same strategy",kept,,,False,
4208,2-s2.0-20444472001,Bolder Capital acquires Mid-America Recycling,kept,,,False,
4209,2-s2.0-16544393742,Private equity groups take an interest in home health.,excluded,missing_abstract,,True,
4210,2-s2.0-2942715170,Fuels & fueling: Changes in midstream,kept,,,False,
4211,2-s2.0-33745414529,Analysis: Solar gets boost,kept,,,False,
4212,2-s2.0-8744297053,"Contracting, monitoring, and exiting venture investments in transitioning economies: A comparative analysis of Eastern European and German markets",kept,,,False,
4213,2-s2.0-34247466897,Deals are re-shaping the forest & paper industry,kept,,,False,
4214,2-s2.0-22944488899,Distribution: A long road to profitability,kept,,,False,
4215,2-s2.0-0142039096,Staying on top?,kept,,,False,
4216,2-s2.0-33947356677,Looking for venture capital firms,kept,,,False,
4217,2-s2.0-33748306324,Carlyle/Civen deal stirs debate on foreign private equity in Europe's defence industries,kept,,,False,
4218,2-s2.0-10944237195,Munksjö rumors denied,kept,,,False,
4219,2-s2.0-2942618829,Rockwood triples its size through acquisition,kept,,,False,
4220,2-s2.0-48249137773,CorrOcean ASA acquires Roxar AS,kept,,,False,
4221,2-s2.0-33645084536,Equity specialist snaps up MTU,kept,,,False,
4222,2-s2.0-33644747254,"MTU, DDC off-highway sold... Kohler buys SDMO... MEC adds Volvo telehandler... JLG reopens Bedford",kept,,,False,
4223,2-s2.0-33947398076,Selling your company: Seven common pitfalls that produce failure-Part 1. Dispelling erroneous beliefs of middle-market business owners,kept,,,False,
4224,2-s2.0-24644439208,Break-up of Carter Holt Harvey seen after IP sells stake for $1.16 billion,kept,,,False,
4225,2-s2.0-33750377746,When inks go global,kept,,,False,
4226,2-s2.0-34250306685,The new bosses: With Hugo Boss private equity reaches for a pearl of this industry. The finance investors change the fashion business; [Die Neuen Bosse: Private Equity Greift mit Hugo Boss nach einer Perle Dieser Branche. Die Finanzinvestoren Verändern das Modebusiness],excluded,missing_abstract,,True,
4227,2-s2.0-0037206332,Court approves Smurfit deal,kept,,,False,
4228,2-s2.0-33746333827,"International Paper to shut, sell, or expand ten mills accounting for 14 million tons pulpwood, one-third its total",kept,,,False,
4229,2-s2.0-34547372915,Learn the lessons of private equity,kept,,,False,
4230,2-s2.0-27744590463,Slovakia's final five shortlisted,kept,,,False,
4231,2-s2.0-34247559694,Private placements of common equity and the industry rival response,kept,,,False,
4232,2-s2.0-23844445197,Executive compensation,kept,,,False,
4233,2-s2.0-0036607804,Soros may join bid for Jefferson Smurfit,kept,,,False,
4234,2-s2.0-6344293970,New money,excluded,missing_abstract,,True,
4235,2-s2.0-1242265416,Strategic benefits to firms issuing private equity placements,kept,,,True,"Copyright © 2003 John Wiley & Sons, Ltd."
4236,2-s2.0-33645687320,Hercules to sell majority stake in FiberVisions to SPG Partners,kept,,,False,
4237,2-s2.0-0036620924,Group buys Smurfit; To spin off Smurfit-Stone,kept,,,False,
4238,2-s2.0-33644513077,The locusts have landed; [Die Heuschrecken sind gelandet],kept,,,False,
4239,2-s2.0-2042442447,DS Smith buys Linpac unit,kept,,,False,
4240,2-s2.0-42149156004,Private equity for small firms: A conceptual model of adaptation versus standardisation strategy,kept,,,True,"© 2006, Inderscience Publishers."
4241,2-s2.0-33645564951,Venture-backed private equity valuation and financial statement information,kept,,,True,"© Springer Science+Business Media, Inc. 2006."
4242,2-s2.0-34547250222,Candover bids EUR1.46 billion for Stork,kept,,,False,
4243,2-s2.0-29644446933,Koch first wanted G-P without tissue unit; equity firm also made early offer,kept,,,False,
4244,2-s2.0-2442669381,American Water sells F B Leopold to private equity company,excluded,missing_abstract,,True,
4245,2-s2.0-33745328147,Convergence and divergence: Blurring the lines between hedge funds and private equity funds,excluded,missing_abstract,,True,
4246,2-s2.0-0242267346,The private equity market in the USA: Lessons from volatility,kept,,,False,
4247,2-s2.0-0038449208,Buyers eye Linpac packaging assets,kept,,,False,
4248,2-s2.0-23844552466,Ownership changes in Mexico's ITA,kept,,,True,© 2005 Jane's Information Group. All rights reserved.
4249,2-s2.0-34547285684,Tech appeal lures private equity to ponder big deals,kept,,,False,
4250,2-s2.0-85009037179,Montagu agrees on Linpac takeover,kept,,,False,
4251,2-s2.0-33749632310,The legislative road to Silicon Valley,kept,,,True,© 2006 Oxford University Press.
4252,2-s2.0-9644262321,Hedging your bets: Alternative investments such as hedge funds and private equity vehicles belong in your portfolio,excluded,missing_abstract,,True,
4253,2-s2.0-0038463878,Corporate objectives - Maximizing social versus private equity,excluded,missing_abstract,,True,
4254,2-s2.0-35548993611,"Private equity's footprint in the auto industry is likely to grow, says new AlixPartners study",kept,,,False,
4255,2-s2.0-22544450810,Matlin Patterson hopes to take over M&F,kept,,,False,
4256,2-s2.0-38849089989,Privatising the public sector: A comparative perspective,kept,,,True,© 2007 Sage Publications India Pvt. Ltd.
4257,2-s2.0-35448998128,Plante & moran,kept,,,False,
4258,2-s2.0-25844441548,Under new ownership: Reasons for putting your business up for sale,kept,,,False,
4259,2-s2.0-33645666656,Barry siadat,excluded,missing_abstract,,True,
4260,2-s2.0-34247138262,Tax attack on private equity,excluded,missing_abstract,,True,
4261,2-s2.0-22944489882,Recovery is in the air: But Europe lags growth in China,kept,,,False,
4262,2-s2.0-0038495557,Sustaining venture creation from industrial laboratories,kept,,,False,
4263,2-s2.0-5144220031,Equity investors go shopping,kept,,,False,
4264,2-s2.0-33846015060,JF Lehman closes offerings above target,kept,,,False,
4265,2-s2.0-33644789193,The practice of investment valuation in emerging markets: Evidence from Argentina,kept,,,True,© 2005 Elsevier B.V. All rights reserved.
4266,2-s2.0-29844452900,Spreadsheet jockeys,kept,,,False,
4267,2-s2.0-10944227263,"DDC to build new engine in michigan ... donaldson, stanadyne in filter deal ... BorgWarner buys more of beru... alfa laval, haldex ink venture",kept,,,False,
4268,2-s2.0-33846510872,Private equity repellent,excluded,missing_abstract,,True,
4269,2-s2.0-23844553565,Alterra confirms Cyprus structure,kept,,,True,© 2005 Jane's Information Group. All rights reserved.
4270,2-s2.0-34247528232,Amazing viewpoints or - Denial is not just a river in Egypt,kept,,,False,
4271,2-s2.0-3142701376,Women entrepreneurs securing business angel financing: Tales from the field,kept,,,True,© 2004 Taylor & Francis Ltd.
4272,2-s2.0-33746315103,AZ electronic materials aims high: Building on market leadership after private equity takeover,kept,,,False,
4273,2-s2.0-3142688197,Eager investors eye papers,kept,,,False,
4274,2-s2.0-22844435730,Debt markets heat up as banks tighten credit terms,kept,,,False,
4275,2-s2.0-33748324484,Self-regulation in European venture capital and private equity markets,kept,,,True,Copyright © 2006 Inderscience Enterprises Ltd.
4276,2-s2.0-79959884439,Private equity: The leveraged buyout model revisited with a dash of clustering,kept,,,True,"© Authors, 2007."
4277,2-s2.0-24344480425,European defence protectionism in the spotlight,kept,,,False,
4278,2-s2.0-23044451824,Specialty chemicals: Trying to attract investors' attention,kept,,,False,
4279,2-s2.0-33646233662,The difficulties of financing innovation in Europe,kept,,,True,Copyright © 2006 Inderscience Enterprises Ltd.
4280,2-s2.0-85034002633,Outlook bleak for technology investment in Europe,kept,,,False,
4281,2-s2.0-22944467185,Private equity takes root,excluded,missing_abstract,,True,
4282,2-s2.0-20744445200,Thilmany new name for former IP industrial papers business,kept,,,False,
4283,2-s2.0-0041511938,Venture capital financing and the growth of startup firms,kept,,,True,© 2003 Elsevier Science Inc. All rights reserved.
4284,2-s2.0-22944450860,"Kohlberg buying Cellu Tissue for $276 million, combining with Thilmany",kept,,,False,
4285,2-s2.0-17144413777,IP sells industrial paper business for $180 million,kept,,,False,
4286,2-s2.0-33745313500,Big shoes to fill,kept,,,False,
4287,2-s2.0-27844481975,A blow to public investing: Reforming the system of private equity fund disclosures,kept,,,False,
4288,2-s2.0-85049287872,Going public or private? the role of patent portfolio in equity financing for biotechnology startups,kept,,,False,
4289,2-s2.0-84858091350,"Paris Air Show: Defence and aerospace sectors facing 'onslaught' of private equity funding, says US dealmaker",kept,,,False,
4290,2-s2.0-33845247774,Public scorn for private equity,excluded,missing_abstract,,True,
4291,2-s2.0-27744471187,Germany: Not all takeovers are bad,kept,,,False,
4292,2-s2.0-30344486972,Enter stage left: The new energy merchants,kept,,,True,© 2005 Elsevier Inc. All rights reserved.
4293,2-s2.0-20444503303,Indian firm buys Novus Fine Chemicals,kept,,,False,
4294,2-s2.0-42449088660,Utility deal hailed as turning point in global warming battle,kept,,,False,
4295,2-s2.0-33750419054,Private equity investment,excluded,missing_abstract,,True,
4296,2-s2.0-84923471784,How private equity and hedge funds are driving M&A,kept,,,True,"© 2007 Wiley Periodicals, Inc. © 2007 Wiley Periodicals, Inc."
4297,2-s2.0-1442339123,"Under new management. Two private equity firms acquire design, building giant Marshall Erdman.",excluded,missing_abstract,,True,
4298,2-s2.0-0742320686,PCI III buys two Pettersson plants in Sweden,kept,,,False,
4299,2-s2.0-13844272053,"Research is an investment, not an expense",kept,,,True,© 2004 Published by Elsevier B.V.
4300,2-s2.0-0040080308,The returns to entrepreneurial investment: A private equity premium puzzle?,kept,,,False,
4301,2-s2.0-4043159066,Apollo management to take UAP holding public in $736 million offering,kept,,,False,
4302,2-s2.0-84888485300,Why People Don't Choose Private Pensions: The Impact of ‘Contagion’,kept,,,True,© 2003 SAGE Publications.
4303,2-s2.0-84860976289,Lehman buys stake in Spain's Sener Aeronautica,kept,,,False,
4304,2-s2.0-54249129963,Baby boomers: Taking advantage of a cash-flush market,kept,,,False,
4305,2-s2.0-22944461742,"Syngenta, Clariant sell fine chemicals stakes",kept,,,False,
4306,2-s2.0-0037158004,Rival pulls out of race for Smurfit,kept,,,False,
4307,2-s2.0-27144489976,Editorial introduction: Managing growth - The role of private equity,excluded,missing_abstract,,True,
4308,2-s2.0-35448977633,Affiliate of Cerberus to acquire 80.1% equity interest in new company Chrysler Holding LLC; DaimlerC,kept,,,False,
4309,2-s2.0-14744280223,Just what is a recapitalization?,kept,,,False,
4310,2-s2.0-20044373104,OHB to buy MAN unit,kept,,,False,
4311,2-s2.0-34147193267,Private equity vs. China,excluded,missing_abstract,,True,
4312,2-s2.0-22944466080,Private equity firm buys Alcoa's specialty chemicals,kept,,,False,
4313,2-s2.0-23044507615,M&A outlook: Mixed signals ahead,kept,,,False,
4314,2-s2.0-22844444580,Private equity firm to commercialize Agronix waste-to-fertilizer technology,kept,,,False,
4315,2-s2.0-33845222017,"Delivering nanotechnology to the healthcare, IT and environmental sectors - A perspective from the 'London centre for nanotechnology'",kept,,,True,"© Springer Science+Business Media, Inc. 2006."
4316,2-s2.0-22844447973,Noveon tests the IPO waters,kept,,,False,
4317,2-s2.0-33749171697,Private equity,kept,,,False,
4318,2-s2.0-33745773507,Eurosatory 2006: Carlyle Group linked with L-3 Communications,kept,,,False,
4319,2-s2.0-11844262703,Mergers & acquisitions in the coatings industry,kept,,,False,
4320,2-s2.0-84860976394,"Poland, Spain protest low bid for Iraqi army deal",kept,,,False,
4321,2-s2.0-22944481166,C6 Solutions: Making a new start,kept,,,False,
4322,2-s2.0-24944533038,Understanding the positive announcement effects of private equity placements: New insights from Hong Kong data,kept,,,True,© Springer 2005.
4323,2-s2.0-84891391324,Private equity exits: Divestment process management for leveraged buyouts,kept,,,True,© Springer-Verlag Berlin Heidelberg 2007. All rights are reserved.
4324,2-s2.0-17444424982,"Like an initial public offer, but easier; [""Wie ein Börsengang, nur einfacher""]",kept,,,False,
4325,2-s2.0-33947156227,"Looks great on paper, but",kept,,,False,
4326,2-s2.0-84861252883,DaimlerChrysler halts sale of MTU Friedrichshafen,kept,,,False,
4327,2-s2.0-28144431804,Institutional complementarities and entrepreneurial finance in emerging markets: Evidence from the Middle East and North Africa,kept,,,False,
4328,2-s2.0-1642321063,Investment firm buys Ampad for $80 million,kept,,,False,
4329,2-s2.0-27644470022,A dynamic boolean model of roll-over financing for residential real estate development in China,kept,,,False,
4330,2-s2.0-34547360657,U.S. private equity funds making cross-border investments - Primary tax considerations,excluded,missing_abstract,,True,
4331,2-s2.0-33947631941,After the departure announcement from AXA Private Equity - The Vivarte Group puts an eye on the Camaïeu chain; [Après l'annonce du départ d'axa private equity le groupe Vivarte lorgne vers la chaîne Camaïeu],excluded,missing_abstract,,True,
4332,2-s2.0-1442332528,"Institutional shareholders, private equity, and antitakeover protection at the IPO stage",excluded,missing_abstract,,True,
4333,2-s2.0-84881541169,Private equity hotel investments,kept,,,True,"© 2007, Emerald Group Publishing Limited"
4334,2-s2.0-24944561639,A private equity view of the North Sea,excluded,missing_abstract,,True,
4335,2-s2.0-85118089894,Australia: Basell Australia free to buy Qenos' PP,kept,,,False,
4336,2-s2.0-77956313503,Equity with warrants in private placements,kept,,,True,© 2007 Blackwell Publishing Ltd.
4337,2-s2.0-23944490187,The promotion of investment alliances by the World Bank: Implications for national health policy,kept,,,True,Copyright © 2005.
4338,2-s2.0-75649127319,Valuation of private companies by estonian private equity and venture capitalists,kept,,,True,© Emerald Group Publishing Limited.
4339,2-s2.0-24944445546,More propulsion by new investors,kept,,,False,
4340,2-s2.0-9544227396,Divest to survive,kept,,,False,
4341,2-s2.0-1942519740,SCA acquires Asian hygiene products business,kept,,,False,
4342,2-s2.0-33947285707,Private equity goes public,excluded,missing_abstract,,True,
4343,2-s2.0-46449132364,An analysis of the innovative financial support of space-defense investments,kept,,,True,© 2007 IEEE.
4344,2-s2.0-4544352944,Satcom uptick,kept,,,False,
4345,2-s2.0-33847222506,Rhone capital acquires arizona chemical,kept,,,False,
4346,2-s2.0-34249732568,Cell therapy--back on the up-curve. Interview with Paul Kemp by Elisa Manzotti.,kept,,,False,
4347,2-s2.0-27744497397,Tech deals are taking off again,kept,,,False,
4348,2-s2.0-35448993296,"Private equity, private lives",excluded,missing_abstract,,True,
4349,2-s2.0-32944475450,CAPM-based valuation of financial government supports to infeasible and risky private infrastructure projects,kept,,,True,© ASCE.
4350,2-s2.0-33845615800,Markets: Allografts retain importance: HealthPoint Capital reports on allograft market,kept,,,False,
4351,2-s2.0-0036824957,Markets and industry venture capital and economic growth: An industry overview and Singapore's experience,kept,,,False,
4352,2-s2.0-33746729469,MTU aero engines sees earnings rise in 2006,kept,,,False,
4353,2-s2.0-23844514848,Equity group buys major stake in global airport retailer,kept,,,True,© 2005 Jane's Information Group. All rights reserved.
4354,2-s2.0-84889833225,Portfolio strategies of private equity firms: Theory and evidence,kept,,,True,"© Deutscher Universitäts-Verlag | GWV Fachverlage GmbH, Wiesbaden 2007."
4355,2-s2.0-84902022331,ERM Strategies for Investors,kept,,,True,© 2006 Elsevier Inc. All rights reserved.
4356,2-s2.0-33846484928,What private equity boom?,excluded,missing_abstract,,True,
4357,2-s2.0-22844453123,Distribution: Assets for sale: But who will buy?,kept,,,False,
4358,2-s2.0-33749405287,Bidders eye London airport,kept,,,False,
4359,2-s2.0-22944454192,Financing chemicals: Public markets open up,kept,,,False,
4360,2-s2.0-85172229917,Fund Investing: What to Ask for and How to Ask for It,excluded,missing_abstract,,True,
4361,2-s2.0-3142748281,Do business angels have an entrepreneurial orientation?,kept,,,True,© 2004 Taylor & Francis Ltd.
4362,2-s2.0-34249674061,Evaluating the boundaries of SEC regulation,kept,,,True,© 2007 Elsevier B.V. All rights reserved.
4363,2-s2.0-22844440067,Driving past a truckload of issues,kept,,,False,
4364,2-s2.0-14744270417,Automotive market revs up,kept,,,False,
4365,2-s2.0-2442603616,Entrepreneurs' access to private equity in China: The role of social capital,kept,,,False,
4366,2-s2.0-33749674554,Private equity: A bid too far?,excluded,missing_abstract,,True,
4367,2-s2.0-33745802552,Making waves,kept,,,False,
4368,2-s2.0-85210872176,Capital structure in new technology-based firms: Venture capital-backed versus non-venture capital-backed firms in the Irish software sector,excluded,duplicate_doi,2-s2.0-84882471763,True,© 2007 Elsevier Inc. All rights reserved.
4369,2-s2.0-17744377219,MeadWestvaco to sell paper business,kept,,,False,
4370,2-s2.0-22544435840,M&A continues in adhesives and sealants,kept,,,False,
4371,2-s2.0-33847726557,Huntsman: Buyer or seller?,kept,,,False,
4372,2-s2.0-0037014863,JSG shareholders approve,kept,,,False,
4373,2-s2.0-27644577975,Resolving the nightmare of performance reporting and portfolio management - A web based approach,kept,,,True,"Copyright 2005, Society of Petroleum Engineers Inc."
4374,2-s2.0-0242690309,"Morphine liposomal - SkyePharma. C 0401, D 0401, morphine - DepoFoam, SKY 0401",kept,,,False,
4375,2-s2.0-34447303058,Tapping private equity. More providers hope to join the party.,excluded,missing_abstract,,True,
4376,2-s2.0-34047236125,Industrial biotechnology policy agenda for Europe,kept,,,False,
4377,2-s2.0-15744372730,Portugal receives one offer for portucel tejo,kept,,,False,
4378,2-s2.0-30544455030,Assessing venture capital returns for efficient investing in nanotechnology,kept,,,False,
4379,2-s2.0-33645151782,Kohlberg Kravis Roberts sells final MTU stake,kept,,,False,
4380,2-s2.0-1642341092,Chemical mergers and acquisitions activity heats up as financial buyers converge on sector,excluded,missing_abstract,,True,
4381,2-s2.0-77951797615,The elephant in the room,kept,,,False,
4382,2-s2.0-25844521528,North star,kept,,,False,
4383,2-s2.0-33845610579,Branding power a focus at forum,kept,,,False,
4384,2-s2.0-33748307718,Finmeccanica/Carlyle sell Avio to Cinven,kept,,,False,
4385,2-s2.0-84881811186,"Private equity investors, corporate governance and professionalization",excluded,missing_abstract,,True,
4386,2-s2.0-33747056374,TPG equity firm takes a close look at Field Container after buying Smurfit-Stone Container's consumer packaging unit,kept,,,False,
4387,2-s2.0-0037355895,An institutional view of China's venture capital industry: Explaining the differences between China and the West,kept,,,True,© 2002 Published by Elsevier Science Inc. All rights reserved.
4388,2-s2.0-33749566297,Peninsula push,kept,,,False,
4389,2-s2.0-4243142813,S.F. Examiner moves to free,kept,,,False,
4390,2-s2.0-28744452676,Investor overoptimism and private equity placements,kept,,,False,
4391,2-s2.0-13244253747,"Regional capital markets, decentralized financial centers and the provision of equity to SMEs - An institutional analysis of the German and British financial systems; [Regionale Kapitalmärkte, dezentrale Finanzplätze und die Eigenkapitalversorgung kleinerer Unternehmen - Eine institutionell orientierte Analyse am Beispiel Deutschlands und Großbritanniens]",kept,,,True,"© Franz Steiner Verlag Wiesbaden GmbH, Sitz Stuttgart."
4392,2-s2.0-26444620195,The vultures lie in wait,kept,,,False,
4393,2-s2.0-32544447044,The growing role of private equity in the water industry,excluded,missing_abstract,,True,
4394,2-s2.0-1342311692,Entrepreneurial finance: An overview of the issues and evidence,kept,,,True,© 2003 Elsevier B.V. All rights reserved.
4395,2-s2.0-22944478363,M&A: Chemical companies test the M&A waters again,kept,,,False,
4396,2-s2.0-34247189641,Happy days here again,kept,,,False,
4397,2-s2.0-29144497205,Private equity looks to differentiate,excluded,missing_abstract,,True,
4398,2-s2.0-22844437633,How to prepare divestment financials,kept,,,False,
4399,2-s2.0-31844449335,"UK gains power to block ""unacceptable"" investments in QinetiQ",kept,,,False,
4400,2-s2.0-1542402022,The illiquidity puzzle: Theory and evidence from private equity,kept,,,True,© 2003 Elsevier B.V. All rights reserved.
4401,2-s2.0-84901178634,The role of private equity in the development of capital markets,excluded,missing_abstract,,True,
4402,2-s2.0-22844437636,Cognis follows the 'wellness' trend,kept,,,False,
4403,2-s2.0-35548997128,Will private equity and hedge funds replace real estate in mixed-asset portfolios? Not likely,kept,,,False,
4404,2-s2.0-33847767124,The politics of private equity funds [1],excluded,missing_abstract,,True,
4405,2-s2.0-33751369862,Private equity changes face of chemical landscape,kept,,,False,
4406,2-s2.0-29844438186,"Private vices, public clowning",kept,,,False,
4407,2-s2.0-15544376362,Does legal enforcement affect financial transactions? The contractual channel in private equity,kept,,,True,© 2005 by the President and Fellows of Harvard College and the Massachusetts Institute of Technology.
4408,2-s2.0-34347261330,The big money in the industry,kept,,,False,
4409,2-s2.0-27744600179,Private equity: India beckons,kept,,,False,
4410,2-s2.0-0038204504,Risdon deal will build Rexam pharma sales,kept,,,False,
4411,2-s2.0-0042629559,RNAi leaders merge to create Alnylam holding,kept,,,False,
4412,2-s2.0-85210872827,Private equity fund managers do not overvalue their company investments,excluded,duplicate_doi,2-s2.0-84882509585,True,© 2007 Elsevier Inc. All rights reserved.
4413,2-s2.0-33748436246,Sign of an apocalypse in private equity?,excluded,missing_abstract,,True,
4414,2-s2.0-27544498464,Privately traded real estate equity,kept,,,False,
4415,2-s2.0-31844449561,TI sells parts of Sensors & Controls business to Bain Capital,kept,,,False,
4416,2-s2.0-4544377492,Private equity firm buys flavors and fragrances unit,excluded,missing_abstract,,True,
4417,2-s2.0-0042782606,Montagu gets ok for Linpac takeover,kept,,,False,
4418,2-s2.0-35548955951,Real estate comes of age,kept,,,False,
4419,2-s2.0-34447108920,Turkey's turn,kept,,,False,
4420,2-s2.0-33845368381,"Long haul, low cost",kept,,,False,
4421,2-s2.0-0038036554,Disclosing toxic PIPEs: Why the SEC can and should expand the reporting requirements surrounding private investments in public equities,kept,,,False,
4422,2-s2.0-11844295420,Challenge and opportunity,kept,,,False,
4423,2-s2.0-33646417356,Financial services: Chemical firms have a smaller role in M&A,kept,,,False,
4424,2-s2.0-27644571106,Options with constant underlying elasticity in strikes,kept,,,True,"© 2005 Springer Science + Business Media, Inc."
4425,2-s2.0-0037141528,Jefferson Smurfit names suitor,kept,,,False,
4426,2-s2.0-33846306773,Private equity puts industry under microscope,excluded,missing_abstract,,True,
4427,2-s2.0-85210889379,Securitization and venture capital fundraising,excluded,duplicate_doi,2-s2.0-84882532786,True,© 2007 Elsevier Inc. All rights reserved.
4428,2-s2.0-33846277541,Tapping the equity markets,kept,,,False,
4429,2-s2.0-0942299606,DLJ Buys Argentina's Zucamor,kept,,,False,
4430,2-s2.0-33744921347,Private equity investments beyond Earth orbits: Can space exploration be the new frontier for private investments?,kept,,,True,© 2006.
4431,2-s2.0-20744454306,PKV Krönig up for sale,kept,,,False,
4432,2-s2.0-11344254683,The institutionalisation of venture capital,kept,,,True,© 2004 Elsevier Ltd. All rights reserved.
4433,2-s2.0-36148972419,VENTURE CAPITAL AND NEW STOCK MARKETS IN EUROPE,kept,,,True,© 2004 Elsevier Ltd. All rights reserved.
4434,2-s2.0-7444226875,Modeling private equity funds and private equity collateralised fund obligations,kept,,,False,
4435,2-s2.0-28444455284,Korean chemical firm and private equity group link to buy Columbian chemicals,excluded,missing_abstract,,True,
4436,2-s2.0-0038712571,Montagu bags Linpac?,kept,,,False,
4437,2-s2.0-29844455409,Merger to form Mölnlycke Health Care Group,kept,,,False,
4438,2-s2.0-15744399818,Ence and G-P abandon plans for tissue mill,kept,,,False,
4439,2-s2.0-34547931222,Rumors circulate on possible M-real takeover,kept,,,False,
4440,2-s2.0-33845725673,Investment patterns of informal investors in the Alberta private equity market,kept,,,True,"© 2007, International Council for Small Business."
4441,2-s2.0-33748300563,"Venture capital in Spain: Evolution, characterisation and economic impact analysis",kept,,,True,Copyright © 2006 Inderscience Enterprises Ltd.
4442,2-s2.0-33745957615,"Globalization: The new millennium's ""invisible hand""",kept,,,False,
4443,2-s2.0-22944471134,Private equity: Taking root in chemicals,kept,,,False,
4444,2-s2.0-33846333908,Private equity invades India,excluded,missing_abstract,,True,
4445,2-s2.0-33645233507,Private equity investment in health care companies: eleven steps to an effective health care regulatory diligence review.,excluded,missing_abstract,,True,
4446,2-s2.0-0038559544,Hercules reportedly in talks with private equity firms,kept,,,False,
4447,2-s2.0-33845805307,Where to buy in,kept,,,False,
4448,2-s2.0-77953230163,Consolidation trend in 2007 starts with a bang in January,kept,,,False,
4449,2-s2.0-0038584870,Going private als investmentalternative für private equity-fonds,excluded,missing_abstract,,True,
4450,2-s2.0-33846503870,Provincial preferences in private equity,kept,,,True,© Swiss Society for Financial Market Research 2006.
4451,2-s2.0-0346936024,Chemical Assets Find Homes in Private Equity Portfolios,kept,,,False,
4452,2-s2.0-33751557586,Kangaroo hunting,kept,,,False,
4453,2-s2.0-77953643975,Demand and liquidity impact on venture capital funivaising in Europe; [Impacto de la demanda y la liquidez sobre la captación de nuevos fondos de capital riesgo en Europa],kept,,,True,Copyright © 2001 Asociación Española de Contabilidad y Administración de Empresas.
4454,2-s2.0-33847274184,Hedge funds jump into private equity,excluded,missing_abstract,,True,
4455,2-s2.0-33847036736,Made of money,kept,,,False,
4456,2-s2.0-27544509098,Real estate opportunity funds,kept,,,False,
4457,2-s2.0-35448971683,Comparative Social Capital: Networks of Entrepreneurs and Venture Capitalists in China and Russia,kept,,,True,"© 2007, International Association for Chinese Management Research. All rights reserved."
4458,2-s2.0-33746050911,The case for private equity,kept,,,False,
4459,2-s2.0-20044391661,Higher return,kept,,,False,
4460,2-s2.0-69349107358,Pax fund adds Blue Ridge,kept,,,False,
4461,2-s2.0-23944516772,"Private equity performance: Returns, persistence, and capital flows",kept,,,False,
4462,2-s2.0-20744448069,Mölnlycke changes ownership,kept,,,False,
4463,2-s2.0-34548351747,"Black, green, red and orange",kept,,,False,
4464,2-s2.0-37849189253,Private equity finance as a growth engine: What it means for emerging markets,kept,,,True,© National Association for Business Economics 2006.
4465,2-s2.0-34248204133,BAE Systems keeps DML in sights,kept,,,False,
4466,2-s2.0-34047211232,Reconsidering American interests in emerging market crises: An unanticipated outcome to the Asian financial crisis,kept,,,False,
4467,2-s2.0-33847201864,Seven predictions for 2007,kept,,,False,
4468,2-s2.0-11044231189,The risk and return of venture capital,kept,,,False,
4469,2-s2.0-77953350436,Private equity: A new role for finance?,kept,,,False,
4470,2-s2.0-34249089918,Innovating the development of innovation,kept,,,True,"© 2007 Industrial Research Institute, Inc."
4471,2-s2.0-7644230105,Reengineering investment management,kept,,,False,
4472,2-s2.0-22944475829,Private equity firm targets specialty deals,kept,,,False,
4473,2-s2.0-84927064355,Start-ups and spin-offs: Collective entrepreneurship between invention and innovation,kept,,,True,"© David M. Hart 2003 and Cambridge University Press, 2009."
4474,2-s2.0-85076296382,Alternatives in venture financing-early stage equity capital,kept,,,True,© 2004 Elsevier Inc. All rights reserved.
4475,2-s2.0-34249726159,Secondary buyouts drive M&A in Europe,kept,,,False,
4476,2-s2.0-34447513676,Mutual funds that invest in private equity? An analysis of labour-sponsored investment funds,kept,,,True,© The Author 2007. Published by Oxford University Press on behalf of the Cambridge Political Economy Society. All rights reserved.
4477,2-s2.0-24644515263,M & A breather near an end?,kept,,,False,
4478,2-s2.0-0242366577,Mail-Well properties sold to Group360 in mega-merger,kept,,,False,
4479,2-s2.0-0242425112,Human capital and the private equity premium,kept,,,True,© 2003 Elsevier Inc. All rights reserved.
4480,2-s2.0-33746087142,Sun capital rolls out emerald performance materials,kept,,,False,
4481,2-s2.0-33846485032,Era of 'infinite capital',kept,,,False,
4482,2-s2.0-34548567288,Twists and turns in the ongoing saga of corporate restructuring,kept,,,False,
4483,2-s2.0-85117869059,News in brief: Western Europe: Germany: Hamburg-based Oiltanking...,kept,,,False,
4484,2-s2.0-33847655701,The market said so: Brokers and managers in the electricity industry; [Le marché a dit. Intermédiaires financiers et managers dans le secteur électrique],kept,,,True,© 2007 Elsevier Masson SAS. All rights reserved.
4485,2-s2.0-34247153076,Fairness opinions in health care transactions--cause and effect: the emergence of private equity funds as a driving force in big and small transactions and the resulting increased use of fairness opinions.,excluded,missing_abstract,,True,
4486,2-s2.0-85048651070,NCSRT receives investment to expand operations,kept,,,True,© 2005 Elsevier Ltd. All rights reserved.
4487,2-s2.0-84870777791,Automotive aftermarket,kept,,,False,
4488,2-s2.0-1542639766,Real Estate Planning: Key Issues for a Life Science Company,kept,,,False,
4489,2-s2.0-8344223720,Pharmaceuticals montagu private equity sells risdom pharma; [Pharmacie: Montagu Private Equity cede Risdom Pharma],kept,,,False,
4490,2-s2.0-33947127058,A backlash against private equity,excluded,missing_abstract,,True,
4491,2-s2.0-33646417653,A new chapter in M&A,kept,,,False,
4492,2-s2.0-33847020074,Cardinal inks deal to sell contract manufacturing unit,kept,,,False,
4493,2-s2.0-85117873790,News: Ceres funding will lead to IT-SOFC field trials,kept,,,False,
4494,2-s2.0-33645321391,Hercules to sell majority stake in FiberVisions to SPG Partners,kept,,,False,
4495,2-s2.0-33747070824,Differential shareholder wealth and volume effects surrounding private equity placements in New Zealand,kept,,,True,© 2006.
4496,2-s2.0-4644311029,Satellites going fast,excluded,missing_abstract,,True,
4497,2-s2.0-34447287117,Quality solutions for the global textile chain,kept,,,False,
4498,2-s2.0-85014131955,Corporate Governance and Regulatory Impact on Mergers and Acquisitions,kept,,,True,© 2007 Elsevier Inc. All rights reserved.
4499,2-s2.0-10244245508,Leadership and strategy,kept,,,False,
4500,2-s2.0-1542276418,Athenix gets financing,kept,,,False,
4501,2-s2.0-0034709938,News in brief...Polymer sell-off,kept,,,False,
4502,2-s2.0-0035920910,IP sells Flexible Packaging business,kept,,,False,
4503,2-s2.0-0039927635,An analysis of compensation in the U.S. venture capital partnership,kept,,,False,
4504,2-s2.0-77956144390,Shell wraps up transformation,kept,,,False,
4505,2-s2.0-0034642915,"NetworkOil closes financing, signs up Unocal",kept,,,False,
4506,2-s2.0-0030433144,Investment funds in emerging markets,kept,,,False,
4507,2-s2.0-85117744531,News in brief: United States/The AIG Highstar Capital...,kept,,,False,
4508,2-s2.0-0036213114,Management buyout for Akzo's printing inks,kept,,,False,
4509,2-s2.0-0034709057,Solid sales for Ciba,kept,,,False,
4510,2-s2.0-85013335886,The latest trends,kept,,,False,
4511,2-s2.0-0033232910,£232-million pigging company merger,kept,,,False,
4512,2-s2.0-0036331939,Making a private equity/venture capital investment in Japan: Implementing techniques commonly used in U.S. transactions,excluded,missing_abstract,,True,
4513,2-s2.0-0034611414,Dyno buy prompts EC inquiry,kept,,,False,
4514,2-s2.0-0035828957,Merger creates Australia's largest independent paper merchant,kept,,,False,
4515,2-s2.0-0034608396,Ciba sells resins arm,kept,,,False,
4516,2-s2.0-0034442583,M&A 2000,kept,,,False,
4517,2-s2.0-85011173163,Finance in UK high technology small firms: An overview,kept,,,True,© 2000 Taylor & Francis Ltd.
4518,2-s2.0-0035418233,Letts snaps up Filofax,kept,,,False,
4519,2-s2.0-0035906164,Private equity firm buys Müller distribution,excluded,missing_abstract,,True,
4520,2-s2.0-0035143374,Zoltek sells SP systems,kept,,,False,
4521,2-s2.0-85011182990,Australia’s informal venture capitalists: An exploratory profile,kept,,,True,© 1999 Taylor & Francis Ltd.
4522,2-s2.0-85011164105,Signaling value to business angels: The proportion of the entrepreneur’s net worth invested in a new venture as a decision signal,kept,,,True,© 2000 Taylor & Francis Ltd.
4523,2-s2.0-0347792471,The impact of the institutional environment on the venture capital industry in Singapore,kept,,,True,© 2002 Taylor & Francis Ltd.
4524,2-s2.0-0032412612,Financial institutions 6: lessons of experience,kept,,,False,
4525,2-s2.0-85011141963,Tango and cash: Entrepreneurial finance and venture capital in Argentina?,kept,,,True,"© 2006 Taylor and Francis Group, LLC."
4526,2-s2.0-0036461655,Mitsubishi's fullerene Frontier,kept,,,False,
4527,2-s2.0-0033707851,How venture capital works,kept,,,False,
4528,2-s2.0-0033281812,A&R bids for Euro lead in folding carton sector,kept,,,False,
4529,2-s2.0-0034642846,Fundraising pays off for ChemConnect,kept,,,False,
4530,2-s2.0-0020182820,FINANCING OPTIONS AND ALTERNATIVES.,kept,,,False,
4531,2-s2.0-0033654750,State and local pension plans' equity holdings and returns,kept,,,False,
4532,2-s2.0-0034709940,E-business...Chemove: Making its move,kept,,,False,
4533,2-s2.0-17044455365,CVC advertises for acquisitions,kept,,,False,
4534,2-s2.0-0034248720,AP&P signs definitive agreement to sell Williamhouse division,kept,,,False,
4535,2-s2.0-0033640679,Smurfit-Stone to sell Oregon City mill,kept,,,False,
4536,2-s2.0-0039021734,A theory of the going-public decision,kept,,,False,
4537,2-s2.0-0034729416,"Epoxies...Sale complete by June, says Ciba",kept,,,False,
4538,2-s2.0-84984135197,Risk Capital for a Profitable Public Corporation: Public Dividend Capital or Equity?,kept,,,True,"Copyright © 1985, Wiley Blackwell. All rights reserved"
4539,2-s2.0-85011179172,The syndication of private equity: Evidence from the UK,kept,,,True,"© 1997, Taylor & Francis Group, LLC. All rights reserved."
4540,2-s2.0-85011121509,The private equity market gyrations: What has been learned?,excluded,missing_abstract,,True,
4541,2-s2.0-0035305182,Executive memorandom - Transitioning your foundry's ownership: The private equity option,excluded,missing_abstract,,True,
4542,2-s2.0-0034638039,Switzerland...Currency exchange aids Ciba,kept,,,False,
4543,2-s2.0-0033687594,Smurfit-Stone completes sale of Oregon City paper mill,kept,,,False,
4544,2-s2.0-84993811157,The 15th Congress of the Chinese Communist Party: Milestone in China's Privatization,kept,,,True,"© 1999, SAGE Publications. All rights reserved."
4545,2-s2.0-0035904332,Private equity firms rethink Cognis deal,excluded,missing_abstract,,True,
4546,2-s2.0-7044246127,The rise of private equity investment,kept,,,False,
4547,2-s2.0-85117744084,"News in brief: North America: United States: AIG Highstar Capital, a private equity...",kept,,,False,
4548,2-s2.0-0033847825,Business start-ups in Japan: Problems and policies,kept,,,False,
4549,2-s2.0-0035298527,Austria: CVC snaps up Lenzing,kept,,,False,
4550,2-s2.0-0000978981,"""Angel"" financing and public policy: An overview",kept,,,False,
4551,2-s2.0-33751538712,Venture capital and private equity: A review and synthesis,excluded,missing_abstract,,True,
4552,2-s2.0-0035861122,Private equity firm buys Penrice,excluded,missing_abstract,,True,
4553,2-s2.0-0032233459,Tapping private equity to finance your dream.,excluded,missing_abstract,,True,
4554,2-s2.0-0035397885,Private medicine for chemical ills,kept,,,False,
4555,2-s2.0-0001094026,Money chasing deals? The impact of fund inflows on private equity valuations,kept,,,True,© 2000 Elsevier Science Ltd.
4556,2-s2.0-0031091239,Physician practice management: a private equity investor's perspective.,excluded,missing_abstract,,True,
4557,2-s2.0-84998185672,Earnings and Risk Changes around Private Placements of Equity,kept,,,True,"© 1998, SAGE Publications. All rights reserved."
4558,2-s2.0-0037045326,Private equity firm purchases Goodrichs specialties,excluded,missing_abstract,,True,
4559,2-s2.0-77956050218,Private-equity investors increase stake in chemicals: Slumping business cycle creates investment opportunities for 1999,kept,,,False,
4560,2-s2.0-0028845386,Financing private power in Latin America and the Caribbean,kept,,,False,
4561,2-s2.0-33747066621,Wealth effects of private equity placements: Evidence from Singapore,kept,,,True,© 2002 by the Eastern Finance Association.
4562,2-s2.0-0035824856,"Private capital for oil, gas investments remains abundant while public markets sag",kept,,,False,
4563,2-s2.0-0003011466,Equity ownership concentration and firm value. Evidence from private equity financings,kept,,,True,© 1989.
4564,2-s2.0-0034613934,Inside pages...As good as it is going to get,kept,,,False,
4565,2-s2.0-38249004097,Private equity financings in Japan and corporate grouping (keiretsu),kept,,,True,© 1993.
4566,2-s2.0-0036465795,Timber,kept,,,False,
4567,2-s2.0-85011137648,Publicly sponsored regional venture capital: What can the UK learn from the us experience,kept,,,True,© 2000 Taylor & Francis Ltd.
4568,2-s2.0-34247563206,Private placement of common equity and earnings expectations,kept,,,True,© 1999 Blackwell Publishing Ltd.
4569,2-s2.0-0035907799,Packaging e-business supplier packtion goes under,kept,,,False,
4570,2-s2.0-0034210806,World Bank approves Chad-Cameroon oil pipeline,kept,,,False,
4571,2-s2.0-0034615382,Chain gets $7.5 MM cash,kept,,,False,
4572,2-s2.0-85011180234,The early-stage equity market in the usa,kept,,,True,© 1999 Taylor & Francis Ltd.
4573,2-s2.0-0034398863,Risky business? Evaluating market risk of equity investment proposals to reform social security,kept,,,True,© 2000 by the Association for Public Policy and Management.
4574,2-s2.0-0001202725,The economics of small business finance: The roles of private equity and debt markets in the financial growth cycle,kept,,,False,
4575,2-s2.0-0034801253,CVC to acquire Lenzing - Plans to merge activities with Acordis,kept,,,False,
4576,2-s2.0-0001072863,New resources and new ideas: Private equity for small businesses,kept,,,False,
4577,2-s2.0-0035031768,CVC acquire Lenzing - plans to merge activities with Acordis,kept,,,False,
4578,2-s2.0-15944394454,Evidence on equity private placements and going-out-of-business information release,kept,,,True,© 1999 Elsevier Science Inc.
4579,2-s2.0-0034709001,M&A: Key to growth in chemicals sector,kept,,,False,
4580,2-s2.0-38249010855,Factors affecting equity capital acquisition: The demand side,kept,,,True,© 1992.
4581,2-s2.0-84972349042,"Private Equity, Social Inequity: German Judges React to Inflation, 1914–24",excluded,missing_abstract,,True,
4582,2-s2.0-0035718939,"""Quiet"" automated people mover operation in Indonesia: First decade",kept,,,False,
4583,2-s2.0-2742521158,Growth in alternative investments,kept,,,False,
