paper_id,source_record,title,authors,year,journal,doi,url,document_language,document_type,abstract,abstract_word_count,embedding_text,review_flags
2-s2.0-105030415497,361,"Correction: Private equity and reproductive medicine: “Fertile breeding ground” – a physician’s perspective” (Reproductive Biology and Endocrinology, (2025), 23, 1, (113), 10.1186/s12958-025-01446-4)",Zadeh A.A.,2026,Reproductive Biology and Endocrinology,10.1186/s12958-026-01534-z,https://www.scopus.com/pages/publications/105030415497?origin=resultslist,English,Erratum,"Following publication of the original article [1], the author has provided some updates that give more attribution to authors of another paper. Below are the updates: Original Zadeh Zadeh (2025) Current Update ""Fertility has long been described as a business [50, 51]. In recent decades, the global marketplace for assisted reproductive technology (ART) has grown significantly."" ""Fertility has long been described as a business [51].”“In recent decades, the global marketplace for assisted reproductive technology (ART) has grown” [3] significantly. ""Commercialization and corporatization of ART have created a “surge” of clinics, products, and services. While this has arguably increased choice for patients, this “choice”, shaped by commercial and corporate imperatives, may not automatically mean better-quality care [52]."" ""Commercialization and corporatization of ART have created a “surge” of clinics, products, and services [52].""“While this has arguably increased choice for patients"" [3], this “choice, shaped by commercial and corporate imperatives, may not” automatically “mean better-quality care”. [3] ""Commercialization and corporatization of ART have created a marketplace of clinics, products, and services [4, 39]"" ""Commercialization and corporatization of ART have created a marketplace of clinics, products, and services” [3] [From conclusion]The notion that ‘what’s good for patients is good for business’ is an oversimplification. Such claims as a defense against regulatory oversight and/or to protect status quo self-regulation must be valued carefully. Patient interests and business interests are not automatically aligned [3,68, 96]. The same applies to the concept of patient or consumer autonomy, which is often used to justify the commercialization of IVF. While patients are ultimately responsible for their treatment choices, this assumes that they have been properly informed by their physicians in the first place.""[..] [From conclusion]“ The notion that ‘what’s good for patients is good for business’ is an oversimplification.” [3]“ Such claims as a defense against regulatory oversight and/or to protect status quo self-regulation” [3] must be valued carefully. “Patient interests and business interests are not automatically aligned” [3]. The same applies to the concept of patient or consumer autonomy, which is often used to justify the commercialization of IVF. While patients are ultimately responsible for their treatment choices, this assumes that they have been properly informed by their physicians in the first place.""[..] The correct(ed) reference number 3 of the manuscript (Attinger et al.) should read: Sara A Attinger, Emily Jackson, Isabel Karpin, Ian Kerridge, Ainsley J Newson, Cameron Stewart, Lucy van de Wiel, Wendy Lipworth, Addressing the consequences of the corporatization of reproductive medicine. Med Law Rev. 2024;32(3):444–67. https:// doi. org/ 10. 1093/ medlaw/ fwae0 18.",419,"Correction: Private equity and reproductive medicine: “Fertile breeding ground” – a physician’s perspective” (Reproductive Biology and Endocrinology, (2025), 23, 1, (113), 10.1186/s12958-025-01446-4)

Following publication of the original article [1], the author has provided some updates that give more attribution to authors of another paper. Below are the updates: Original Zadeh Zadeh (2025) Current Update ""Fertility has long been described as a business [50, 51]. In recent decades, the global marketplace for assisted reproductive technology (ART) has grown significantly."" ""Fertility has long been described as a business [51].”“In recent decades, the global marketplace for assisted reproductive technology (ART) has grown” [3] significantly. ""Commercialization and corporatization of ART have created a “surge” of clinics, products, and services. While this has arguably increased choice for patients, this “choice”, shaped by commercial and corporate imperatives, may not automatically mean better-quality care [52]."" ""Commercialization and corporatization of ART have created a “surge” of clinics, products, and services [52].""“While this has arguably increased choice for patients"" [3], this “choice, shaped by commercial and corporate imperatives, may not” automatically “mean better-quality care”. [3] ""Commercialization and corporatization of ART have created a marketplace of clinics, products, and services [4, 39]"" ""Commercialization and corporatization of ART have created a marketplace of clinics, products, and services” [3] [From conclusion]The notion that ‘what’s good for patients is good for business’ is an oversimplification. Such claims as a defense against regulatory oversight and/or to protect status quo self-regulation must be valued carefully. Patient interests and business interests are not automatically aligned [3,68, 96]. The same applies to the concept of patient or consumer autonomy, which is often used to justify the commercialization of IVF. While patients are ultimately responsible for their treatment choices, this assumes that they have been properly informed by their physicians in the first place.""[..] [From conclusion]“ The notion that ‘what’s good for patients is good for business’ is an oversimplification.” [3]“ Such claims as a defense against regulatory oversight and/or to protect status quo self-regulation” [3] must be valued carefully. “Patient interests and business interests are not automatically aligned” [3]. The same applies to the concept of patient or consumer autonomy, which is often used to justify the commercialization of IVF. While patients are ultimately responsible for their treatment choices, this assumes that they have been properly informed by their physicians in the first place.""[..] The correct(ed) reference number 3 of the manuscript (Attinger et al.) should read: Sara A Attinger, Emily Jackson, Isabel Karpin, Ian Kerridge, Ainsley J Newson, Cameron Stewart, Lucy van de Wiel, Wendy Lipworth, Addressing the consequences of the corporatization of reproductive medicine. Med Law Rev. 2024;32(3):444–67. https:// doi. org/ 10. 1093/ medlaw/ fwae0 18.",erratum
2-s2.0-105050420082,390,Correction: Hospital Staffing and Patient Outcomes After Private Equity Acquisition (Ann Intern Med (2025) 178:11 (1529-1538) DOI: 10.7326/ANNALS-24-03471),,2026,Annals of Internal Medicine,10.7326/annals-26-02387,https://www.scopus.com/pages/publications/105050420082?origin=resultslist,English,Erratum,"In the article by Kannan and colleagues (1), the authors identified an error in their descriptions for the article by Gao and colleagues (reference 7 in their article) (2) when discussing the sample for measuring patient mortality. Although a primary sample in Gao and colleagues’ article (2) was commercially insured patients whose average age approximated the fourth age band (defined as between 35 and 44 years), the sample for its mortality measure was derived from Centers for Medicare & Medicaid Services Hospital Compare data. In the introduction, “Prior research on patient outcomes focused on young patients at substantially lower risk of morbidity and mortality (7),” has been changed to, “Prior research on patient outcomes focused on a subset of hospitalized patients found no changes in mortality (7).” In the Discussion section, “In contrast, a recent study showed no changes in mortality in hospitalized patients with heart attack, heart failure, and pneumonia, but these were commercially insured patients who were about age 35 to 44 years on average, who are at substantially lower risk of contracting these conditions and of morbidity and mortality from these conditions (7),” has been changed to, “In contrast, a recent study showed no changes in mortality in hospitalized patients with heart attack, heart failure, and pneumonia (7).” The text has been corrected accordingly.",217,"Correction: Hospital Staffing and Patient Outcomes After Private Equity Acquisition (Ann Intern Med (2025) 178:11 (1529-1538) DOI: 10.7326/ANNALS-24-03471)

In the article by Kannan and colleagues (1), the authors identified an error in their descriptions for the article by Gao and colleagues (reference 7 in their article) (2) when discussing the sample for measuring patient mortality. Although a primary sample in Gao and colleagues’ article (2) was commercially insured patients whose average age approximated the fourth age band (defined as between 35 and 44 years), the sample for its mortality measure was derived from Centers for Medicare & Medicaid Services Hospital Compare data. In the introduction, “Prior research on patient outcomes focused on young patients at substantially lower risk of morbidity and mortality (7),” has been changed to, “Prior research on patient outcomes focused on a subset of hospitalized patients found no changes in mortality (7).” In the Discussion section, “In contrast, a recent study showed no changes in mortality in hospitalized patients with heart attack, heart failure, and pneumonia, but these were commercially insured patients who were about age 35 to 44 years on average, who are at substantially lower risk of contracting these conditions and of morbidity and mortality from these conditions (7),” has been changed to, “In contrast, a recent study showed no changes in mortality in hospitalized patients with heart attack, heart failure, and pneumonia (7).” The text has been corrected accordingly.",erratum
2-s2.0-105033570572,394,Private equity,Souleles D.S.,2025,Elgar Encyclopedia of Economic Anthropology,10.4337/9781035312573.00066,https://www.scopus.com/pages/publications/105033570572?origin=resultslist,English,Book chapter,"Private equity investors are a relatively new form of financier who play an outsized role in the management of capitalist economies and who, over the last fifty years, have accumulated a vast amount of wealth and power. This entry offers an overview of some recent scholarship on private equity and makes use of direct ethnographic data to characterize private equity investors. I will suggest that private equity investors distinguish themselves by being universal experts in the identification and extraction of hidden financial value, and thereby wealth in businesses, which they then buy, manage, and sell for profit. This entry explains the debt-based management strategies that private equity investors use with their portfolio companies and also suggests that this exclusive focus on abstract, financial value has catastrophic effects on society at large.",131,"Private equity

Private equity investors are a relatively new form of financier who play an outsized role in the management of capitalist economies and who, over the last fifty years, have accumulated a vast amount of wealth and power. This entry offers an overview of some recent scholarship on private equity and makes use of direct ethnographic data to characterize private equity investors. I will suggest that private equity investors distinguish themselves by being universal experts in the identification and extraction of hidden financial value, and thereby wealth in businesses, which they then buy, manage, and sell for profit. This entry explains the debt-based management strategies that private equity investors use with their portfolio companies and also suggests that this exclusive focus on abstract, financial value has catastrophic effects on society at large.",shared_title_different_abstract
2-s2.0-85209884767,502,Correction: Assessing risk of health outcomes from brain activity in sleep: a retrospective cohort study (Neurology: Clinical Practice (2024) 14:1 (e200225) DOI: 10.1212/CPJ.0000000000200225),,2024,Neurology: Clinical Practice,10.1212/cpj.0000000000200411,https://www.scopus.com/pages/publications/85209884767?origin=resultslist,English,Erratum,"In the articles listed below, the disclosure statement for author M. Brandon Westover should read, “Dr. M. Brandon Westover has private equity as cofounder of Beacon Biosignals and receives compensation for consulting and scientific advisory roles.” The authors regret the omission. c “Assessing Risk of Health Outcomes from Brain Activity in Sleep: A Retrospective Cohort Study” by Sun et al.1 c “Association of Early Seizure Prophylaxis With Posttraumatic Seizures and Mortality: A Meta-analysis With Evidence Quality Assessment” by Coelho et al.",81,"Correction: Assessing risk of health outcomes from brain activity in sleep: a retrospective cohort study (Neurology: Clinical Practice (2024) 14:1 (e200225) DOI: 10.1212/CPJ.0000000000200225)

In the articles listed below, the disclosure statement for author M. Brandon Westover should read, “Dr. M. Brandon Westover has private equity as cofounder of Beacon Biosignals and receives compensation for consulting and scientific advisory roles.” The authors regret the omission. c “Assessing Risk of Health Outcomes from Brain Activity in Sleep: A Retrospective Cohort Study” by Sun et al.1 c “Association of Early Seizure Prophylaxis With Posttraumatic Seizures and Mortality: A Meta-analysis With Evidence Quality Assessment” by Coelho et al.",erratum
2-s2.0-105017965420,531,Start-Up Space: Global Investment Trends,Christensen C.; Puleo R.; Potter S.; Mullins C.,2025,"AIAA Aviation Forum and ASCEND, 2025",10.2514/6.2025-4023,https://www.scopus.com/pages/publications/105017965420?origin=resultslist,English,Conference paper,"Start-up space ventures have attracted over $76 billion in investment since the year 2000. This paper identifies and analyzes publicly reported seed, venture, and private equity investment in start-up space ventures as they grow and mature, from 2000 to 2024. Debt financing, merger and acquisition (M&A), and initial public offering (IPO) activity is also identified where applicable to provide a complete picture of the capital available to start-up ventures in the space industry. After 2023 brought in $7.5 billion to start-up space ventures, investment in 2024 rose to about $7.8 billion. This figure represents the third most active year ever for start-up space ventures, indicating that interest in the sector remains strong. Over 2,700 unique investors invested in start-up space firms since 2000. Venture capital remained the primary source of funding, while public markets (which emerged as a significant source of capital in 2021) rose to $281 million from $152 million in 2023. The total deal count also fell from 242 in 2023 to 220 in 2024. This paper seeks to aid and inform decision-making in industry, government, and academia by providing the space community with rigorous analysis of space industry investment dynamics. Additionally, this paper seeks to educate investors, the aerospace industry, and the wider public about activity in the start-up space ecosystem.",214,"Start-Up Space: Global Investment Trends

Start-up space ventures have attracted over $76 billion in investment since the year 2000. This paper identifies and analyzes publicly reported seed, venture, and private equity investment in start-up space ventures as they grow and mature, from 2000 to 2024. Debt financing, merger and acquisition (M&A), and initial public offering (IPO) activity is also identified where applicable to provide a complete picture of the capital available to start-up ventures in the space industry. After 2023 brought in $7.5 billion to start-up space ventures, investment in 2024 rose to about $7.8 billion. This figure represents the third most active year ever for start-up space ventures, indicating that interest in the sector remains strong. Over 2,700 unique investors invested in start-up space firms since 2000. Venture capital remained the primary source of funding, while public markets (which emerged as a significant source of capital in 2021) rose to $281 million from $152 million in 2023. The total deal count also fell from 242 in 2023 to 220 in 2024. This paper seeks to aid and inform decision-making in industry, government, and academia by providing the space community with rigorous analysis of space industry investment dynamics. Additionally, this paper seeks to educate investors, the aerospace industry, and the wider public about activity in the start-up space ecosystem.",shared_title_different_abstract
2-s2.0-85210172435,559,"Corrigendum: The predictive validity of a Brain Care Score for late-life depression and a composite outcome of dementia, stroke, and late-life depression: data from the UK Biobank cohort (Frontiers in Psychiatry, (2024), 15, (1373797), 10.3389/fpsyt.2024.1373797)",Singh S.D.; Rivier C.A.; Papier K.; Chemali Z.; Gutierrez-Martinez L.; Parodi L.; Mayerhofer E.; Senff J.; Clocchiatti-Tuozzo S.; Nunley C.; Newhouse A.; Ouyang A.; Westover M.B.; Tanzi R.E.; Lazar R.M.; Pikula A.; Ibrahim S.; Brouwers H.B.; Howard V.J.; Howard G.; Yechoor N.; Littlejohns T.; Sheth K.N.; Rosand J.; Fricchione G.; Anderson C.D.; Falcone G.J.,2024,Frontiers in Psychiatry,10.3389/fpsyt.2024.1502482,https://www.scopus.com/pages/publications/85210172435?origin=resultslist,English,Erratum,"In the published article there was a error in the Conflict of interest statement for M. Brandon Westover. The statement was previously: “CA receives sponsored research support from the US National Institutes of Health, the American Heart Association, and Bayer AG, and has consulted for ApoPharma. GF receives sponsored research support from the National Institute of Mental Health Clinical Global Mental Health Research T32 Fellowship, receives royalties or licenses from Johns Hopkins University Press, University of Chicago Press, Belvoir Press, and the American Psychiatric Press, is on a Data Safety Monitoring Board or Advisory Board of Healthy Hearts Healthy Minds DSMB, is a Board of Directors member at the Rosalynn Carter Institute, and has stock or stock options from Revival Therapeutics Consultant. LG-M receives sponsored research support from the American Heart grant number 963719. JR receives sponsored research support from the US National Institutes of Health and the American Heart Association, and receives payments for expert testimony and consulting fees from the National Football League. EM is an employee of Regeneron Genetics Center. The remaining authors declare that the research was conducted in the absence of any commercial or financial relationships that could be construed as a potential conflict of interest. The author(s) declared that they were an editorial board member of Frontiers, at the time of submission. This had no impact on the peer review process and the final decision.” The correct statement appears below: “CA receives sponsored research support from the US National Institutes of Health, the American Heart Association, and Bayer AG, and has consulted for ApoPharma. GF receives sponsored research support from the National Institute of Mental Health Clinical Global Mental Health Research T32 Fellowship, receives royalties or licenses from Johns Hopkins University Press, University of Chicago Press, Belvoir Press, and the American Psychiatric Press, is on a Data Safety Monitoring Board or Advisory Board of Healthy Hearts Healthy Minds DSMB, is a Board of Directors member at the Rosalynn Carter Institute, and has stock or stock options from Revival Therapeutics Consultant. LG-M receives sponsored research support from the American Heart grant number 963719. JR receives sponsored research support from the US National Institutes of Health and the American Heart Association, and receives payments for expert testimony and consulting fees from the National Football League. EM is an employee of Regeneron Genetics Center. MW has private equity as co-founder of Beacon Biosignals and receives compensation for consulting and scientific advisory roles. The remaining authors declare that the research was conducted in the absence of any commercial or financial relationships that could be construed as a potential conflict of interest. The author(s) declared that they were an editorial board member of Frontiers, at the time of submission. This had no impact on the peer review process and the final decision.” The authors apologize for this error and state that this does not change the scientific conclusions of the article in any way. The original article has been updated.",491,"Corrigendum: The predictive validity of a Brain Care Score for late-life depression and a composite outcome of dementia, stroke, and late-life depression: data from the UK Biobank cohort (Frontiers in Psychiatry, (2024), 15, (1373797), 10.3389/fpsyt.2024.1373797)

In the published article there was a error in the Conflict of interest statement for M. Brandon Westover. The statement was previously: “CA receives sponsored research support from the US National Institutes of Health, the American Heart Association, and Bayer AG, and has consulted for ApoPharma. GF receives sponsored research support from the National Institute of Mental Health Clinical Global Mental Health Research T32 Fellowship, receives royalties or licenses from Johns Hopkins University Press, University of Chicago Press, Belvoir Press, and the American Psychiatric Press, is on a Data Safety Monitoring Board or Advisory Board of Healthy Hearts Healthy Minds DSMB, is a Board of Directors member at the Rosalynn Carter Institute, and has stock or stock options from Revival Therapeutics Consultant. LG-M receives sponsored research support from the American Heart grant number 963719. JR receives sponsored research support from the US National Institutes of Health and the American Heart Association, and receives payments for expert testimony and consulting fees from the National Football League. EM is an employee of Regeneron Genetics Center. The remaining authors declare that the research was conducted in the absence of any commercial or financial relationships that could be construed as a potential conflict of interest. The author(s) declared that they were an editorial board member of Frontiers, at the time of submission. This had no impact on the peer review process and the final decision.” The correct statement appears below: “CA receives sponsored research support from the US National Institutes of Health, the American Heart Association, and Bayer AG, and has consulted for ApoPharma. GF receives sponsored research support from the National Institute of Mental Health Clinical Global Mental Health Research T32 Fellowship, receives royalties or licenses from Johns Hopkins University Press, University of Chicago Press, Belvoir Press, and the American Psychiatric Press, is on a Data Safety Monitoring Board or Advisory Board of Healthy Hearts Healthy Minds DSMB, is a Board of Directors member at the Rosalynn Carter Institute, and has stock or stock options from Revival Therapeutics Consultant. LG-M receives sponsored research support from the American Heart grant number 963719. JR receives sponsored research support from the US National Institutes of Health and the American Heart Association, and receives payments for expert testimony and consulting fees from the National Football League. EM is an employee of Regeneron Genetics Center. MW has private equity as co-founder of Beacon Biosignals and receives compensation for consulting and scientific advisory roles. The remaining authors declare that the research was conducted in the absence of any commercial or financial relationships that could be construed as a potential conflict of interest. The author(s) declared that they were an editorial board member of Frontiers, at the time of submission. This had no impact on the peer review process and the final decision.” The authors apologize for this error and state that this does not change the scientific conclusions of the article in any way. The original article has been updated.",erratum
2-s2.0-85189672482,599,"Corrigendum to “Plasma growth differentiation factors 8 and 11 levels in cats with congestive heart failure secondary to hypertrophic cardiomyopathy” [J Vet Cardiol 25 (2019 Oct) 41–51] (Journal of Veterinary Cardiology (2019) 25 (41–51), (S176027341830198X), (10.1016/j.jvc.2019.08.002))",Yang V.K.; Rush J.E.; Bhasin S.; Wagers A.J.; Lee R.T.,2024,Journal of Veterinary Cardiology,10.1016/j.jvc.2024.03.001,https://www.scopus.com/pages/publications/85189672482?origin=resultslist,English,Erratum,"The authors regret that our disclosure on this publication was incomplete, and would like to add: R.T.L and A.J.W. are co-founders of, members of the scientific advisory board for, and hold private equity in Elevian, Inc, a company that aims to develop medicines to restore regenerative capacity. Elevian also provided sponsored research support to the Lee Lab and Wagers Lab. R.T.L. and A.J.W. are inventors on patent applications filed through Harvard University. The authors would like to apologise for any inconvenience caused.",82,"Corrigendum to “Plasma growth differentiation factors 8 and 11 levels in cats with congestive heart failure secondary to hypertrophic cardiomyopathy” [J Vet Cardiol 25 (2019 Oct) 41–51] (Journal of Veterinary Cardiology (2019) 25 (41–51), (S176027341830198X), (10.1016/j.jvc.2019.08.002))

The authors regret that our disclosure on this publication was incomplete, and would like to add: R.T.L and A.J.W. are co-founders of, members of the scientific advisory board for, and hold private equity in Elevian, Inc, a company that aims to develop medicines to restore regenerative capacity. Elevian also provided sponsored research support to the Lee Lab and Wagers Lab. R.T.L. and A.J.W. are inventors on patent applications filed through Harvard University. The authors would like to apologise for any inconvenience caused.",erratum
2-s2.0-85197972908,632,Erratum: Geographic penetration of private equity ownership in outpatient and residential behavioral health (JAMA Psychiatry (2024) DOI: 10.1001/jamapsychiatry.2024.0825),,2024,JAMA Psychiatry,10.1001/jamapsychiatry.2024.1555,https://www.scopus.com/pages/publications/85197972908?origin=resultslist,English,Erratum,"In the Research Letter titled ""Geographic Penetration of Private Equity Ownership in Outpatient and Residential Behavioral Health,""published online on May 1, 2024, in the second paragraph of the Results, the number of private equity-owned mental health practices was incorrectly reported as 652; the correct number is 642. This article has been corrected.",52,"Erratum: Geographic penetration of private equity ownership in outpatient and residential behavioral health (JAMA Psychiatry (2024) DOI: 10.1001/jamapsychiatry.2024.0825)

In the Research Letter titled ""Geographic Penetration of Private Equity Ownership in Outpatient and Residential Behavioral Health,""published online on May 1, 2024, in the second paragraph of the Results, the number of private equity-owned mental health practices was incorrectly reported as 652; the correct number is 642. This article has been corrected.",erratum
2-s2.0-105000015788,643,"Correction to: Private Equity’s Growing Presence in Hospice Care: Clinical, Research, and Policy Considerations (Journal of General Internal Medicine, (2025), 10.1007/s11606-025-09353-5)",McMahan C.C.; Sabik L.M.; Schenker Y.,2025,Journal of General Internal Medicine,10.1007/s11606-025-09461-2,https://www.scopus.com/pages/publications/105000015788?origin=resultslist,English,Erratum,"In the article “Private Equity's Growing Presence in Hospice Care: Clinical, Research, and Policy Considerations"" by Cynthia C. McMahan, Lindsay M. Sabik, and Yael Schenker (Journal of General Internal Medicine, published online 13 January 2025, https://doi.org/10.1007/s11606-025-09353-5), there is an error in the second sentence, which states that hospice care accounts for one-fourth of Medicare spending. In earlier drafts, this sentence correctly referred to Medicare spending in the final year of life, which accounts for about a quarter of annual Medicare spending [1]. This was inadvertently edited incorrectly by the authors during the revision process. In 2022, Medicare paid hospice providers 23.7 billion U.S. dollars, and total Medicare spending was $944.3 billion, making hospice care specifically responsible for only 2.5% of total Medicare spending [2–3]. [1] Duncan I, Ahmed T, Dove H, Maxwell TL. Medicare Cost at End of Life. Am J Hosp Palliat Care. 2019 Aug, https://doi.org/10.1177/1049909119836204. [2] Medicare Payment Advisory Commission. 2022. Report to the Congress: Medicare payment policy, Chapter 9. Washington, DC: MedPAC. [3] Martin AB, Hartman M, Washington B, Catlin A. National Health Expenditures In 2023: Faster Growth As Insurance Coverage And Utilization Increased. Health Affairs. 2024 Dec, https://doi.org/10.1377/hlthaff.2024.01375",192,"Correction to: Private Equity’s Growing Presence in Hospice Care: Clinical, Research, and Policy Considerations (Journal of General Internal Medicine, (2025), 10.1007/s11606-025-09353-5)

In the article “Private Equity's Growing Presence in Hospice Care: Clinical, Research, and Policy Considerations"" by Cynthia C. McMahan, Lindsay M. Sabik, and Yael Schenker (Journal of General Internal Medicine, published online 13 January 2025, https://doi.org/10.1007/s11606-025-09353-5), there is an error in the second sentence, which states that hospice care accounts for one-fourth of Medicare spending. In earlier drafts, this sentence correctly referred to Medicare spending in the final year of life, which accounts for about a quarter of annual Medicare spending [1]. This was inadvertently edited incorrectly by the authors during the revision process. In 2022, Medicare paid hospice providers 23.7 billion U.S. dollars, and total Medicare spending was $944.3 billion, making hospice care specifically responsible for only 2.5% of total Medicare spending [2–3]. [1] Duncan I, Ahmed T, Dove H, Maxwell TL. Medicare Cost at End of Life. Am J Hosp Palliat Care. 2019 Aug, https://doi.org/10.1177/1049909119836204. [2] Medicare Payment Advisory Commission. 2022. Report to the Congress: Medicare payment policy, Chapter 9. Washington, DC: MedPAC. [3] Martin AB, Hartman M, Washington B, Catlin A. National Health Expenditures In 2023: Faster Growth As Insurance Coverage And Utilization Increased. Health Affairs. 2024 Dec, https://doi.org/10.1377/hlthaff.2024.01375",erratum
2-s2.0-85204246719,670,Start-Up Space: Global Investment Trends,Christensen C.; Boensch N.; Le H.N.; Puleo R.; Potter S.; Mullins C.; Ingwersen E.,2024,"AIAA Aviation Forum and ASCEND, 2024",10.2514/6.2024-4855,https://www.scopus.com/pages/publications/85204246719?origin=resultslist,English,Conference paper,"Start-up space ventures have attracted over $68 billion in investment since the year 2000. This paper identifies and analyzes publicly reported seed, venture, and private equity investment in start-up space ventures as they grow and mature, from 2000 to 2023. Debt financing, merger and acquisition (M&A), and initial public offering (IPO) activity is also identified where applicable to provide a complete picture of the capital available to start-up ventures in the space industry. After 2022 brought in $8.3 billion to start-up space ventures, investment in 2023 declined to about $7.5 billion. Still, this figure represents the third most active year ever for start-up space ventures and the rolling 5- year average of investment continues to increase, indicating that interest in the sector remains strong. Over 1,500 unique investors across six investor types invested in start-up space firms since 2000. Venture capital remained the primary source of funding, while public markets (which emerged as a significant source of capital in 2021) declined in 2023 Investment amounts from all investment types declined 10% in 2023, however, the deal count for nearly every investment type increased compared to 2022, suggesting 2023 saw more smaller value deals across the space industry. This paper seeks to aid and inform decision-making in industry, government, and academia by providing the space community with rigorous analysis of space industry investment dynamics. Additionally, this paper seeks to educate investors, the aerospace industry, and the wider public about activity in the start-up space ecosystem.",244,"Start-Up Space: Global Investment Trends

Start-up space ventures have attracted over $68 billion in investment since the year 2000. This paper identifies and analyzes publicly reported seed, venture, and private equity investment in start-up space ventures as they grow and mature, from 2000 to 2023. Debt financing, merger and acquisition (M&A), and initial public offering (IPO) activity is also identified where applicable to provide a complete picture of the capital available to start-up ventures in the space industry. After 2022 brought in $8.3 billion to start-up space ventures, investment in 2023 declined to about $7.5 billion. Still, this figure represents the third most active year ever for start-up space ventures and the rolling 5- year average of investment continues to increase, indicating that interest in the sector remains strong. Over 1,500 unique investors across six investor types invested in start-up space firms since 2000. Venture capital remained the primary source of funding, while public markets (which emerged as a significant source of capital in 2021) declined in 2023 Investment amounts from all investment types declined 10% in 2023, however, the deal count for nearly every investment type increased compared to 2022, suggesting 2023 saw more smaller value deals across the space industry. This paper seeks to aid and inform decision-making in industry, government, and academia by providing the space community with rigorous analysis of space industry investment dynamics. Additionally, this paper seeks to educate investors, the aerospace industry, and the wider public about activity in the start-up space ecosystem.",shared_title_different_abstract
2-s2.0-85165346313,710,"Investment Banks, Hedge Funds, and Private Equity",Stowell D.P.; Stowell P.,2024,"Investment Banks, Hedge Funds, and Private Equity",10.1016/c2020-0-02258-9,https://www.scopus.com/pages/publications/85165346313?origin=resultslist,English,Book,"Investment Banks, Hedge Funds, and Private Equity, Fourth Edition provides a real-world view of this fast-evolving field, reviewing and analyzing recent innovations and developments. This reference captures the actual work of bankers and professional investors, providing readers with templates for real transactions and insight on how investment banks, hedge funds, and private equity firms provide services to each other while creating opportunities for corporations and investors to raise capital, invest, hedge, finance, acquire, divest, and risk manage. For each type of institution, the business model, organizational structure, products, challenges, regulatory issues, and profit-making opportunities are explained. In addition, specific transactions are analyzed to make clear how advisory services, financings, investments, and trades produce profits or losses, and which types of risks are most commonly taken by each type of institution. Importantly, the linkage of investment banks, hedge funds, and private equity to corporations, governments, and individuals is described, enabling the reader to more clearly understand how these organizations impact them and how their products and services can be best utilized.",170,"Investment Banks, Hedge Funds, and Private Equity

Investment Banks, Hedge Funds, and Private Equity, Fourth Edition provides a real-world view of this fast-evolving field, reviewing and analyzing recent innovations and developments. This reference captures the actual work of bankers and professional investors, providing readers with templates for real transactions and insight on how investment banks, hedge funds, and private equity firms provide services to each other while creating opportunities for corporations and investors to raise capital, invest, hedge, finance, acquire, divest, and risk manage. For each type of institution, the business model, organizational structure, products, challenges, regulatory issues, and profit-making opportunities are explained. In addition, specific transactions are analyzed to make clear how advisory services, financings, investments, and trades produce profits or losses, and which types of risks are most commonly taken by each type of institution. Importantly, the linkage of investment banks, hedge funds, and private equity to corporations, governments, and individuals is described, enabling the reader to more clearly understand how these organizations impact them and how their products and services can be best utilized.",shared_title_different_abstract
2-s2.0-85207567472,730,"Erratum: Department of Error (The Lancet (2024) 404(10449) (215), (S0140673624014843), (10.1016/S0140-6736(24)01484-3))",,2024,The Lancet,10.1016/s0140-6736(24)02370-5,https://www.scopus.com/pages/publications/85207567472?origin=resultslist,English,Erratum,"The Lancet. The fertility industry: profiting from vulnerability. Lancet 2024; 404: 215—The discussion of the private clinics in this Editorial should have said that PGT is more likely to be part of IVF treatment in a private equity-affiliated clinic than elsewhere. The references have been updated to refer to the original study on this issue. These changes have been made to the online version as of Oct 31, 2024..",69,"Erratum: Department of Error (The Lancet (2024) 404(10449) (215), (S0140673624014843), (10.1016/S0140-6736(24)01484-3))

The Lancet. The fertility industry: profiting from vulnerability. Lancet 2024; 404: 215—The discussion of the private clinics in this Editorial should have said that PGT is more likely to be part of IVF treatment in a private equity-affiliated clinic than elsewhere. The references have been updated to refer to the original study on this issue. These changes have been made to the online version as of Oct 31, 2024..",erratum
2-s2.0-85204735297,742,Corrigendum to “Brain health scores to predict neurological outcomes from electronic health records” [Int. J. Med. Inform. (2023) 105270](S1386505623002885)(10.1016/j.ijmedinf.2023.105270),Fernandes M.; Sun H.; Chemali Z.; Mukerji S.S.; Moura L.M.V.R.; Zafar S.F.; Sonni A.; Biffi A.; Rosand J.; Brandon Westover M.,2024,International Journal of Medical Informatics,10.1016/j.ijmedinf.2024.105633,https://www.scopus.com/pages/publications/85204735297?origin=resultslist,English,Erratum,The authors regret that Dr. Westover's disclosure statement was inadvertently omitted. It should read: “Dr. M. Brandon Westover has private equity as co-founder of Beacon Biosignals and receives compensation for consulting and scientific advisory roles.” The authors would like to apologise for any inconvenience caused.,45,"Corrigendum to “Brain health scores to predict neurological outcomes from electronic health records” [Int. J. Med. Inform. (2023) 105270](S1386505623002885)(10.1016/j.ijmedinf.2023.105270)

The authors regret that Dr. Westover's disclosure statement was inadvertently omitted. It should read: “Dr. M. Brandon Westover has private equity as co-founder of Beacon Biosignals and receives compensation for consulting and scientific advisory roles.” The authors would like to apologise for any inconvenience caused.",erratum
2-s2.0-85160904495,829,"Corrigendum to: Securitising Seniors Housing: The Financialisation of Real Estate and Social Reproduction in Retirement and Long-Term Care Homes (Antipode, (2022), 54, 3, (653-680), 10.1111/anti.12795)",,2023,Antipode,10.1111/anti.12915,https://www.scopus.com/pages/publications/85160904495?origin=resultslist,English,Erratum,"In the following article, on pages 659 and 680, the publication year given for the reference ‘Financialization in health care: An analysis of private equity fund investments in Turkey. Social Science & Medicine 187:276-286’ is 2014, when in fact the article was published in 2017 (https://doi.org/10.1016/j.socscimed.2017.06.008). We would like to apologise to the article's author, Ipek Eren Vural, for this error.",61,"Corrigendum to: Securitising Seniors Housing: The Financialisation of Real Estate and Social Reproduction in Retirement and Long-Term Care Homes (Antipode, (2022), 54, 3, (653-680), 10.1111/anti.12795)

In the following article, on pages 659 and 680, the publication year given for the reference ‘Financialization in health care: An analysis of private equity fund investments in Turkey. Social Science & Medicine 187:276-286’ is 2014, when in fact the article was published in 2017 (https://doi.org/10.1016/j.socscimed.2017.06.008). We would like to apologise to the article's author, Ipek Eren Vural, for this error.",erratum
2-s2.0-85203698267,849,CompanyKG: A Large-Scale Heterogeneous Graph for Company Similarity Quantification,Cao L.; Von Ehrenheim V.; Granroth-Wilding M.; Anselmo Stahl R.; Mccornack A.; Catovic A.; Cavalcanti Rocha D.D.,2024,Proceedings of the ACM SIGKDD International Conference on Knowledge Discovery and Data Mining,10.1145/3637528.3671515,https://www.scopus.com/pages/publications/85203698267?origin=resultslist,English,Conference paper,"This paper presents CompanyKG (version 2), a large-scale heterogeneous graph developed for fine-grained company similarity quantification and relationship prediction, crucial for applications in the investment industry such as market mapping, competitor analysis, and mergers and acquisitions. CompanyKG comprises 1.17 million companies represented as graph nodes, enriched with company description embeddings, and 51.06 million weighted edges denoting 15 distinct inter-company relations. To facilitate a thorough evaluation of methods for company similarity quantification and relationship prediction, we have created four annotated evaluation tasks: similarity prediction, competitor retrieval, similarity ranking, and edge prediction. We offer extensive benchmarking results for 11 reproducible predictive methods, categorized into three groups: node-only, edge-only, and node+edge. To our knowledge, CompanyKG is the first large-scale heterogeneous graph dataset derived from a real-world investment platform, specifically tailored for quantifying inter-company similarity and relationships.",133,"CompanyKG: A Large-Scale Heterogeneous Graph for Company Similarity Quantification

This paper presents CompanyKG (version 2), a large-scale heterogeneous graph developed for fine-grained company similarity quantification and relationship prediction, crucial for applications in the investment industry such as market mapping, competitor analysis, and mergers and acquisitions. CompanyKG comprises 1.17 million companies represented as graph nodes, enriched with company description embeddings, and 51.06 million weighted edges denoting 15 distinct inter-company relations. To facilitate a thorough evaluation of methods for company similarity quantification and relationship prediction, we have created four annotated evaluation tasks: similarity prediction, competitor retrieval, similarity ranking, and edge prediction. We offer extensive benchmarking results for 11 reproducible predictive methods, categorized into three groups: node-only, edge-only, and node+edge. To our knowledge, CompanyKG is the first large-scale heterogeneous graph dataset derived from a real-world investment platform, specifically tailored for quantifying inter-company similarity and relationships.",shared_title_different_abstract
2-s2.0-85208103623,878,Portfolio Diversification Policies: Alternative Asset Classes,Basile I.,2024,Contributions to Finance and Accounting,10.1007/978-3-031-59819-7_11,https://www.scopus.com/pages/publications/85208103623?origin=resultslist,English,Book chapter,"Alternative investments have been debating for a long time. The main issues have been the definition of alternative investments and the weight of these asset classes in the portfolio diversification strategies. Historically alternative asset classes have been more efficient to achieve a better optimal portfolio risk-return trade-off to reward risk and have proved to be sufficiently uncorrelated to equity and fixed income asset classes. The benefits deriving from the inclusion of alternative assets in a financial portfolio cannot be understood without taking into account the four moments of return distribution. This chapter, therefore, analyses the construction of optimal portfolios following the multiple objective model developed by Davies, Kat, and Lu (DKL), where investors can decide the level of exposure to each of the four moments of return distribution.",128,"Portfolio Diversification Policies: Alternative Asset Classes

Alternative investments have been debating for a long time. The main issues have been the definition of alternative investments and the weight of these asset classes in the portfolio diversification strategies. Historically alternative asset classes have been more efficient to achieve a better optimal portfolio risk-return trade-off to reward risk and have proved to be sufficiently uncorrelated to equity and fixed income asset classes. The benefits deriving from the inclusion of alternative assets in a financial portfolio cannot be understood without taking into account the four moments of return distribution. This chapter, therefore, analyses the construction of optimal portfolios following the multiple objective model developed by Davies, Kat, and Lu (DKL), where investors can decide the level of exposure to each of the four moments of return distribution.",shared_title_different_abstract
2-s2.0-85209401136,915,"Corrigendum: The predictive validity of a Brain Care Score for dementia and stroke: data from the UK Biobank cohort (Frontiers in Neurology, (2023), 14, (1291020), 10.3389/fneur.2023.1291020)",Singh S.D.; Oreskovic T.; Carr S.; Papier K.; Conroy M.; Senff J.R.; Chemali Z.; Gutierrez-Martinez L.; Parodi L.; Mayerhofer E.; Marini S.; Nunley C.; Newhouse A.; Ouyang A.; Brouwers H.B.; Westover B.; Rivier C.; Falcone G.; Howard V.; Howard G.; Pikula A.; Ibrahim S.; Sheth K.N.; Yechoor N.; Lazar R.M.; Anderson C.D.; Tanzi R.E.; Fricchione G.; Littlejohns T.; Rosand J.,2024,Frontiers in Neurology,10.3389/fneur.2024.1501771,https://www.scopus.com/pages/publications/85209401136?origin=resultslist,English,Erratum,In the published article Dr. Westover's disclosure statement was inadvertently omitted. The disclosure should read: “BW has private equity as co-founder of Beacon Biosignals and receives compensation for consulting and scientific advisory roles. The remaining authors declare that the research was conducted in the absence of any commercial or financial relationships that could be construed as a potential conflict of interest.” The authors apologize for this omission and state that this does not change the scientific conclusions of the article in any way. The original article has been updated.,89,"Corrigendum: The predictive validity of a Brain Care Score for dementia and stroke: data from the UK Biobank cohort (Frontiers in Neurology, (2023), 14, (1291020), 10.3389/fneur.2023.1291020)

In the published article Dr. Westover's disclosure statement was inadvertently omitted. The disclosure should read: “BW has private equity as co-founder of Beacon Biosignals and receives compensation for consulting and scientific advisory roles. The remaining authors declare that the research was conducted in the absence of any commercial or financial relationships that could be construed as a potential conflict of interest.” The authors apologize for this omission and state that this does not change the scientific conclusions of the article in any way. The original article has been updated.",erratum
2-s2.0-85194881715,923,CompanyKG: A Large-Scale Heterogeneous Graph for Company Similarity Quantification,Cao L.; Von Ehrenheim V.; Granroth-Wilding M.; Stahl R.A.; Mccornack A.; Catovic A.; Rocha D.D.C.,2025,IEEE Transactions on Big Data,10.1109/tbdata.2024.3407573,https://www.scopus.com/pages/publications/85194881715?origin=resultslist,English,Article,"In the investment industry, it is often essential to carry out fine-grained company similarity quantification for a range of purposes, including market mapping, competitor analysis, and mergers and acquisitions. We propose and publish a knowledge graph, named CompanyKG, to represent and learn diverse company features and relations. Specifically, 1.17 million companies are represented as nodes enriched with company description embeddings; and 15 different inter-company relations result in 51.06 million weighted edges. To enable a comprehensive assessment of methods for company similarity quantification, we have devised and compiled three evaluation tasks with annotated test sets: similarity prediction, competitor retrieval and similarity ranking. We present extensive benchmarking results for 11 reproducible predictive methods categorized into three groups: node-only, edge-only, and node+edge. To the best of our knowledge, CompanyKG is the first large-scale heterogeneous graph dataset originating from a real-world investment platform, tailored for quantifying inter-company similarity.",144,"CompanyKG: A Large-Scale Heterogeneous Graph for Company Similarity Quantification

In the investment industry, it is often essential to carry out fine-grained company similarity quantification for a range of purposes, including market mapping, competitor analysis, and mergers and acquisitions. We propose and publish a knowledge graph, named CompanyKG, to represent and learn diverse company features and relations. Specifically, 1.17 million companies are represented as nodes enriched with company description embeddings; and 15 different inter-company relations result in 51.06 million weighted edges. To enable a comprehensive assessment of methods for company similarity quantification, we have devised and compiled three evaluation tasks with annotated test sets: similarity prediction, competitor retrieval and similarity ranking. We present extensive benchmarking results for 11 reproducible predictive methods categorized into three groups: node-only, edge-only, and node+edge. To the best of our knowledge, CompanyKG is the first large-scale heterogeneous graph dataset originating from a real-world investment platform, tailored for quantifying inter-company similarity.",shared_title_different_abstract
2-s2.0-85208097619,948,Private Equity,Abate G.,2024,Contributions to Finance and Accounting,10.1007/978-3-031-59819-7_14,https://www.scopus.com/pages/publications/85208097619?origin=resultslist,English,Book chapter,"The distinctive features of private equity are the object of this chapter. Different implementation strategies and different risk and return profiles depend on the stage of the company’s life cycle in which the private equity transactions take place. These aspects are examined in detail in the chapter, which provides an analysis of the different investment management strategies. The private equity asset class can be accessed directly, through participation in the equity of one or more companies, or indirectly, using various investment vehicles, each one with specific characteristics. Therefore, this chapter analyses private equity funds, Special Purpose Acquisition Companies (SPACs), private equity investment companies, other listed private equity vehicles, and Exchange-Traded Funds (ETFs) of the private equity asset class. The investment strategies typical of private equity are characterised by a finite time horizon, as they generally involve an established date by which the transaction should be completed through the sale of the shareholding. This asset class requires, therefore, the use of typical performance measures, which are illustrated in detail in this chapter. The peculiar risks of private equity and the phenomenon of discount-to-NAV in listed private equity investment vehicles are objects of further examination.",193,"Private Equity

The distinctive features of private equity are the object of this chapter. Different implementation strategies and different risk and return profiles depend on the stage of the company’s life cycle in which the private equity transactions take place. These aspects are examined in detail in the chapter, which provides an analysis of the different investment management strategies. The private equity asset class can be accessed directly, through participation in the equity of one or more companies, or indirectly, using various investment vehicles, each one with specific characteristics. Therefore, this chapter analyses private equity funds, Special Purpose Acquisition Companies (SPACs), private equity investment companies, other listed private equity vehicles, and Exchange-Traded Funds (ETFs) of the private equity asset class. The investment strategies typical of private equity are characterised by a finite time horizon, as they generally involve an established date by which the transaction should be completed through the sale of the shareholding. This asset class requires, therefore, the use of typical performance measures, which are illustrated in detail in this chapter. The peculiar risks of private equity and the phenomenon of discount-to-NAV in listed private equity investment vehicles are objects of further examination.",shared_title_different_abstract
2-s2.0-85198028596,988,"Retraction: Private equity in health care: The good, the bad, and some of the ugly (Annals of Surgery (2024) DOI: 10.1097/SLA.0000000000006318)",,2024,Annals of Surgery,10.1097/sla.0000000000006392,https://www.scopus.com/pages/publications/85198028596?origin=resultslist,English,Erratum,"The Author retracted the article, ""Private Equity in Health Care: The Good, the Bad, and Some of the Ugly""by Larry Kaiser, which published ahead of print in Annals of Surgery on May 6, 2024. The article is now retracted and will not be available for citation.",46,"Retraction: Private equity in health care: The good, the bad, and some of the ugly (Annals of Surgery (2024) DOI: 10.1097/SLA.0000000000006318)

The Author retracted the article, ""Private Equity in Health Care: The Good, the Bad, and Some of the Ugly""by Larry Kaiser, which published ahead of print in Annals of Surgery on May 6, 2024. The article is now retracted and will not be available for citation.",erratum
2-s2.0-85197107480,1084,Start-Up Space: Global Investment Trends,Christensen C.; Le H.N.; Dunn B.; Puleo R.; Potter S.; Mullins C.,2023,"Accelerating Space Commerce, Exploration, and New Discovery Conference, ASCEND 2023",10.2514/6.2023-4601,https://www.scopus.com/pages/publications/85197107480?origin=resultslist,English,Conference paper,"Start-up space ventures have attracted over $60 billion in investment since the year 2000. This paper identifies and analyzes publicly reported seed, venture, and private equity investment in start-up space ventures as they grow and mature, from 2000 to 2022. Debt financing, merger and acquisition (M&A), and initial public offering (IPO) activity is also identified where applicable to provide a complete picture of the capital available to start-up ventures in the space industry. In 2022, global venture investment slowed across all industries during an economic slowdown and the start-up space sector was no exception. After a record breaking 2021 brought in $15 billion to start-up space ventures, investment in 2022 declined to about $8 billion. Still, this figure represents the second most active year ever for start- up space ventures and the rolling 5-year average of investment continues to increase, indicating that interest in the sector remains strong. Over 1,500 unique investors across six investor types invested in start-up space firms since 2000. Venture capital remained the primary source of funding, while public markets (which emerged as a significant source of capital in 2021) declined in 2022. Investment amounts from seed funding, debt financing, and mergers and acquisitions saw an increase in 2022, driven by several large deals in each category. This paper seeks to aid and inform decision-making in industry, government, and academia by providing the space community with rigorous analysis of space industry investment dynamics. Additionally, this paper seeks to educate investors, the aerospace industry, and the wider public about activity in the emerging start-up space ecosystem.",259,"Start-Up Space: Global Investment Trends

Start-up space ventures have attracted over $60 billion in investment since the year 2000. This paper identifies and analyzes publicly reported seed, venture, and private equity investment in start-up space ventures as they grow and mature, from 2000 to 2022. Debt financing, merger and acquisition (M&A), and initial public offering (IPO) activity is also identified where applicable to provide a complete picture of the capital available to start-up ventures in the space industry. In 2022, global venture investment slowed across all industries during an economic slowdown and the start-up space sector was no exception. After a record breaking 2021 brought in $15 billion to start-up space ventures, investment in 2022 declined to about $8 billion. Still, this figure represents the second most active year ever for start- up space ventures and the rolling 5-year average of investment continues to increase, indicating that interest in the sector remains strong. Over 1,500 unique investors across six investor types invested in start-up space firms since 2000. Venture capital remained the primary source of funding, while public markets (which emerged as a significant source of capital in 2021) declined in 2022. Investment amounts from seed funding, debt financing, and mergers and acquisitions saw an increase in 2022, driven by several large deals in each category. This paper seeks to aid and inform decision-making in industry, government, and academia by providing the space community with rigorous analysis of space industry investment dynamics. Additionally, this paper seeks to educate investors, the aerospace industry, and the wider public about activity in the emerging start-up space ecosystem.",shared_title_different_abstract
2-s2.0-85112084100,1104,"Correction to: Mapping research in the field of private equity: a bibliometric analysis (Management Review Quarterly, (2021), 10.1007/s11301-021-00231-y)",Sharma S.; Malik K.; Kaur M.; Saini N.,2022,Management Review Quarterly,10.1007/s11301-021-00234-9,https://www.scopus.com/pages/publications/85112084100?origin=resultslist,English,Erratum,The Funding information section was missing from this article and should have read ’Funding: Not applicable’. The Conflict of Interest information section was missing from this article and should have read ’Conflict of Interest: The authors declare that they have no conflict of interest’.,44,"Correction to: Mapping research in the field of private equity: a bibliometric analysis (Management Review Quarterly, (2021), 10.1007/s11301-021-00231-y)

The Funding information section was missing from this article and should have read ’Funding: Not applicable’. The Conflict of Interest information section was missing from this article and should have read ’Conflict of Interest: The authors declare that they have no conflict of interest’.",erratum
2-s2.0-85097465795,1136,Space environment management: Framing the objective and setting priorities for controlling orbital debris risk,Maclay T.; McKnight D.,2021,Journal of Space Safety Engineering,10.1016/j.jsse.2020.11.002,https://www.scopus.com/pages/publications/85097465795?origin=resultslist,English,Article,"Interest in orbital debris risk has been on the rise in recent years, as small satellites are launched in accelerating numbers, proposals for large low-Earth orbit (LEO) constellations mature, and the orbital debris population continues to grow. Environmental models are being exercised to predict collisional risk, private equity is now supporting the development of commercial Space Situational Awareness (SSA) and Active Debris Removal (ADR) services, and debris mitigation best practices and licensing guidelines are being updated by industry groups and national administrations. These are all positive responses to an increasingly challenging space operational environment, but as is often the case, we tend to rush to solutions before adequately defining the problem we are trying to solve. The authors propose Space Safety as a simple objective statement for an industry operating in a debris-laden space environment and establish the lethal nontrackable (LNT) debris population as the primary risk to assured operations in space. The authors then make the case that SAA and Space Traffic Management (STM) alone are insufficient responses to collision risk and propose Space Environment Management (SEM), consisting of both debris mitigation and debris remediation, as a critical component of a comprehensive framework the space community can use to assess the efficacy of its efforts and to prioritize the appropriation of its resources. The paper concludes with recommendations for setting priorities and directing the community's efforts and resources.",229,"Space environment management: Framing the objective and setting priorities for controlling orbital debris risk

Interest in orbital debris risk has been on the rise in recent years, as small satellites are launched in accelerating numbers, proposals for large low-Earth orbit (LEO) constellations mature, and the orbital debris population continues to grow. Environmental models are being exercised to predict collisional risk, private equity is now supporting the development of commercial Space Situational Awareness (SSA) and Active Debris Removal (ADR) services, and debris mitigation best practices and licensing guidelines are being updated by industry groups and national administrations. These are all positive responses to an increasingly challenging space operational environment, but as is often the case, we tend to rush to solutions before adequately defining the problem we are trying to solve. The authors propose Space Safety as a simple objective statement for an industry operating in a debris-laden space environment and establish the lethal nontrackable (LNT) debris population as the primary risk to assured operations in space. The authors then make the case that SAA and Space Traffic Management (STM) alone are insufficient responses to collision risk and propose Space Environment Management (SEM), consisting of both debris mitigation and debris remediation, as a critical component of a comprehensive framework the space community can use to assess the efficacy of its efforts and to prioritize the appropriation of its resources. The paper concludes with recommendations for setting priorities and directing the community's efforts and resources.",shared_title_different_abstract
2-s2.0-85188008955,1150,Start-up Space: Global Investment Trends,Christensen C.; Nguyen Le H.; Puleo R.; Potter S.; Louden E.C.; Dunn B.; Mullins C.,2023,"Proceedings of the International Astronautical Congress, IAC",,https://www.scopus.com/pages/publications/85188008955?origin=resultslist,English,Conference paper,"Start-up space ventures have attracted over $60 billion in investment since the year 2000. This paper identifies and analyzes publicly reported seed, venture, and private equity investment in start-up space ventures as they grow and mature, from 2000 to 2022. Debt financing, merger and acquisition (M&A), and initial public offering (IPO) activity is also identified where applicable to provide a complete picture of the capital available to start-up ventures in the space industry. In 2022, global venture investment slowed across all industries during an economic slowdown and the start-up space sector was no exception. After a record breaking 2021 brought in $15 billion to start-up space ventures, investment in 2022 declined to about $8 billion. Still, this figure represents the second most active year ever for startup space ventures and the rolling 5-year average of investment continues to increase, indicating that interest in the sector remains strong. Over 1, 500 unique investors across six investor types invested in start-up space firms since 2000. Venture capital remained the primary source of funding, while public markets (which emerged as a significant source of capital in 2021) declined in 2022. Investment amounts from seed funding, debt financing, and mergers and acquisitions saw an increase in 2022, driven by several large deals in each category. This paper seeks to aid and inform decision-making in industry, government, and academia by providing the space community with rigorous analysis of space industry investment dynamics. Additionally, this paper seeks to educate investors, the aerospace industry, and the wider public about activity in the emerging start-up space ecosystem.",259,"Start-up Space: Global Investment Trends

Start-up space ventures have attracted over $60 billion in investment since the year 2000. This paper identifies and analyzes publicly reported seed, venture, and private equity investment in start-up space ventures as they grow and mature, from 2000 to 2022. Debt financing, merger and acquisition (M&A), and initial public offering (IPO) activity is also identified where applicable to provide a complete picture of the capital available to start-up ventures in the space industry. In 2022, global venture investment slowed across all industries during an economic slowdown and the start-up space sector was no exception. After a record breaking 2021 brought in $15 billion to start-up space ventures, investment in 2022 declined to about $8 billion. Still, this figure represents the second most active year ever for startup space ventures and the rolling 5-year average of investment continues to increase, indicating that interest in the sector remains strong. Over 1, 500 unique investors across six investor types invested in start-up space firms since 2000. Venture capital remained the primary source of funding, while public markets (which emerged as a significant source of capital in 2021) declined in 2022. Investment amounts from seed funding, debt financing, and mergers and acquisitions saw an increase in 2022, driven by several large deals in each category. This paper seeks to aid and inform decision-making in industry, government, and academia by providing the space community with rigorous analysis of space industry investment dynamics. Additionally, this paper seeks to educate investors, the aerospace industry, and the wider public about activity in the emerging start-up space ecosystem.",shared_title_different_abstract
2-s2.0-85167583292,1175,Start-up Space: Global Investment Trends,Christensen C.; Boensch N.; Ahadi B.; Potter S.; Puleo R.; Dunn B.; Mullins C.,2022,"Proceedings of the International Astronautical Congress, IAC",,https://www.scopus.com/pages/publications/85167583292?origin=resultslist,English,Conference paper,"Start-up space ventures have attracted over US$50 billion in investment since the year 2000. This paper identifies and analyzes publicly-reported seed, venture, and private equity investment in start-up space ventures as they grow and mature, from 2000 through the end of 2021. Debt financing, merger and acquisition (M&A), and initial public offering (IPO) activity is also identified where applicable to provide a complete picture of the capital available to start-up ventures in the space industry. Start-up space ventures attracted over $15 billion in financing of all types in 2021, breaking the $7.7 billion record set in 2020. It was a record setting year for the number of start-up space deals (+31% from 2020), investment (+95%), and average deal size (+48%). This paper finds over 1,500 unique investors in start-up space firms in the 21st century across six investor types. While private investors continued to pour large amounts of capital into start-up space ventures in 2021, the year also saw public markets emerge as a significant source of investment for companies across all space sectors, from launch to in-space services. In addition, a record number of M&A deals occurred in 2021 for start-up space companies, driven by an increasingly diverse set of investor types including private equity firms, recently public space companies, and legacy space incumbents. This paper characterizes the evolving market of start-up space investors, including special purpose acquisition vehicles (SPACs) as a mode to enable capital access for start-up space firms, as well as the continued global proliferation of space investment activity. Key questions this paper will address include: How has global investment activity in the start-up space industry evolved over time? How large is the start-up space industry, in terms of investment magnitude and number of companies and investors? How many start-up space ventures have received private financing, and from whom? How has investment activity in start-up space differed between sectors? How is investment activity in space start-ups proliferating internationally? How much M&A activity has occurred and how does it compare to prior years? How correlated is start-up space investment activity with broader private investment industry dynamics? This paper seeks to aid and inform decision-making in industry, government, and academia by providing the space community with rigorous analyzes of industry dynamics. Additionally, this paper seeks to educate investors, the aerospace industry, and the wider public about activity in the emerging start-up space ecosystem.",395,"Start-up Space: Global Investment Trends

Start-up space ventures have attracted over US$50 billion in investment since the year 2000. This paper identifies and analyzes publicly-reported seed, venture, and private equity investment in start-up space ventures as they grow and mature, from 2000 through the end of 2021. Debt financing, merger and acquisition (M&A), and initial public offering (IPO) activity is also identified where applicable to provide a complete picture of the capital available to start-up ventures in the space industry. Start-up space ventures attracted over $15 billion in financing of all types in 2021, breaking the $7.7 billion record set in 2020. It was a record setting year for the number of start-up space deals (+31% from 2020), investment (+95%), and average deal size (+48%). This paper finds over 1,500 unique investors in start-up space firms in the 21st century across six investor types. While private investors continued to pour large amounts of capital into start-up space ventures in 2021, the year also saw public markets emerge as a significant source of investment for companies across all space sectors, from launch to in-space services. In addition, a record number of M&A deals occurred in 2021 for start-up space companies, driven by an increasingly diverse set of investor types including private equity firms, recently public space companies, and legacy space incumbents. This paper characterizes the evolving market of start-up space investors, including special purpose acquisition vehicles (SPACs) as a mode to enable capital access for start-up space firms, as well as the continued global proliferation of space investment activity. Key questions this paper will address include: How has global investment activity in the start-up space industry evolved over time? How large is the start-up space industry, in terms of investment magnitude and number of companies and investors? How many start-up space ventures have received private financing, and from whom? How has investment activity in start-up space differed between sectors? How is investment activity in space start-ups proliferating internationally? How much M&A activity has occurred and how does it compare to prior years? How correlated is start-up space investment activity with broader private investment industry dynamics? This paper seeks to aid and inform decision-making in industry, government, and academia by providing the space community with rigorous analyzes of industry dynamics. Additionally, this paper seeks to educate investors, the aerospace industry, and the wider public about activity in the emerging start-up space ecosystem.",shared_title_different_abstract
2-s2.0-85142790088,1273,CHINA-ASEAN COOPERATION FUND,Xiujun X.,2022,"The Routledge Handbook of the Belt and Road, Second Edition",10.4324/9781003286202-75,https://www.scopus.com/pages/publications/85142790088?origin=resultslist,English,Book chapter,"In January 2007, at the tenth China-ASEAN Summit, China stated that it is willing to actively consider building a number of economic and trade cooperation zones with advanced infrastructure, complete industrial chains, high levels of linkages, driving force, and regional influence in the Association of Southeast Asia Nations (ASEAN) countries on the basis of mutual benefit and reciprocity, so as to achieve mutual benefit and common development with ASEAN countries at a higher level. As the China-ASEAN Free Trade Area is in full swing, demand for infrastructure connectivity increases and CAF has accelerated preparations. Initiated by China Import-Export Bank and approved by the State Council, China-ASEAN Cooperation Fund (CAF) is a private equity fund registered outside China, facilitating financing for economic cooperation between Chinese and ASEAN enterprises. In regard to the environment and social responsibility, CAF is dedicated to promoting the social and environmental development of the invested regions and improving quality of life.",154,"CHINA-ASEAN COOPERATION FUND

In January 2007, at the tenth China-ASEAN Summit, China stated that it is willing to actively consider building a number of economic and trade cooperation zones with advanced infrastructure, complete industrial chains, high levels of linkages, driving force, and regional influence in the Association of Southeast Asia Nations (ASEAN) countries on the basis of mutual benefit and reciprocity, so as to achieve mutual benefit and common development with ASEAN countries at a higher level. As the China-ASEAN Free Trade Area is in full swing, demand for infrastructure connectivity increases and CAF has accelerated preparations. Initiated by China Import-Export Bank and approved by the State Council, China-ASEAN Cooperation Fund (CAF) is a private equity fund registered outside China, facilitating financing for economic cooperation between Chinese and ASEAN enterprises. In regard to the environment and social responsibility, CAF is dedicated to promoting the social and environmental development of the invested regions and improving quality of life.",shared_title_different_abstract
2-s2.0-85205195909,1467,Introduction,Battaglia F.,2023,Women in Alternative Finance: Exploring the Benefits of Equity Crowdfunding,10.1007/978-3-031-43467-9_1,https://www.scopus.com/pages/publications/85205195909?origin=resultslist,English,Book chapter,"This chapter introduces the topics that will be covered in the following chapters of the book, by showing the reasons that led us to address this topic. As in the existing literature, there is substantial evidence that women are penalised with respect to men in many funding markets (i.e. private equity, institutional capital, and bank financing), female entrepreneurs have to find an answer elsewhere and seek funding from alternative channels. With this regard, there is some early evidence that women are not at a disadvantage compared to men in crowdfunding, where they even seem to perform better.",97,"Introduction

This chapter introduces the topics that will be covered in the following chapters of the book, by showing the reasons that led us to address this topic. As in the existing literature, there is substantial evidence that women are penalised with respect to men in many funding markets (i.e. private equity, institutional capital, and bank financing), female entrepreneurs have to find an answer elsewhere and seek funding from alternative channels. With this regard, there is some early evidence that women are not at a disadvantage compared to men in crowdfunding, where they even seem to perform better.",shared_title_different_abstract
2-s2.0-85126791504,1484,"Private Equity and Venture Capital in Europe: Markets, Techniques, and Deals",Caselli S.; Negri G.,2021,"Private Equity and Venture Capital in Europe: Markets, Techniques, and Deals",10.1016/b978-0-323-85401-6.09993-8,https://www.scopus.com/pages/publications/85126791504?origin=resultslist,English,Book,"Private Equity and Venture Capital in Europe: Markets, Techniques, and Deals, Third Edition introduces private equity, investments and venture capital markets while also presenting new information surrounding the core of private equity, including secondary markets, private debt, PPP within private equity, crowdfunding, venture philanthropy, impact investing, and more. Every chapter has been updated with new data, cases, examples, sections and chapters that illuminate elements unique to the European model. With the help of new pedagogical materials, this updated edition provides marketable insights about valuation and deal-making not available elsewhere. As the private equity world continues to undergo many challenges and opportunities, this book presents both fundamentals and advanced topics that will help readers stay informed on market evolution.",118,"Private Equity and Venture Capital in Europe: Markets, Techniques, and Deals

Private Equity and Venture Capital in Europe: Markets, Techniques, and Deals, Third Edition introduces private equity, investments and venture capital markets while also presenting new information surrounding the core of private equity, including secondary markets, private debt, PPP within private equity, crowdfunding, venture philanthropy, impact investing, and more. Every chapter has been updated with new data, cases, examples, sections and chapters that illuminate elements unique to the European model. With the help of new pedagogical materials, this updated edition provides marketable insights about valuation and deal-making not available elsewhere. As the private equity world continues to undergo many challenges and opportunities, this book presents both fundamentals and advanced topics that will help readers stay informed on market evolution.",shared_title_different_abstract
2-s2.0-85092612666,1565,"Corrigendum: Who is agile? An investigation of the psychological antecedents of workforce agility (GBOE, (2020), 39, 6, (28–38), 10.1002/joe.22055)",,2020,Global Business and Organizational Excellence,10.1002/joe.22067,https://www.scopus.com/pages/publications/85092612666?origin=resultslist,English,Erratum,"In the manuscript “Storme M, Suleyman O, Gotlib M, Lubart T. Who is agile? An investigation of the psychological antecedents of workforce agility. GBOE. 2020;39(6):28–38. https://doi.org/10.1,002/joe.22055, the co-author's biography was incorrect: Michel Gotlib is founder and CEO of Bloom Consulting, a company specialized in workforce agility. Michel has been marketing executive at Coca-Cola, and chief operating officer at Havas Sports & Entertainment. Passionate about subjects related to agility, Michel has developed programs to foster agility in organizations. He can be reached at michel@gotlib.fr The correct co-author's biography should have read as follow: Michel Gotlib is the CEO of Bloom Acceleration and Ideas, a company specializing in workforce agility. For ten years, Michel has focused on innovation and business acceleration initiatives for Fast-Moving Consumer Goods' companies, disruptive start-ups, and technology private equity funds. He was previously Chief Marketing Officer of The Coca-Cola Company Northwest Europe and Chief Operating Officer at Havas Sports & Entertainment. He is the co-founder of Trace Academia, an e-learning platform in Africa, launched in march 2020, with the support of the main global international education organizations, to fight youth unemployment. Passionate about subjects related to agility, Michel has developed programs to foster agility in organization. He can be reached at michelgotlib@me.com.",204,"Corrigendum: Who is agile? An investigation of the psychological antecedents of workforce agility (GBOE, (2020), 39, 6, (28–38), 10.1002/joe.22055)

In the manuscript “Storme M, Suleyman O, Gotlib M, Lubart T. Who is agile? An investigation of the psychological antecedents of workforce agility. GBOE. 2020;39(6):28–38. https://doi.org/10.1,002/joe.22055, the co-author's biography was incorrect: Michel Gotlib is founder and CEO of Bloom Consulting, a company specialized in workforce agility. Michel has been marketing executive at Coca-Cola, and chief operating officer at Havas Sports & Entertainment. Passionate about subjects related to agility, Michel has developed programs to foster agility in organizations. He can be reached at michel@gotlib.fr The correct co-author's biography should have read as follow: Michel Gotlib is the CEO of Bloom Acceleration and Ideas, a company specializing in workforce agility. For ten years, Michel has focused on innovation and business acceleration initiatives for Fast-Moving Consumer Goods' companies, disruptive start-ups, and technology private equity funds. He was previously Chief Marketing Officer of The Coca-Cola Company Northwest Europe and Chief Operating Officer at Havas Sports & Entertainment. He is the co-founder of Trace Academia, an e-learning platform in Africa, launched in march 2020, with the support of the main global international education organizations, to fight youth unemployment. Passionate about subjects related to agility, Michel has developed programs to foster agility in organization. He can be reached at michelgotlib@me.com.",erratum
2-s2.0-85091064492,1567,"Profile of elevate textiles: A global trailblazer in performance fabrics, threads and technologies",,2020,Performance Apparel Markets,,https://www.scopus.com/pages/publications/85091064492?origin=resultslist,English,Article,"Elevate Textiles-a company headquartered in Charlotte, North Carolina, USA, and owned by the private equity investment company Platinum Equity-caters to several industries, including automotive, apparel, interiors and speciality products. It does so through a number of brands which are subsidiaries of the company, namely American & Efird (A&E), Burlington, Cone Denim, and Safety Components. American & Efird (A&E) is a manufacturer and distributor of sewing thread, embroidery thread and technical textiles and, additionally, it owns Gutermann-a brand of industrial sewing threads and consumer sewing threads. Burlington is a producer of performance fabrics, Cone Denim is a producer of denim fabrics, and Safety Components develops technologically advanced performance textiles. Elevate Textiles considers itself to be a global leader in research and development (R&D) and has a number of brands and products which, it claims, offer innovative design, strength, reliability and sustainability. The company aims to protect the environment and it does so by investing in equipment and programmes which are designed to ensure that the by-products of its manufacturing processes do not negatively impact air, land or water. Looking to the future, Elevate Textiles has committed to achieving three key environmental goals across its portfolio of brands by 2025 and, as part of this commitment, it is working in partnership with leading companies and organisations which it considers to be dedicated to responsible practices and innovation. The company has pledged to increase its production of medical barrier fabrics, and to transition some of its loom capacity to help in the production of these fabrics in a bid to meet demand and provide personal protective equipment (PPE) for frontline workers fighting to save lives and combat the spread of COVID-19. Meanwhile, it will continue to innovate in the field of environmentally sustainable fabrics, threads and textile technologies. However, as the ramifications of COVID-19 look set to persist, the company must continue to assess its priorities and adjust its brands' supply chains to enable it to cater to evolving consumer behaviour and volatile market conditions.",332,"Profile of elevate textiles: A global trailblazer in performance fabrics, threads and technologies

Elevate Textiles-a company headquartered in Charlotte, North Carolina, USA, and owned by the private equity investment company Platinum Equity-caters to several industries, including automotive, apparel, interiors and speciality products. It does so through a number of brands which are subsidiaries of the company, namely American & Efird (A&E), Burlington, Cone Denim, and Safety Components. American & Efird (A&E) is a manufacturer and distributor of sewing thread, embroidery thread and technical textiles and, additionally, it owns Gutermann-a brand of industrial sewing threads and consumer sewing threads. Burlington is a producer of performance fabrics, Cone Denim is a producer of denim fabrics, and Safety Components develops technologically advanced performance textiles. Elevate Textiles considers itself to be a global leader in research and development (R&D) and has a number of brands and products which, it claims, offer innovative design, strength, reliability and sustainability. The company aims to protect the environment and it does so by investing in equipment and programmes which are designed to ensure that the by-products of its manufacturing processes do not negatively impact air, land or water. Looking to the future, Elevate Textiles has committed to achieving three key environmental goals across its portfolio of brands by 2025 and, as part of this commitment, it is working in partnership with leading companies and organisations which it considers to be dedicated to responsible practices and innovation. The company has pledged to increase its production of medical barrier fabrics, and to transition some of its loom capacity to help in the production of these fabrics in a bid to meet demand and provide personal protective equipment (PPE) for frontline workers fighting to save lives and combat the spread of COVID-19. Meanwhile, it will continue to innovate in the field of environmentally sustainable fabrics, threads and textile technologies. However, as the ramifications of COVID-19 look set to persist, the company must continue to assess its priorities and adjust its brands' supply chains to enable it to cater to evolving consumer behaviour and volatile market conditions.",shared_title_different_abstract
2-s2.0-85042525870,1666,Correction to: The interplay of national distances and regional networks: Private equity investments in emerging markets (Journal of International Business Studies (2018) DOI: 10.1057/s41267-017-0141-5),Mingo S.; Morales F.; Dau L.A.,2018,Journal of International Business Studies,10.1057/s41267-018-0145-9,https://www.scopus.com/pages/publications/85042525870?origin=resultslist,English,Erratum,The licence for this article has been modified since online publication. This article is now available under a CC-BY licence. We apologise to the author that this was not applied before first publication. No other changes have been made to the content.,42,"Correction to: The interplay of national distances and regional networks: Private equity investments in emerging markets (Journal of International Business Studies (2018) DOI: 10.1057/s41267-017-0141-5)

The licence for this article has been modified since online publication. This article is now available under a CC-BY licence. We apologise to the author that this was not applied before first publication. No other changes have been made to the content.",erratum
2-s2.0-85081337134,1755,Annual survey of judicial developments pertaining to private equity and venture capital,,2019,Business Lawyer,,https://www.scopus.com/pages/publications/85081337134?origin=resultslist,English,Article,"In Basho Technologies Holdco B, LLC v. Georgetown Basho Investors, LLC,2 the Delaware Court of Chancery found that minority stockholders of a venturebacked corporation owed it fiduciary duties because they effectively controlled certain of its transactions and that they had breached those duties. In so finding, the Delaware Court of Chancery addressed the potential for fiduciary duty claims to be asserted against venture capital firms that may be situated as minority stockholders, but exercise effective control over a portfolio company.",80,"Annual survey of judicial developments pertaining to private equity and venture capital

In Basho Technologies Holdco B, LLC v. Georgetown Basho Investors, LLC,2 the Delaware Court of Chancery found that minority stockholders of a venturebacked corporation owed it fiduciary duties because they effectively controlled certain of its transactions and that they had breached those duties. In so finding, the Delaware Court of Chancery addressed the potential for fiduciary duty claims to be asserted against venture capital firms that may be situated as minority stockholders, but exercise effective control over a portfolio company.",shared_title_different_abstract
2-s2.0-85100942049,1768,Start-up space: Global investment trends,Christensen C.; Shar M.; Starzyk J.; Boensch N.; Potter S.,2020,"Proceedings of the International Astronautical Congress, IAC",,https://www.scopus.com/pages/publications/85100942049?origin=resultslist,English,Conference paper,"Start-up space ventures have attracted over US$27.8 billion in investment since the year 2000, including $12.5 billion in early and late stage venture capital, $4.6 billion in seed financing, and $5.1 billion in debt financing. In 2019, $5.7 billion in financing of all types was invested into start-up space ventures, shattering the $3.5 billion record set the previous year. This paper has identified 967 unique investors in start-up space firms in the 21st century across six investor types (angel investors, venture capital firms, private equity firms, banks, corporations, and public markets), an increase of 38 percent from last year. This paper analyzes space investment trends globally, including the geographic distribution of investors and space start-ups. While U.S. start-ups have traditionally dominated start-up space, start-up activity is quickly diversifying to other world regions comprising dozens of countries. For example, for the first time, the number of non-U.S. companies receiving investment in 2019 exceeded the number of U.S. companies, making up nearly 60% of start-up companies receiving investment this past year. Non-U.S. investors also participated more in 2019, comprising 62% of investors that year. This paper highlights the increasingly global investment activity, particularly in ventures from China, which have experienced the most start-up space activity in the past few years, following only the United States. Key questions this paper will address include: • How has global investment activity in the start-up space industry evolved over time? • How does investment activity in 2019 compare to overall investment since 2000? How does it compare to prior investment activity? • How large is the start-up space industry, in terms of investment magnitude and number of companies and investors? • How many start-up space ventures have received private financing, and from whom? • Where are space start-ups and investors headquartered? • What types of capital is the space industry attracting year-to-year, and how does that differ by region? • How much MA activity has occurred and how does it compare to prior years? The paper is based on an extensive set of validated, publicly sourced investment data covering the past nineteen years providing insight into worldwide start-up space trends. This paper seeks to aid and inform decision-making in industry, government, and academia by providing the space community with rigorous analyses of industry dynamics. Additionally, this paper seeks to educate investors, the aerospace industry, and the wider public about activity in the emerging start-up space ecosystem.",400,"Start-up space: Global investment trends

Start-up space ventures have attracted over US$27.8 billion in investment since the year 2000, including $12.5 billion in early and late stage venture capital, $4.6 billion in seed financing, and $5.1 billion in debt financing. In 2019, $5.7 billion in financing of all types was invested into start-up space ventures, shattering the $3.5 billion record set the previous year. This paper has identified 967 unique investors in start-up space firms in the 21st century across six investor types (angel investors, venture capital firms, private equity firms, banks, corporations, and public markets), an increase of 38 percent from last year. This paper analyzes space investment trends globally, including the geographic distribution of investors and space start-ups. While U.S. start-ups have traditionally dominated start-up space, start-up activity is quickly diversifying to other world regions comprising dozens of countries. For example, for the first time, the number of non-U.S. companies receiving investment in 2019 exceeded the number of U.S. companies, making up nearly 60% of start-up companies receiving investment this past year. Non-U.S. investors also participated more in 2019, comprising 62% of investors that year. This paper highlights the increasingly global investment activity, particularly in ventures from China, which have experienced the most start-up space activity in the past few years, following only the United States. Key questions this paper will address include: • How has global investment activity in the start-up space industry evolved over time? • How does investment activity in 2019 compare to overall investment since 2000? How does it compare to prior investment activity? • How large is the start-up space industry, in terms of investment magnitude and number of companies and investors? • How many start-up space ventures have received private financing, and from whom? • Where are space start-ups and investors headquartered? • What types of capital is the space industry attracting year-to-year, and how does that differ by region? • How much MA activity has occurred and how does it compare to prior years? The paper is based on an extensive set of validated, publicly sourced investment data covering the past nineteen years providing insight into worldwide start-up space trends. This paper seeks to aid and inform decision-making in industry, government, and academia by providing the space community with rigorous analyses of industry dynamics. Additionally, this paper seeks to educate investors, the aerospace industry, and the wider public about activity in the emerging start-up space ecosystem.",shared_title_different_abstract
2-s2.0-85135315173,1773,CHINA-ASEAN COOPERATION FUND,Xiujun X.,2019,Routledge Handbook of the Belt and Road,10.4324/9780429203039-56,https://www.scopus.com/pages/publications/85135315173?origin=resultslist,English,Book chapter,"Initiated by China Import-Export Bank and approved by the State Council, Corporation Andina de Fomento (CAF) is a private equity fund registered outside China, facilitating financing for economic cooperation between Chinese and ASEAN enterprises. In the 11th China-ASEAN Summit hosted in November 2007, China advocated strengthening connectivity in highways, railways, waterways, aviation and information communications to meet the growing need for bilateral trade cooperation, which was widely responded by ASEAN leaders. In regard to the environment and social responsibility, CAF is dedicated to promoting the social and environmental development of the invested regions and improving quality of life. On top of regulations on society and environment, CAF follows multiple policies on anti-corruption and anti-money laundry. CAF has established a set of a comprehensive management system for the environment and social responsibilities that permeates the whole process of selection and evaluation for potential projects by the investment team.",147,"CHINA-ASEAN COOPERATION FUND

Initiated by China Import-Export Bank and approved by the State Council, Corporation Andina de Fomento (CAF) is a private equity fund registered outside China, facilitating financing for economic cooperation between Chinese and ASEAN enterprises. In the 11th China-ASEAN Summit hosted in November 2007, China advocated strengthening connectivity in highways, railways, waterways, aviation and information communications to meet the growing need for bilateral trade cooperation, which was widely responded by ASEAN leaders. In regard to the environment and social responsibility, CAF is dedicated to promoting the social and environmental development of the invested regions and improving quality of life. On top of regulations on society and environment, CAF follows multiple policies on anti-corruption and anti-money laundry. CAF has established a set of a comprehensive management system for the environment and social responsibilities that permeates the whole process of selection and evaluation for potential projects by the investment team.",shared_title_different_abstract
2-s2.0-85118678165,1807,"Profile of elevate textiles: A global trailblazer in performance fabrics, threads and technologies",,2020,Textile Outlook International,,https://www.scopus.com/pages/publications/85118678165?origin=resultslist,English,Article,"Elevate Textiles—a company headquartered in Charlotte, North Carolina, USA, and owned by the private equity investment company Platinum Equity—caters to several industries, including automotive, apparel, interiors and speciality products. It does so through a number of brands which are subsidiaries of the company, namely American & Efird (A&E), Burlington, Cone Denim, and Safety Components. American & Efird (A&E) is a manufacturer and distributor of sewing thread, embroidery thread and technical textiles and, additionally, it owns Gütermann—a brand of industrial sewing threads and consumer sewing threads. Burlington is a producer of performance fabrics, Cone Denim is a producer of denim fabrics, and Safety Components develops technologically advanced performance textiles. Elevate Textiles considers itself to be a global leader in research and development (R&D) and has a number of brands and products which, it claims, offer innovative design, strength, reliability and sustainability. The company aims to protect the environment and it does so by investing in equipment and programmes which are designed to ensure that the by-products of its manufacturing processes do not negatively impact air, land or water. Looking to the future, Elevate Textiles has committed to achieving three key environmental goals across its portfolio of brands by 2025 and, as part of this commitment, it is working in partnership with leading companies and organisations which it considers to be dedicated to responsible practices and innovation. The company has pledged to increase its production of medical barrier fabrics, and to transition some of its loom capacity to help in the production of these fabrics in a bid to meet demand and provide personal protective equipment (PPE) for frontline workers fighting to save lives and combat the spread of COVID-19. Meanwhile, it will continue to innovate in the field of environmentally sustainable fabrics, threads and textile technologies. However, as the ramifications of COVID-19 look set to persist, the company must continue to assess its priorities and adjust its brands’ supply chains to enable it to cater to evolving consumer behaviour and volatile market conditions.",332,"Profile of elevate textiles: A global trailblazer in performance fabrics, threads and technologies

Elevate Textiles—a company headquartered in Charlotte, North Carolina, USA, and owned by the private equity investment company Platinum Equity—caters to several industries, including automotive, apparel, interiors and speciality products. It does so through a number of brands which are subsidiaries of the company, namely American & Efird (A&E), Burlington, Cone Denim, and Safety Components. American & Efird (A&E) is a manufacturer and distributor of sewing thread, embroidery thread and technical textiles and, additionally, it owns Gütermann—a brand of industrial sewing threads and consumer sewing threads. Burlington is a producer of performance fabrics, Cone Denim is a producer of denim fabrics, and Safety Components develops technologically advanced performance textiles. Elevate Textiles considers itself to be a global leader in research and development (R&D) and has a number of brands and products which, it claims, offer innovative design, strength, reliability and sustainability. The company aims to protect the environment and it does so by investing in equipment and programmes which are designed to ensure that the by-products of its manufacturing processes do not negatively impact air, land or water. Looking to the future, Elevate Textiles has committed to achieving three key environmental goals across its portfolio of brands by 2025 and, as part of this commitment, it is working in partnership with leading companies and organisations which it considers to be dedicated to responsible practices and innovation. The company has pledged to increase its production of medical barrier fabrics, and to transition some of its loom capacity to help in the production of these fabrics in a bid to meet demand and provide personal protective equipment (PPE) for frontline workers fighting to save lives and combat the spread of COVID-19. Meanwhile, it will continue to innovate in the field of environmentally sustainable fabrics, threads and textile technologies. However, as the ramifications of COVID-19 look set to persist, the company must continue to assess its priorities and adjust its brands’ supply chains to enable it to cater to evolving consumer behaviour and volatile market conditions.",shared_title_different_abstract
2-s2.0-105034358830,1862,"Financial Centers, International",Meyer D.R.,2019,International Encyclopedia of Human Geography,10.1016/b978-0-08-102295-5.10062-9,https://www.scopus.com/pages/publications/105034358830?origin=resultslist,English,Book chapter,"Precursors of modern international financial centers can be traced to cities such as Venice, Florence, and Genoa in the 13th to 15th centuries. By the early 20th Century, London, New York, Hong Kong, and Singapore were major international financial centers, with London the global leader. These centers house the key decision makers who exchange capital in money and commodity form. They work in diverse sectors of finance, including commercial and investment banking, fund management, hedge funds, private equity, venture capital, private wealth management, and proprietary trading. The leading centers likely will remain pivots of global networks over the next decades. Selected changes in global finance, including China's “Belt & Road,” FinTech, and high-frequency trading on exchanges, however, will raise new opportunities and challenges for financial centers that will reinforce existing networks at the upper levels, as well as lead to alteration of the financial center networks.",146,"Financial Centers, International

Precursors of modern international financial centers can be traced to cities such as Venice, Florence, and Genoa in the 13th to 15th centuries. By the early 20th Century, London, New York, Hong Kong, and Singapore were major international financial centers, with London the global leader. These centers house the key decision makers who exchange capital in money and commodity form. They work in diverse sectors of finance, including commercial and investment banking, fund management, hedge funds, private equity, venture capital, private wealth management, and proprietary trading. The leading centers likely will remain pivots of global networks over the next decades. Selected changes in global finance, including China's “Belt & Road,” FinTech, and high-frequency trading on exchanges, however, will raise new opportunities and challenges for financial centers that will reinforce existing networks at the upper levels, as well as lead to alteration of the financial center networks.",shared_title_different_abstract
2-s2.0-85079181445,1948,Start-up space: Global investment trends,Shar M.; Christensen C.; Castillo J.; Mazzotta G.; Riesbeck L.; Wieger A.,2019,"Proceedings of the International Astronautical Congress, IAC",,https://www.scopus.com/pages/publications/85079181445?origin=resultslist,English,Conference paper,"Start-up space ventures have attracted over US$21.8 billion in investment since the year 2000, including $8.4 billion in early and late stage venture capital, $3.1 billion in seed financing, and $4.7 billion in debt financing. This cumulative study has identified 701 unique investors in start-up space firms in the 21st century across six investor types (angel investors, venture capital firms, private equity firms, banks, corporations, and public markets), an increase of 6 from last year. This paper analyzes space investment trends globally, including the geographic distribution of investors and space start-ups. Though start-up space companies and investors are still concentrated in the United States, investment and start-up activity is quickly diversifying to other world regions comprising dozens of countries. For example, this report highlights the increasing investment activity in Chinese ventures, as well as the nuances of Chinese commercial space capability development in recent years. Key questions this paper will address include: • How has global investment activity in the start-up space industry evolved over time? • How does investment activity in 2018 compare to overall investment since 2000? How does it compare to 2017 investment activity? • How large is the start-up space industry, in terms of investment magnitude and number of companies and investors? • How many start-up space ventures have received private financing, and from whom? • Where are space start-ups and investors headquartered? • What types of capital is the space industry attracting year-to-year, and how does that differ by region? The paper is based on an extensive set of validated, publicly sourced investment data covering the past nineteen years providing insight into worldwide start-up space trends. This report seeks to aid and inform decision-making in industry, government, and academia by providing the space community with rigorous analyses of industry dynamics. Additionally, this report seeks to educate investors, the aerospace industry, and the wider public about activity in the emerging start-up space ecosystem.",317,"Start-up space: Global investment trends

Start-up space ventures have attracted over US$21.8 billion in investment since the year 2000, including $8.4 billion in early and late stage venture capital, $3.1 billion in seed financing, and $4.7 billion in debt financing. This cumulative study has identified 701 unique investors in start-up space firms in the 21st century across six investor types (angel investors, venture capital firms, private equity firms, banks, corporations, and public markets), an increase of 6 from last year. This paper analyzes space investment trends globally, including the geographic distribution of investors and space start-ups. Though start-up space companies and investors are still concentrated in the United States, investment and start-up activity is quickly diversifying to other world regions comprising dozens of countries. For example, this report highlights the increasing investment activity in Chinese ventures, as well as the nuances of Chinese commercial space capability development in recent years. Key questions this paper will address include: • How has global investment activity in the start-up space industry evolved over time? • How does investment activity in 2018 compare to overall investment since 2000? How does it compare to 2017 investment activity? • How large is the start-up space industry, in terms of investment magnitude and number of companies and investors? • How many start-up space ventures have received private financing, and from whom? • Where are space start-ups and investors headquartered? • What types of capital is the space industry attracting year-to-year, and how does that differ by region? The paper is based on an extensive set of validated, publicly sourced investment data covering the past nineteen years providing insight into worldwide start-up space trends. This report seeks to aid and inform decision-making in industry, government, and academia by providing the space community with rigorous analyses of industry dynamics. Additionally, this report seeks to educate investors, the aerospace industry, and the wider public about activity in the emerging start-up space ecosystem.",shared_title_different_abstract
2-s2.0-85079159502,1971,Space environment management: Framing the objective and setting priorities for controlling orbital debris risk,Maclay T.; McKnight D.,2019,"Proceedings of the International Astronautical Congress, IAC",,https://www.scopus.com/pages/publications/85079159502?origin=resultslist,English,Conference paper,"Interest in orbital debris risk has been on the rise in recent years, as small satellites are launched in accelerating numbers, proposals for large low-Earth orbit (LEO) constellations mature, and the orbital debris population continues to grow. Environmental models are being exercised to predict collisional risk, private equity is now supporting the development of commercial Space Situational Awareness (SSA) and Active Debris Removal (ADR) services, and debris mitigation best practices and licensing guidelines are being updated by industry groups and national administrations. These are all positive responses to an increasingly challenging space operational environment, but as is often the case, we tend to rush to solutions before adequately defining the problem we are trying to solve. The authors propose Space Operations Assurance (SOA) as a deceptively simple objective for an industry operating in a debris-laden space environment, and establish the lethal nontrackable (LNT) debris population as the primary risk to assured operations in space. The authors then make the case that SAA and Space Traffic Management (STM) alone are insufficient responses to collision risk and propose Space Environment Management (SEM), consisting of both debris mitigation and debris remediation, as a critical component of a comprehensive framework the space community can use to assess the efficacy of its efforts and to prioritize the appropriation of its resources. The paper concludes with recommendations for setting priorities and directing the community's efforts and resources.",231,"Space environment management: Framing the objective and setting priorities for controlling orbital debris risk

Interest in orbital debris risk has been on the rise in recent years, as small satellites are launched in accelerating numbers, proposals for large low-Earth orbit (LEO) constellations mature, and the orbital debris population continues to grow. Environmental models are being exercised to predict collisional risk, private equity is now supporting the development of commercial Space Situational Awareness (SSA) and Active Debris Removal (ADR) services, and debris mitigation best practices and licensing guidelines are being updated by industry groups and national administrations. These are all positive responses to an increasingly challenging space operational environment, but as is often the case, we tend to rush to solutions before adequately defining the problem we are trying to solve. The authors propose Space Operations Assurance (SOA) as a deceptively simple objective for an industry operating in a debris-laden space environment, and establish the lethal nontrackable (LNT) debris population as the primary risk to assured operations in space. The authors then make the case that SAA and Space Traffic Management (STM) alone are insufficient responses to collision risk and propose Space Environment Management (SEM), consisting of both debris mitigation and debris remediation, as a critical component of a comprehensive framework the space community can use to assess the efficacy of its efforts and to prioritize the appropriation of its resources. The paper concludes with recommendations for setting priorities and directing the community's efforts and resources.",shared_title_different_abstract
2-s2.0-105011245265,1987,Annual Survey of Judicial Developments Pertaining to Private Equity and Venture Capital,Stark L.R.; Mullen T.A.; Millard P.L.; Ronan A.K.; Kirkpatrick S.M.; Hedrick L.J.; Brad Dave T.,2020,Business Lawyer,,https://www.scopus.com/pages/publications/105011245265?origin=resultslist,English,Article,"In Reith v. Lichtenstein, the Delaware Court of Chancery refused to dismiss plaintiff’s breach of fiduciary duty claims, finding it reasonably conceivable that a 35.62 percent stockholder was a controller that owed fiduciary duties to the corporation’s other stockholders based on the size of the controller’s equity ownership, its board representation, its management services agreement with the company, and its affiliation with senior company executives. Based on this finding, the court concluded that the entire fairness standard of review applied to its review of a preferred stock financing between the company and the controller and the issuance of equity grants to controller-affiliated board members. The court also refused to dismiss certain breach of fiduciary duty claims against the independent directors of the board for their knowing approval of equity issuances in violation of the terms of the company’s existing equity incentive plan, and it held that plaintiff adequately pled disclosure claims for misstatements and omissions in the proxy statement disclosing the proposed amendments to the equity incentive plan.",168,"Annual Survey of Judicial Developments Pertaining to Private Equity and Venture Capital

In Reith v. Lichtenstein, the Delaware Court of Chancery refused to dismiss plaintiff’s breach of fiduciary duty claims, finding it reasonably conceivable that a 35.62 percent stockholder was a controller that owed fiduciary duties to the corporation’s other stockholders based on the size of the controller’s equity ownership, its board representation, its management services agreement with the company, and its affiliation with senior company executives. Based on this finding, the court concluded that the entire fairness standard of review applied to its review of a preferred stock financing between the company and the controller and the issuance of equity grants to controller-affiliated board members. The court also refused to dismiss certain breach of fiduciary duty claims against the independent directors of the board for their knowing approval of equity issuances in violation of the terms of the company’s existing equity incentive plan, and it held that plaintiff adequately pled disclosure claims for misstatements and omissions in the proxy statement disclosing the proposed amendments to the equity incentive plan.",shared_title_different_abstract
2-s2.0-85068851268,2005,Portfolio diversification policies: Alternative asset classes,Basile I.,2016,Asset Management and Institutional Investors,10.1007/978-3-319-32796-9_10,https://www.scopus.com/pages/publications/85068851268?origin=resultslist,English,Book chapter,"Alternative investments have been subject for debate for a long time, both in scientific literature and in practice, from two points of view: on the one hand, from the defining perspective, which is aimed to determine what is understood as an alternative investment; on the other hand, from the management perspective, based on defining rationally which weight should be attributed to these asset classes within the context of investment policies. The inclusion of alternative investments in the asset allocation of an institutional investor satisfies the primary need to achieve the optimal risk-return trade-off of a portfolio. Historically, alternative asset classes have shown capability to reward risk, when measured exclusively by variance, more successfully than traditional instruments. In addition, alternative investments have proved to be uncorrelated to equity and fixed income asset classes. The benefits deriving from the inclusion of alternative assets in a financial portfolio cannot be fully evaluated without considering distribution moments higher than the second. This chapter, therefore, analyses the construction of optimal portfolios following the multiple objective model developed by Davies, Kat and Lu (DKL), where investors can decide the level of exposure to each of the four moments of return distribution.",195,"Portfolio diversification policies: Alternative asset classes

Alternative investments have been subject for debate for a long time, both in scientific literature and in practice, from two points of view: on the one hand, from the defining perspective, which is aimed to determine what is understood as an alternative investment; on the other hand, from the management perspective, based on defining rationally which weight should be attributed to these asset classes within the context of investment policies. The inclusion of alternative investments in the asset allocation of an institutional investor satisfies the primary need to achieve the optimal risk-return trade-off of a portfolio. Historically, alternative asset classes have shown capability to reward risk, when measured exclusively by variance, more successfully than traditional instruments. In addition, alternative investments have proved to be uncorrelated to equity and fixed income asset classes. The benefits deriving from the inclusion of alternative assets in a financial portfolio cannot be fully evaluated without considering distribution moments higher than the second. This chapter, therefore, analyses the construction of optimal portfolios following the multiple objective model developed by Davies, Kat and Lu (DKL), where investors can decide the level of exposure to each of the four moments of return distribution.",shared_title_different_abstract
2-s2.0-85068863394,2237,Private equity,Abate G.,2016,Asset Management and Institutional Investors,10.1007/978-3-319-32796-9_13,https://www.scopus.com/pages/publications/85068863394?origin=resultslist,English,Book chapter,"The distinctive features of private equity are the object of this chapter. Different implementation strategies and different risk and return profiles depend on the stage of the company’s life cycle in which the private equity transactions take place. These aspects are examined in detail in the chapter, which provides an analysis of the different investment management strategies. The private equity asset class can be accessed directly, through participation in the equity of one or more companies, or indirectly, using various investment vehicles, each one with specific characteristics. Therefore, this chapter analyses private equity funds, special purpose acquisition companies (SPACs), private equity investment companies, other listed private equity vehicles, and exchange traded funds (ETFs) of the private equity asset class. The investment strategies typical of private equity are characterised by a finite time horizon, as they generally involve an established date by which the transaction should be completed through the sale of the shareholding. This asset class requires, therefore, the use of typical performance measures, which are illustrated in detail by this chapter. The peculiar risks of private equity and the phenomenon of discount-to-NAV in listed private equity investment vehicles are object of further examination.",194,"Private equity

The distinctive features of private equity are the object of this chapter. Different implementation strategies and different risk and return profiles depend on the stage of the company’s life cycle in which the private equity transactions take place. These aspects are examined in detail in the chapter, which provides an analysis of the different investment management strategies. The private equity asset class can be accessed directly, through participation in the equity of one or more companies, or indirectly, using various investment vehicles, each one with specific characteristics. Therefore, this chapter analyses private equity funds, special purpose acquisition companies (SPACs), private equity investment companies, other listed private equity vehicles, and exchange traded funds (ETFs) of the private equity asset class. The investment strategies typical of private equity are characterised by a finite time horizon, as they generally involve an established date by which the transaction should be completed through the sale of the shareholding. This asset class requires, therefore, the use of typical performance measures, which are illustrated in detail by this chapter. The peculiar risks of private equity and the phenomenon of discount-to-NAV in listed private equity investment vehicles are object of further examination.",shared_title_different_abstract
2-s2.0-85080803874,2442,"Private equity and venture capital in Europe: Markets, techniques, and deals",Caselli S.; Negri G.,2018,"Private Equity and Venture Capital in Europe: Markets, Techniques, and Deals",10.1016/c2016-0-01918-6,https://www.scopus.com/pages/publications/85080803874?origin=resultslist,English,Book,"Global financial markets might seem as if they increasingly resemble each other, but a lot of peculiar aspects qualify different markets with different levels of development. Private equity investors can take advantage of these variations. Structured to provide a taxonomy of the business, Private Equity and Venture Capital in Europe, Second Edition, introduces private equity and venture capital markets while presenting new information about the core of private equity: secondary markets, private debt, PPP within private equity, crowdfunding, venture philanthropy, impact investing, and more. Every chapter has been updated, and new data, cases, examples, sections, and chapters illuminate elements unique to the European model. With the help of new pedagogical materials, this Second Edition provides marketable insights about valuation and deal-making not available elsewhere.",124,"Private equity and venture capital in Europe: Markets, techniques, and deals

Global financial markets might seem as if they increasingly resemble each other, but a lot of peculiar aspects qualify different markets with different levels of development. Private equity investors can take advantage of these variations. Structured to provide a taxonomy of the business, Private Equity and Venture Capital in Europe, Second Edition, introduces private equity and venture capital markets while presenting new information about the core of private equity: secondary markets, private debt, PPP within private equity, crowdfunding, venture philanthropy, impact investing, and more. Every chapter has been updated, and new data, cases, examples, sections, and chapters illuminate elements unique to the European model. With the help of new pedagogical materials, this Second Edition provides marketable insights about valuation and deal-making not available elsewhere.",shared_title_different_abstract
2-s2.0-85088742394,2506,Start-up space: Interim results,Christensen C.; Armstrong K.; Perrino R.; Hill M.,2015,AIAA SPACE 2015 Conference and Exposition,10.2514/6.2015-4405,https://www.scopus.com/pages/publications/85088742394?origin=resultslist,English,Conference paper,"This paper provides an overview, current status, and selected preliminary findings of a study being conducted by The Tauri Group on investment in commercial space in the 21st century, Start-Up Space. The study includes investments in space companies by angel investors, venture capital firms, private equity groups, banks, corporations, and others. This paper higlights preliminary findings on the level of investment activity since 2000, types of investor, and typical investments.",70,"Start-up space: Interim results

This paper provides an overview, current status, and selected preliminary findings of a study being conducted by The Tauri Group on investment in commercial space in the 21st century, Start-Up Space. The study includes investments in space companies by angel investors, venture capital firms, private equity groups, banks, corporations, and others. This paper higlights preliminary findings on the level of investment activity since 2000, types of investor, and typical investments.",shared_title_different_abstract
2-s2.0-84919665018,2517,Leveraged Buyouts,Dalko V.,2012,The Handbook of Mergers and Acquisitions,10.1093/acprof:oso/9780199601462.003.0012,https://www.scopus.com/pages/publications/84919665018?origin=resultslist,English,Book chapter,"Leveraged buyouts have been the fastest-growing segment of mergers and acquisitions (M&A), especially since 2001. Behind such a surge is the globalization of private equity (PE)-sponsored leveraged buyouts (LBOs). Historically, LBOs were greeted as the ""solution to the agency problem"" by academics in the 1980s, and were promoted as the solution to the problem of the otherwise lackluster return to M&As. As more attention has been paid to this question by academic researchers recently, a rather different picture of reality has emerged.",82,"Leveraged Buyouts

Leveraged buyouts have been the fastest-growing segment of mergers and acquisitions (M&A), especially since 2001. Behind such a surge is the globalization of private equity (PE)-sponsored leveraged buyouts (LBOs). Historically, LBOs were greeted as the ""solution to the agency problem"" by academics in the 1980s, and were promoted as the solution to the problem of the otherwise lackluster return to M&As. As more attention has been paid to this question by academic researchers recently, a rather different picture of reality has emerged.",shared_title_different_abstract
2-s2.0-84930466294,2531,Managerial carrots and sticks: Encouraging strategy implementation,Leaptrott J.; Michael McDonald J.; Wilson J.W.,2014,Journal of the International Academy for Case Studies,,https://www.scopus.com/pages/publications/84930466294?origin=resultslist,English,Article,"Case Description: This case addresses many strategic management issues. Selected issues related to the formulation and implementation of both low cost and differentiation strategies are illustrated. The importance of lower level managers embracing their company's strategy and showing initiative to implement that strategy is also highlighted. The case illustrates the importance of having these managers understand and recognize the need to use informational resources available within an organization to objectively assess their area of responsibility in the context of strategy implementation and gives examples of how they can act constructively based on that information. Other topics include a discussion of challenges in transitioning from the role of college student to employee and from employee to manager. The case also provides students with a perspective as to how they might be evaluated by their superiors once they are employed as managers. The case has a difficulty level appropriate for senior level and graduate level students in strategic management courses. The case is designed to be taught in 1-2 class hours and is expected to require 3 hours of outside preparation by students. Case Synopsis: The case chronicles the strategic evolution of a fictitious privately held small local company that grew to become a midsize regional sporting goods retailer. The company was founded by three brothers who used their enthusiasm for sports and the knowledge gained from their participation in those sports to formulate and implement a successful differentiation strategy. This strategy resulted in steady growth of the company in multiple locations. A private equity firm bought the company and after a failed attempt at pursuing a strategy primarily designed to lower costs and increase profitability prior to an initial public offering, the firm replaced their CEO hired to pursue that strategy with a new CEO who is orchestrating a return to a differentiation strategy. The company has now regained profitability by returning to that strategy.",314,"Managerial carrots and sticks: Encouraging strategy implementation

Case Description: This case addresses many strategic management issues. Selected issues related to the formulation and implementation of both low cost and differentiation strategies are illustrated. The importance of lower level managers embracing their company's strategy and showing initiative to implement that strategy is also highlighted. The case illustrates the importance of having these managers understand and recognize the need to use informational resources available within an organization to objectively assess their area of responsibility in the context of strategy implementation and gives examples of how they can act constructively based on that information. Other topics include a discussion of challenges in transitioning from the role of college student to employee and from employee to manager. The case also provides students with a perspective as to how they might be evaluated by their superiors once they are employed as managers. The case has a difficulty level appropriate for senior level and graduate level students in strategic management courses. The case is designed to be taught in 1-2 class hours and is expected to require 3 hours of outside preparation by students. Case Synopsis: The case chronicles the strategic evolution of a fictitious privately held small local company that grew to become a midsize regional sporting goods retailer. The company was founded by three brothers who used their enthusiasm for sports and the knowledge gained from their participation in those sports to formulate and implement a successful differentiation strategy. This strategy resulted in steady growth of the company in multiple locations. A private equity firm bought the company and after a failed attempt at pursuing a strategy primarily designed to lower costs and increase profitability prior to an initial public offering, the firm replaced their CEO hired to pursue that strategy with a new CEO who is orchestrating a return to a differentiation strategy. The company has now regained profitability by returning to that strategy.",shared_title_different_abstract
2-s2.0-85014273014,2584,Raising Entrepreneurial Capital,Vinturella J.; Erickson S.,2013,Raising Entrepreneurial Capital,10.1016/c2011-0-07803-1,https://www.scopus.com/pages/publications/85014273014?origin=resultslist,English,Book,"Explaining the stages of financing that an entrepreneur goes through in establishing a business, this book guides the reader through the information needed to successfully raise capital. Raising Entrepreneurial Capital begins where entrepreneurship books leave off, assuming that the reader understands simple financial statements, has selected a specific business, and knows how to write a business plan. It provides a broad, high-level summary of the subjects that people typically research, such as ""How should your company position itself to attract private equity investment?"" and ""What steps can you take to improve your company's marketability?"" Much has changed since the first edition was published, and the second edition places effects of the global recession in the context of entrepreneurship, including debt vs. equity decision, the options available to smaller businesses, and the considerations that lead to rapid growth, including venture capital, IPOs, angels, incubators. Unlike other books of the genre, Raising Entrepreneurial Capital includes several chapters on worldwide regional variations on forms and availability of pre-seed capital, incubators, and the business plans they create, with case studies from Europe, Latin America, and the Pacific Rim. Combines solid theory with a practitioner's experience and insights Case studies illustrate theory throughout the book Updated to reflect the realities of the global economic recession.",210,"Raising Entrepreneurial Capital

Explaining the stages of financing that an entrepreneur goes through in establishing a business, this book guides the reader through the information needed to successfully raise capital. Raising Entrepreneurial Capital begins where entrepreneurship books leave off, assuming that the reader understands simple financial statements, has selected a specific business, and knows how to write a business plan. It provides a broad, high-level summary of the subjects that people typically research, such as ""How should your company position itself to attract private equity investment?"" and ""What steps can you take to improve your company's marketability?"" Much has changed since the first edition was published, and the second edition places effects of the global recession in the context of entrepreneurship, including debt vs. equity decision, the options available to smaller businesses, and the considerations that lead to rapid growth, including venture capital, IPOs, angels, incubators. Unlike other books of the genre, Raising Entrepreneurial Capital includes several chapters on worldwide regional variations on forms and availability of pre-seed capital, incubators, and the business plans they create, with case studies from Europe, Latin America, and the Pacific Rim. Combines solid theory with a practitioner's experience and insights Case studies illustrate theory throughout the book Updated to reflect the realities of the global economic recession.",shared_title_different_abstract
2-s2.0-84882064725,2600,Shari'ah compliant private equity and Islamic venture capital,Farid F.M.A.,2012,Shari'ah Compliant Private Equity and Islamic Venture Capital,,https://www.scopus.com/pages/publications/84882064725?origin=resultslist,English,Book,This book focuses on the applicability of Shari'ah-based structures and Islamic venture capital to the private equity industry. It includes case studies and examples of business financial appraisals to give an in-depth view of the application and operation of shariah compliant private equity and Islamic venture capital.,47,"Shari'ah compliant private equity and Islamic venture capital

This book focuses on the applicability of Shari'ah-based structures and Islamic venture capital to the private equity industry. It includes case studies and examples of business financial appraisals to give an in-depth view of the application and operation of shariah compliant private equity and Islamic venture capital.",shared_title_different_abstract
2-s2.0-84886811245,2616,Venture Capital,Vanacker T.; Manigart S.,2013,"Alternative Investments: Instruments, Performance, Benchmarks, and Strategies",10.1002/9781118656501.ch12,https://www.scopus.com/pages/publications/84886811245?origin=resultslist,English,Book chapter,"This chapter introduces venture capital, which is a subset of the private equity asset class that focuses on investments in new or growing privately held companies with high growth potential. It specifically addresses why venture capital investors exist beside traditional financial intermediaries such as banks; what the different venture capital models are; what venture capitalists do; how venture capital investors influence the development of their portfolio companies; and how venture capital as an asset class may create value for investors. For this purpose, the chapter relies on an extensive and growing, but largely fragmented, stream of research on venture capital from the finance, entrepreneurship, and management fields.",107,"Venture Capital

This chapter introduces venture capital, which is a subset of the private equity asset class that focuses on investments in new or growing privately held companies with high growth potential. It specifically addresses why venture capital investors exist beside traditional financial intermediaries such as banks; what the different venture capital models are; what venture capitalists do; how venture capital investors influence the development of their portfolio companies; and how venture capital as an asset class may create value for investors. For this purpose, the chapter relies on an extensive and growing, but largely fragmented, stream of research on venture capital from the finance, entrepreneurship, and management fields.",shared_title_different_abstract
2-s2.0-105025282480,2700,Venture Capital,Hilb M.,2015,Wiley Encyclopedia of Management,10.1002/9781118785317.weom060218,https://www.scopus.com/pages/publications/105025282480?origin=resultslist,English,Book chapter,"Venture capital (VC) is a form of institutionalized investment in start-up companies that cannot tap into traditional capital markets owing to their risk profile. The modern VC industry has grown into a global capital class that invested $41.5 billion in 2012. In common with most other modern capital market concepts, VC was shaped in the United States and subsequently adopted globally. In line with overall economic trends, the VC markets in the emerging nations have outgrown many of the more developed markets in recent years, with China expected to become the second largest VC market, following the United States.",99,"Venture Capital

Venture capital (VC) is a form of institutionalized investment in start-up companies that cannot tap into traditional capital markets owing to their risk profile. The modern VC industry has grown into a global capital class that invested $41.5 billion in 2012. In common with most other modern capital market concepts, VC was shaped in the United States and subsequently adopted globally. In line with overall economic trends, the VC markets in the emerging nations have outgrown many of the more developed markets in recent years, with China expected to become the second largest VC market, following the United States.",shared_title_different_abstract
2-s2.0-86000072493,2722,Introduction,,2015,Equity Valuation: Models from Leading Investment Banks,10.1002/9781119208754.ch29,https://www.scopus.com/pages/publications/86000072493?origin=resultslist,English,Book chapter,"This chapter elaborates the leveraged buyout (LBO) transactions. Investors of publicly listed companies can benefit from leveraged buyouts as private equity investors typically pay a control premium when they take a public company private. Many leading investors and investment banks have developed LBO models to screen for potential LBO candidates. Financial sponsors use similar LBO models when analyzing potential leveraged buyouts. The methodology and the mechanics of LBO models developed by leading investment banks such as Deutsche Bank, Goldman Sachs, Credit Suisse, Morgan Stanley and UBS are described. Unlike discounted cash flow models, LBO models value companies from the perspective of a private equity investor who recapitalizes the financial structure of a company and restructures operations to enhance profitability and capital efficiency.",122,"Introduction

This chapter elaborates the leveraged buyout (LBO) transactions. Investors of publicly listed companies can benefit from leveraged buyouts as private equity investors typically pay a control premium when they take a public company private. Many leading investors and investment banks have developed LBO models to screen for potential LBO candidates. Financial sponsors use similar LBO models when analyzing potential leveraged buyouts. The methodology and the mechanics of LBO models developed by leading investment banks such as Deutsche Bank, Goldman Sachs, Credit Suisse, Morgan Stanley and UBS are described. Unlike discounted cash flow models, LBO models value companies from the perspective of a private equity investor who recapitalizes the financial structure of a company and restructures operations to enhance profitability and capital efficiency.",shared_title_different_abstract
2-s2.0-84890478602,2732,Private equity in emerging markets: The new frontiers of international finance,Klonowski D.,2013,Journal of Private Equity,10.3905/jpe.2013.16.2.020,https://www.scopus.com/pages/publications/84890478602?origin=resultslist,English,Article,"Emerging markets are becoming a major force in global private equity. Although investing in private equity in emerging markets has not been immune to evolutionary and transition challenges, international investors are attracted to the general storyline of private equity in emerging markets due to these regions' rapid economic growth, their adaptability to economic downturns and evolving export conditions, favorable risk/return profiles, and strong returns. This article aims to provide a comprehensive overview of private equity in emerging economies.",78,"Private equity in emerging markets: The new frontiers of international finance

Emerging markets are becoming a major force in global private equity. Although investing in private equity in emerging markets has not been immune to evolutionary and transition challenges, international investors are attracted to the general storyline of private equity in emerging markets due to these regions' rapid economic growth, their adaptability to economic downturns and evolving export conditions, favorable risk/return profiles, and strong returns. This article aims to provide a comprehensive overview of private equity in emerging economies.",shared_title_different_abstract
2-s2.0-86000118710,2808,Leveraged Buyouts,,2015,Equity Valuation: Models from Leading Investment Banks,10.1002/9781119208754.ch30,https://www.scopus.com/pages/publications/86000118710?origin=resultslist,English,Book chapter,"This chapter discusses different aspects of leveraged buyouts (LBO). It is an acquisition of a target company which is predominantly financed by debt. The purpose of an LBO is to gain control of a target company without committing a large amount of equity capital. The equity capital is usually provided by private equity funds. The debt capital employed usually consists of a combination of senior debt in the form of bank loans, high yield debt and mezzanine debt. The use of financial leverage allows equity investors to earn higher returns on equity but also makes the transaction more risky. The assets of acquired companies are usually used as collateral and their cash flows repay debt. Private equity investors realize high rates of return on their capital when they sell the acquired company to new investors either in one transaction, or in stages.",142,"Leveraged Buyouts

This chapter discusses different aspects of leveraged buyouts (LBO). It is an acquisition of a target company which is predominantly financed by debt. The purpose of an LBO is to gain control of a target company without committing a large amount of equity capital. The equity capital is usually provided by private equity funds. The debt capital employed usually consists of a combination of senior debt in the form of bank loans, high yield debt and mezzanine debt. The use of financial leverage allows equity investors to earn higher returns on equity but also makes the transaction more risky. The assets of acquired companies are usually used as collateral and their cash flows repay debt. Private equity investors realize high rates of return on their capital when they sell the acquired company to new investors either in one transaction, or in stages.",shared_title_different_abstract
2-s2.0-84962609387,2846,Managerial carrots and sticks: Encouraging strategy implementation,Leaptrott J.; Michael McDonald J.; Wilson J.W.,2014,Journal of the International Academy for Case Studies,,https://www.scopus.com/pages/publications/84962609387?origin=resultslist,English,Article,"Case Description: This case addresses many strategic management issues. Selected issues related to the formulation and implementation of both low cost and differentiation strategies are illustrated. The importance of lower level managers embracing their company's strategy and showing initiative to implement that strategy is also highlighted. The case illustrates the importance of having these managers understand and recognize the need to use informational resources available within an organization to objectively assess their area of responsibility in the context of strategy implementation and gives examples of how they can act constructively based on that information. Other topics include a discussion of challenges in transitioning from the role of college student to employee and from employee to manager. The case also provides students with a perspective as to how they might be evaluated by their superiors once they are employed as managers. The case has a difficulty level appropriate for senior level and graduate level students in strategic management courses. The case is designed to be taught in 1-2 class hours and is expected to require 3 hours of outside preparation by students. Case Synopsis: The case chronicles the strategic evolution of a fictitious privately held small local company that grew to become a midsize regional sporting goods retailer. The company was founded by three brothers who used their enthusiasm for sports and the knowledge gained from their participation in those sports to formulate and implement a successful differentiation strategy. This strategy resulted in steady growth of the company in multiple locations. A private equity firm bought the company and after a failed attempt at pursuing a strategy primarily designed to lower costs and increase profitability prior to an initial public offering, the firm replaced their CEO hired to pursue that strategy with a new CEO who is orchestrating a return to a differentiation strategy. The company has now regained profitability by returning to that strategy. As part of the company's new evaluation and control procedures associated with the differentiation strategy, the CEO and the Vice President of Managerial Development meet individually with each store manager each year to review the performance of their store for the prior year. The case describes two of those meetings. In one meeting, a store manager receives praise for achieving a high level of performance by successfully formulating and implementing a differentiation strategy tailored to the local market. In the other meeting, a different store manager receives criticism for the substandard store performance at his store due in large measure to his failure to embrace the company's return to a differentiation strategy. This manager continued to implement the unsuccessful companywide cost-based strategy instituted by the prior CEO. The new CEO must decide how to reward the personnel at the high performing store and what changes need to be made at the lower performing store.",468,"Managerial carrots and sticks: Encouraging strategy implementation

Case Description: This case addresses many strategic management issues. Selected issues related to the formulation and implementation of both low cost and differentiation strategies are illustrated. The importance of lower level managers embracing their company's strategy and showing initiative to implement that strategy is also highlighted. The case illustrates the importance of having these managers understand and recognize the need to use informational resources available within an organization to objectively assess their area of responsibility in the context of strategy implementation and gives examples of how they can act constructively based on that information. Other topics include a discussion of challenges in transitioning from the role of college student to employee and from employee to manager. The case also provides students with a perspective as to how they might be evaluated by their superiors once they are employed as managers. The case has a difficulty level appropriate for senior level and graduate level students in strategic management courses. The case is designed to be taught in 1-2 class hours and is expected to require 3 hours of outside preparation by students. Case Synopsis: The case chronicles the strategic evolution of a fictitious privately held small local company that grew to become a midsize regional sporting goods retailer. The company was founded by three brothers who used their enthusiasm for sports and the knowledge gained from their participation in those sports to formulate and implement a successful differentiation strategy. This strategy resulted in steady growth of the company in multiple locations. A private equity firm bought the company and after a failed attempt at pursuing a strategy primarily designed to lower costs and increase profitability prior to an initial public offering, the firm replaced their CEO hired to pursue that strategy with a new CEO who is orchestrating a return to a differentiation strategy. The company has now regained profitability by returning to that strategy. As part of the company's new evaluation and control procedures associated with the differentiation strategy, the CEO and the Vice President of Managerial Development meet individually with each store manager each year to review the performance of their store for the prior year. The case describes two of those meetings. In one meeting, a store manager receives praise for achieving a high level of performance by successfully formulating and implementing a differentiation strategy tailored to the local market. In the other meeting, a different store manager receives criticism for the substandard store performance at his store due in large measure to his failure to embrace the company's return to a differentiation strategy. This manager continued to implement the unsuccessful companywide cost-based strategy instituted by the prior CEO. The new CEO must decide how to reward the personnel at the high performing store and what changes need to be made at the lower performing store.",shared_title_different_abstract
2-s2.0-85030974057,2879,The value of country-level perceived ethics to entrepreneurs around the world,Knill A.,2013,"Entrepreneurship, Finance, Governance and Ethics",10.1007/978-94-007-3867-6_2,https://www.scopus.com/pages/publications/85030974057?origin=resultslist,English,Book chapter,"The actions behind the “Great Recession” have done a lot of damage to the ability of the average investor to trust both corporate executives and Wall Street. Given the riskiness of investing in private equity, private firms are particularly vulnerable to the risk aversion of investors. For this reason, maintaining trust may be particularly useful to private firms. Using a dataset that spans 33 countries from 1998 to 2004, this paper examines the impact of the perception of ethical behavior at the country level on the performance and outcome of private firms. Using two separate sources for country-level perception of ethics, this paper finds that both the performance and the outcome of the private firm are positively influenced by the level of perceived ethics in their country. The paper further finds that these benefits come without adding cost to the entrepreneurial firm (as well as its pre-issue investors) when it goes public.",152,"The value of country-level perceived ethics to entrepreneurs around the world

The actions behind the “Great Recession” have done a lot of damage to the ability of the average investor to trust both corporate executives and Wall Street. Given the riskiness of investing in private equity, private firms are particularly vulnerable to the risk aversion of investors. For this reason, maintaining trust may be particularly useful to private firms. Using a dataset that spans 33 countries from 1998 to 2004, this paper examines the impact of the perception of ethical behavior at the country level on the performance and outcome of private firms. Using two separate sources for country-level perception of ethics, this paper finds that both the performance and the outcome of the private firm are positively influenced by the level of perceived ethics in their country. The paper further finds that these benefits come without adding cost to the entrepreneurial firm (as well as its pre-issue investors) when it goes public.",shared_title_different_abstract
2-s2.0-105025347540,2924,Venture Capital,Schell C.,2015,Wiley Encyclopedia of Management,10.1002/9781118785317.weom040080,https://www.scopus.com/pages/publications/105025347540?origin=resultslist,English,Book chapter,"Venture capital generally describes medium-term equity investment in private enterprises. This term is used to describe both the investment activity and the industry, although much of the venture capital industry is also described as private equity. Venture capital investment is undertaken through both formal and informal channels; institutional venture capital is provided by firms that manage funds raised from institutional investors. Informal venture capital may also be provided directly by wealthy individual investors. This article provides a summary of the nature and varieties of venture capital, the process of venture capital investment, and the nature of the industry. It concludes with a brief discussion of the future of the industry.",110,"Venture Capital

Venture capital generally describes medium-term equity investment in private enterprises. This term is used to describe both the investment activity and the industry, although much of the venture capital industry is also described as private equity. Venture capital investment is undertaken through both formal and informal channels; institutional venture capital is provided by firms that manage funds raised from institutional investors. Informal venture capital may also be provided directly by wealthy individual investors. This article provides a summary of the nature and varieties of venture capital, the process of venture capital investment, and the nature of the industry. It concludes with a brief discussion of the future of the industry.",shared_title_different_abstract
2-s2.0-85031032887,2962,Do private equity-backed buyouts respond better to financial distress than PLCs?,Cressy R.; Farag H.,2013,"Entrepreneurship, Finance, Governance and Ethics",10.1007/978-94-007-3867-6_3,https://www.scopus.com/pages/publications/85031032887?origin=resultslist,English,Book chapter,"The paper uses a new, hand-collected dataset of 93 private equity backed buyouts and 96 PLCs that became financially distressed over the period 1995-2008 to investigate empirically whether private equity owned companies (buyouts) in financial distress (Receivership/Administration) have better recovery rates for secured debt than their publicly owned (PLC) counterparts and, if so, why. We find that the recovery rates of buyouts (amount recovered in proportion to secured debt outstanding) are in fact about twice that of PLCs during this period. Administration, surprisingly, has no effect on debt recovery rates but seems significantly to reduce the time to recovery. A larger number of creditors which in theory should reduce recovery rates, again has no impact, nor does company size. Intriguingly, however, higher leverage consistently reduces the recovery rate as (we hypothesise) more leveraged buyouts need to have recourse to lower quality assets for security. Finally, the time in recovery is negatively related to the date of distress onset (later years have shorter durations) and to the size of the firm (a concave relationship).",173,"Do private equity-backed buyouts respond better to financial distress than PLCs?

The paper uses a new, hand-collected dataset of 93 private equity backed buyouts and 96 PLCs that became financially distressed over the period 1995-2008 to investigate empirically whether private equity owned companies (buyouts) in financial distress (Receivership/Administration) have better recovery rates for secured debt than their publicly owned (PLC) counterparts and, if so, why. We find that the recovery rates of buyouts (amount recovered in proportion to secured debt outstanding) are in fact about twice that of PLCs during this period. Administration, surprisingly, has no effect on debt recovery rates but seems significantly to reduce the time to recovery. A larger number of creditors which in theory should reduce recovery rates, again has no impact, nor does company size. Intriguingly, however, higher leverage consistently reduces the recovery rate as (we hypothesise) more leveraged buyouts need to have recourse to lower quality assets for security. Finally, the time in recovery is negatively related to the date of distress onset (later years have shorter durations) and to the size of the firm (a concave relationship).",shared_title_different_abstract
2-s2.0-84969245822,2965,Shari'ah compliant private equity and Islamic venture capital,Ahmad Farid F.M.,2012,Shari'ah Compliant Private Equity and Islamic Venture Capital,,https://www.scopus.com/pages/publications/84969245822?origin=resultslist,English,Book,"Shows you how Shari-ah theory is applied to the private equity industry and how this works in practice. Case studies and examples of business financial appraisals give an in-depth view of areas including: the Islamic banking industry; its use as a source of funding in the biotechnology industry, pharmaceuticals, ICT, agriculture and fisheries; and how it is used by investment companies as part of their asset management strategies. Key Features. • Combines theory and practice to build a complete picture of the field • Gives an overview of the industry before focusing on key areas within it, such as profit sharing, valuation, risk mitigation, exit strategies, trust, monitoring methods and due diligence • Looks at private equity and venture capital in the MENA and ASEAN regions, the UK, Europe and the USA • Case studies are accompanied by questions for classroom discussion or assignments.",144,"Shari'ah compliant private equity and Islamic venture capital

Shows you how Shari-ah theory is applied to the private equity industry and how this works in practice. Case studies and examples of business financial appraisals give an in-depth view of areas including: the Islamic banking industry; its use as a source of funding in the biotechnology industry, pharmaceuticals, ICT, agriculture and fisheries; and how it is used by investment companies as part of their asset management strategies. Key Features. • Combines theory and practice to build a complete picture of the field • Gives an overview of the industry before focusing on key areas within it, such as profit sharing, valuation, risk mitigation, exit strategies, trust, monitoring methods and due diligence • Looks at private equity and venture capital in the MENA and ASEAN regions, the UK, Europe and the USA • Case studies are accompanied by questions for classroom discussion or assignments.",shared_title_different_abstract
2-s2.0-84992121136,2987,Start-up space: Interim results,Christensen C.; Armstrong K.; Perrino R.; Hill M.,2015,"Proceedings of the International Astronautical Congress, IAC",,https://www.scopus.com/pages/publications/84992121136?origin=resultslist,English,Conference paper,"This paper provides an overview, current status, and selected preliminary findings of a study being conducted by The Tauri Group on investment in commercial space in the 21st century, Start-Up Space. The study includes investments in space companies by angel investors, venture capital firms, private equity groups, banks, corporations, and others. This paper highlights preliminary findings on the level of investment activity since 2000, types of investor, and typical investments.",70,"Start-up space: Interim results

This paper provides an overview, current status, and selected preliminary findings of a study being conducted by The Tauri Group on investment in commercial space in the 21st century, Start-Up Space. The study includes investments in space companies by angel investors, venture capital firms, private equity groups, banks, corporations, and others. This paper highlights preliminary findings on the level of investment activity since 2000, types of investor, and typical investments.",shared_title_different_abstract
2-s2.0-85013706026,3099,"Investment Banks, Hedge Funds, and Private Equity",Stowell D.P.,2010,"Investment Banks, Hedge Funds, and Private Equity",10.1016/c2009-0-19176-6,https://www.scopus.com/pages/publications/85013706026?origin=resultslist,English,Book,"This description of the symbiotic relationships among investment banks, hedge funds, and private equity firms shows students how firms simultaneously compete and cooperate. The author has captured the ways these firms are reinventing themselves in the post-crash regulatory environment and, through ten extensive cases, the ways in which they are increasing their power and influence. Emphasizes the needs for capital, sources of capital, and the process of getting capital to those who need it. Integrates into the chapters ten cases about recent transactions, along with case notes and questions Accompanies cases with spreadsheets for readers to create their own analytical frameworks and consider choices and opportunities. Books on investment banking are few and far between and mostly out of date. Usually they are very academic or written by lawyers rather than by someone who understands the business. This one, written by a former practitioner, gives students of investment banking just the insights they need into the nexus of investment banking, private equity and hedge funds. --Brian Scott-Quinn, Chair in Investment Banking, ICMA Centre, Henley Business School, University of Reading Investment banking is in permanent change. This new book on investment banking describes the most recent trends that have taken place in the industry, in particular the interaction between investment banking and the hedge funds and private equity businesses. This is an exhaustive and up-to-date guide to the major banking activities. The different themes covered in the book are illustrated by fascinating real life cases. The book by David Stowell will become the new reference on investment banking. --Pierre Hillion, INSEAD A clearly written account of several popular segments of the global financial services industry. Students who wish to enhance their understanding of the banking system would benefit from reading this book. --Sanjay Gupta, Swiss Finance Academy.",296,"Investment Banks, Hedge Funds, and Private Equity

This description of the symbiotic relationships among investment banks, hedge funds, and private equity firms shows students how firms simultaneously compete and cooperate. The author has captured the ways these firms are reinventing themselves in the post-crash regulatory environment and, through ten extensive cases, the ways in which they are increasing their power and influence. Emphasizes the needs for capital, sources of capital, and the process of getting capital to those who need it. Integrates into the chapters ten cases about recent transactions, along with case notes and questions Accompanies cases with spreadsheets for readers to create their own analytical frameworks and consider choices and opportunities. Books on investment banking are few and far between and mostly out of date. Usually they are very academic or written by lawyers rather than by someone who understands the business. This one, written by a former practitioner, gives students of investment banking just the insights they need into the nexus of investment banking, private equity and hedge funds. --Brian Scott-Quinn, Chair in Investment Banking, ICMA Centre, Henley Business School, University of Reading Investment banking is in permanent change. This new book on investment banking describes the most recent trends that have taken place in the industry, in particular the interaction between investment banking and the hedge funds and private equity businesses. This is an exhaustive and up-to-date guide to the major banking activities. The different themes covered in the book are illustrated by fascinating real life cases. The book by David Stowell will become the new reference on investment banking. --Pierre Hillion, INSEAD A clearly written account of several popular segments of the global financial services industry. Students who wish to enhance their understanding of the banking system would benefit from reading this book. --Sanjay Gupta, Swiss Finance Academy.",shared_title_different_abstract
2-s2.0-84861604628,3172,Do private equity-backed buyouts respond better to financial distress than PLCs?,Cressy R.; Farag H.,2012,European Journal of Finance,10.1080/1351847x.2011.579742,https://www.scopus.com/pages/publications/84861604628?origin=resultslist,English,Article,"The paper uses a new, hand-collected data set of 93 private equity (PE)-backed buyouts and 96 PLCs that became financially distressed over the period 1995-2008 to investigate empirically whether PE-owned companies (buyouts) in financial distress (Receivership/Administration) have better recovery rates (RRs) for secured debt (SD) than their publicly-owned (PLC) counterparts and, if so, why. We find that the RRs of buyouts (amount recovered in proportion to SD outstanding) are in fact about twice that of PLCs during this period. Administration, surprisingly, has no effect on debt-RRs but seems significantly to reduce the time to recovery. A larger number of creditors which in theory should reduce RRs, again has no impact, nor does company size. Intriguingly, however, higher leverage consistently reduces the RR as (we hypothesise) more leveraged buyouts need to have recourse to lower quality assets for security. Finally, the time in recovery is negatively related to the date of distress onset (later years have shorter durations) and to the size of the firm (a concave relationship).",167,"Do private equity-backed buyouts respond better to financial distress than PLCs?

The paper uses a new, hand-collected data set of 93 private equity (PE)-backed buyouts and 96 PLCs that became financially distressed over the period 1995-2008 to investigate empirically whether PE-owned companies (buyouts) in financial distress (Receivership/Administration) have better recovery rates (RRs) for secured debt (SD) than their publicly-owned (PLC) counterparts and, if so, why. We find that the RRs of buyouts (amount recovered in proportion to SD outstanding) are in fact about twice that of PLCs during this period. Administration, surprisingly, has no effect on debt-RRs but seems significantly to reduce the time to recovery. A larger number of creditors which in theory should reduce RRs, again has no impact, nor does company size. Intriguingly, however, higher leverage consistently reduces the RR as (we hypothesise) more leveraged buyouts need to have recourse to lower quality assets for security. Finally, the time in recovery is negatively related to the date of distress onset (later years have shorter durations) and to the size of the firm (a concave relationship).",shared_title_different_abstract
2-s2.0-84923493732,3202,Introduction,Cumming D.,2012,The Oxford Handbook of Private Equity,10.1093/oxfordhb/9780195391589.013.0001,https://www.scopus.com/pages/publications/84923493732?origin=resultslist,English,Editorial,"This article introduces the concept of private equity, which typically refers to the asset class of companies' equity securities that are not publicly traded on a stock exchange. It studies the private equity industry and the number of private equity investments. The rest of this article provides a summary of work that provides more information on the various features of private equity, such as its role in private acquisitions and the private equity contract. Several graphs on the private equity investments made in the United States, capital overhang for private equity funds, and the holding period from buyout to exit are also included.",103,"Introduction

This article introduces the concept of private equity, which typically refers to the asset class of companies' equity securities that are not publicly traded on a stock exchange. It studies the private equity industry and the number of private equity investments. The rest of this article provides a summary of work that provides more information on the various features of private equity, such as its role in private acquisitions and the private equity contract. Several graphs on the private equity investments made in the United States, capital overhang for private equity funds, and the holding period from buyout to exit are also included.",shared_title_different_abstract
2-s2.0-84861626013,3232,The value of country-level perceived ethics to entrepreneurs around the world,Knill A.,2012,European Journal of Finance,10.1080/1351847x.2011.579768,https://www.scopus.com/pages/publications/84861626013?origin=resultslist,English,Article,"The actions behind the 'Great Recession' have done a lot of damage to the ability of the average investor to trust both corporate executives and Wall Street. Given the riskiness of investing in private equity, private firms are particularly vulnerable to the risk aversion of investors. For this reason, maintaining trust may be particularly useful to private firms. Using a dataset that spans 33 countries from 1998 to 2004, this paper examines the impact of the perception of ethical behavior at the country level on the performance and outcome of private firms. Using two separate sources for country-level perception of ethics, this paper finds that both the performance and the outcome of the private firm are positively influenced by the level of perceived ethics in their country. The paper further finds that these benefits come without adding cost to the entrepreneurial firm (as well as its pre-issue investors) when it goes public.",152,"The value of country-level perceived ethics to entrepreneurs around the world

The actions behind the 'Great Recession' have done a lot of damage to the ability of the average investor to trust both corporate executives and Wall Street. Given the riskiness of investing in private equity, private firms are particularly vulnerable to the risk aversion of investors. For this reason, maintaining trust may be particularly useful to private firms. Using a dataset that spans 33 countries from 1998 to 2004, this paper examines the impact of the perception of ethical behavior at the country level on the performance and outcome of private firms. Using two separate sources for country-level perception of ethics, this paper finds that both the performance and the outcome of the private firm are positively influenced by the level of perceived ethics in their country. The paper further finds that these benefits come without adding cost to the entrepreneurial firm (as well as its pre-issue investors) when it goes public.",shared_title_different_abstract
2-s2.0-85144378046,3298,"Private Equity and Venture Capital in Europe: Markets, Techniques, and Deals",Casell S.,2010,"Private Equity and Venture Capital in Europe: Markets, Techniques, and Deals",10.1016/c2009-0-20306-0,https://www.scopus.com/pages/publications/85144378046?origin=resultslist,English,Book,"The distinctive nature of the European pe/vc environment is on display in Stefano Caselli’s presentation of its complete conceptual framework, from the volatile (its financial side) to the stable (its legal organization). A Bocconi University professor, Caselli offers a European perspective on market fundamentals, the v.c. cycle, and valuation issues, supporting his observations with recent examples and case studies. Written for investors, his book achieves many ""firsts, "" such as clarifying many aspects of EU and UK financial institutions. Complete with finding aids, keywords, exercises, and an extensive glossary, Private Equity and Venture Capital in Europe is written not just for Europeans, but for everybody who needs to know about this growing market.",113,"Private Equity and Venture Capital in Europe: Markets, Techniques, and Deals

The distinctive nature of the European pe/vc environment is on display in Stefano Caselli’s presentation of its complete conceptual framework, from the volatile (its financial side) to the stable (its legal organization). A Bocconi University professor, Caselli offers a European perspective on market fundamentals, the v.c. cycle, and valuation issues, supporting his observations with recent examples and case studies. Written for investors, his book achieves many ""firsts, "" such as clarifying many aspects of EU and UK financial institutions. Complete with finding aids, keywords, exercises, and an extensive glossary, Private Equity and Venture Capital in Europe is written not just for Europeans, but for everybody who needs to know about this growing market.",shared_title_different_abstract
2-s2.0-85011759593,3329,Private equity in emerging markets: The new frontiers of international finance,Klonowski D.,2012,Private Equity in Emerging Markets: The New Frontiers of International Finance,10.1057/9781137309433,https://www.scopus.com/pages/publications/85011759593?origin=resultslist,English,Book,"This collected edition captures the essence of private equity development in emerging markets, examining the evolution of the private equity industry as well as exit opportunities, financial performance, and anticipated future trends. It also discusses the ‘hands-on’ aspects of private equity investing in emerging markets.",45,"Private equity in emerging markets: The new frontiers of international finance

This collected edition captures the essence of private equity development in emerging markets, examining the evolution of the private equity industry as well as exit opportunities, financial performance, and anticipated future trends. It also discusses the ‘hands-on’ aspects of private equity investing in emerging markets.",shared_title_different_abstract
2-s2.0-84923392578,3389,Preface,,2012,"India's Healthcare Industry: Innovation in Delivery, Financing, and Manufacturing",10.1017/cbo9781107360242.001,https://www.scopus.com/pages/publications/84923392578?origin=resultslist,English,Editorial,"This volume grew out of an experiment at the Wharton School's MBA program: to have Wharton faculty teach global modular courses (GMCs) to Wharton students on specific topics all around the world. The idea of the GMCs is to provide students with a unique combination of local immersion, course concepts, and understanding of emerging business issues. The topics and locations of these courses are chosen to give students first-hand exposure to business challenges and opportunities in regions undergoing rapid change - for example, energy and infrastructure in Brazil, global supply chain management in China, and marketing in emerging economies such as India and China. The first such course offered was HCMG 890, “Innovation in the Indian Healthcare Industry.” Wharton faculty and students developed the content for the course in collaboration with industry experts from across India. Their collective effort is presented here. This volume seeks to describe the current state of India's healthcare system ranging from the parties that pay for healthcare (individuals who pay out of pocket, insurance companies, community insurance schemes, government ministries), the parties that provide healthcare (hospitals, physicians, and diagnostic laboratories), and the parties that produce the products used in healthcare delivery (pharmaceuticals, biotechnology, and medical devices). The volume also includes discussion of innovative efforts to raise capital for the development of these sectors (e.g., private equity and venture capital), to deliver care to those at the “bottom of the pyramid,” to balance the population's ability to pay with their desire for access to modern care and technology, and to deliver care to foreign tourists.",259,"Preface

This volume grew out of an experiment at the Wharton School's MBA program: to have Wharton faculty teach global modular courses (GMCs) to Wharton students on specific topics all around the world. The idea of the GMCs is to provide students with a unique combination of local immersion, course concepts, and understanding of emerging business issues. The topics and locations of these courses are chosen to give students first-hand exposure to business challenges and opportunities in regions undergoing rapid change - for example, energy and infrastructure in Brazil, global supply chain management in China, and marketing in emerging economies such as India and China. The first such course offered was HCMG 890, “Innovation in the Indian Healthcare Industry.” Wharton faculty and students developed the content for the course in collaboration with industry experts from across India. Their collective effort is presented here. This volume seeks to describe the current state of India's healthcare system ranging from the parties that pay for healthcare (individuals who pay out of pocket, insurance companies, community insurance schemes, government ministries), the parties that provide healthcare (hospitals, physicians, and diagnostic laboratories), and the parties that produce the products used in healthcare delivery (pharmaceuticals, biotechnology, and medical devices). The volume also includes discussion of innovative efforts to raise capital for the development of these sectors (e.g., private equity and venture capital), to deliver care to those at the “bottom of the pyramid,” to balance the population's ability to pay with their desire for access to modern care and technology, and to deliver care to foreign tourists.",shared_title_different_abstract
2-s2.0-84923521011,3479,Introduction,Cumming D.,2012,The Oxford Handbook of Venture Capital,10.1093/oxfordhb/9780195391596.013.0001,https://www.scopus.com/pages/publications/84923521011?origin=resultslist,English,Editorial,"This article begins with definitions of the terms ""venture capital"" and ""private equity."" It then sets out the purpose of the book, which is to provide a comprehensive picture of all of the issues dealing with the structure, governance, and performance of venture capital. It presents data to Q3 2010 from Pitchbook that shows the current state of the venture capital industry in the United States, in order to demonstrate the massive boom and bust in recent times.",78,"Introduction

This article begins with definitions of the terms ""venture capital"" and ""private equity."" It then sets out the purpose of the book, which is to provide a comprehensive picture of all of the issues dealing with the structure, governance, and performance of venture capital. It presents data to Q3 2010 from Pitchbook that shows the current state of the venture capital industry in the United States, in order to demonstrate the massive boom and bust in recent times.",shared_title_different_abstract
2-s2.0-105002209531,3548,"Corporate Governance: Promises Kept, Promises Broken",Macey J.R.,2008,"Corporate Governance: Promises Kept, Promises Broken",,https://www.scopus.com/pages/publications/105002209531?origin=resultslist,English,Book,"Even in the wake of the biggest financial crash of the postwar era, the United States continues to rely on Securities and Exchange Commission oversight and the Sarbanes-Oxley Act, which set tougher rules for boards, management, and public accounting firms to protect the interests of shareholders. Such reliance is badly misplaced. In Corporate Governance, Jonathan Macey argues that less government regulation—not more—is what’s needed to ensure that managers of public companies keep their promises to investors. Macey tells how heightened government oversight has put a stranglehold on what is the best protection against malfeasance by self-serving management: the market itself. Corporate governance, he shows, is about keeping promises to shareholders; failure to do so results in diminished investor confidence, which leads to capital flight and other dire economic consequences. Macey explains the relationship between corporate governance and the various market and nonmarket institutions and mechanisms used to control public corporations; he discusses how nonmarket corporate governance devices such as boards and whistle-blowers are highly susceptible to being co-opted by management and are generally guided more by self-interest and personal greed than by investor interests. In contrast, market-driven mechanisms such as trading and takeovers represent more reliable solutions to the problem of corporate governance. Inefficient regulations are increasingly hampering these important and truly effective corporate controls. Macey examines a variety of possible means of corporate governance, including shareholder voting, hedge funds, and private equity funds. Corporate Governance reveals why the market is the best guardian of shareholder interests.",247,"Corporate Governance: Promises Kept, Promises Broken

Even in the wake of the biggest financial crash of the postwar era, the United States continues to rely on Securities and Exchange Commission oversight and the Sarbanes-Oxley Act, which set tougher rules for boards, management, and public accounting firms to protect the interests of shareholders. Such reliance is badly misplaced. In Corporate Governance, Jonathan Macey argues that less government regulation—not more—is what’s needed to ensure that managers of public companies keep their promises to investors. Macey tells how heightened government oversight has put a stranglehold on what is the best protection against malfeasance by self-serving management: the market itself. Corporate governance, he shows, is about keeping promises to shareholders; failure to do so results in diminished investor confidence, which leads to capital flight and other dire economic consequences. Macey explains the relationship between corporate governance and the various market and nonmarket institutions and mechanisms used to control public corporations; he discusses how nonmarket corporate governance devices such as boards and whistle-blowers are highly susceptible to being co-opted by management and are generally guided more by self-interest and personal greed than by investor interests. In contrast, market-driven mechanisms such as trading and takeovers represent more reliable solutions to the problem of corporate governance. Inefficient regulations are increasingly hampering these important and truly effective corporate controls. Macey examines a variety of possible means of corporate governance, including shareholder voting, hedge funds, and private equity funds. Corporate Governance reveals why the market is the best guardian of shareholder interests.",shared_title_different_abstract
2-s2.0-36248972344,3585,Gores Group bids for major stake in Sagem communications,,2007,Jane's Defence Industry,,https://www.scopus.com/pages/publications/36248972344?origin=resultslist,English,Article,"Safran received EUR383 million for Sagem Communications division from private equity firm The Gores Group. The potential sale of Safran's key military unit, Sagem Défense et Sécurité, with fellow French organizations Thales and EADS. The Gores Group will be a majority shareholder and will be joined by minority shareholders including Safran and a large group of employees. Sagem Communication is the main component of Safran's Communications business, which contributed EUR2.3 billion to group revenues during 2006.",76,"Gores Group bids for major stake in Sagem communications

Safran received EUR383 million for Sagem Communications division from private equity firm The Gores Group. The potential sale of Safran's key military unit, Sagem Défense et Sécurité, with fellow French organizations Thales and EADS. The Gores Group will be a majority shareholder and will be joined by minority shareholders including Safran and a large group of employees. Sagem Communication is the main component of Safran's Communications business, which contributed EUR2.3 billion to group revenues during 2006.",shared_title_different_abstract
2-s2.0-84858469700,3605,Gores Group bids for major stake in Sagem Communications,Anderson G.,2007,Jane's Defence Weekly,,https://www.scopus.com/pages/publications/84858469700?origin=resultslist,English,Article,"France's Safran has announced that private equity firm The Gores Group has bid €383 million for a major stake in the troubled Sagem communications division. The offer comes after the aerospace propulsion and defense systems specialist has revealed that it has asked United States investment bank Merrill Lynch to conduct a strategic examination of the group's options. The Gores Group will be a majority shareholder and will be joined by minority shareholders including Safran and a large group of employees. Sagem Communications is the main component of Safran's Communications business. Sagem Communications itself has contributed €1.3 billion during 2006 with a staff of 6,500.",104,"Gores Group bids for major stake in Sagem Communications

France's Safran has announced that private equity firm The Gores Group has bid €383 million for a major stake in the troubled Sagem communications division. The offer comes after the aerospace propulsion and defense systems specialist has revealed that it has asked United States investment bank Merrill Lynch to conduct a strategic examination of the group's options. The Gores Group will be a majority shareholder and will be joined by minority shareholders including Safran and a large group of employees. Sagem Communications is the main component of Safran's Communications business. Sagem Communications itself has contributed €1.3 billion during 2006 with a staff of 6,500.",shared_title_different_abstract
2-s2.0-79961170327,3640,Pipeline network infrastructure: Will technology revolutionize the water and wastewater industry?,Jeyapalan J.K.,2008,12th International Conference on Computer Methods and Advances in Geomechanics 2008,,https://www.scopus.com/pages/publications/79961170327?origin=resultslist,English,Conference paper,"About 75% of the budget of designing, constructing and managing either a water or wastewater utility is in the pipe networks. The other 25% is in treatment plants, yet many investors feel that most advances in technology have been on the treatment side of the business. Investors also feel that the network side of the business has remained impervious to change: they work in much the same way as they did when they were first laid out 200 years ago. The author disagrees. He provides an overview on how far we have come in networks, in what way we will be forced to change even more in the way we design, build, renovate, and manage networks, how private equity entering the water sector when combined with the right new technology will enhance our ability to do far more with less, and how the best is yet to unfold. He also provides valuable insights into where the growth opportunities are in the water and wastewater sector. This paper provides many news ideas on how we can make matches between the owners of utilities with over $ 500 billion needing to renovate aging pipe networks and private equity funds in the amount of $ 500 billion looking for worthy projects to fund.",210,"Pipeline network infrastructure: Will technology revolutionize the water and wastewater industry?

About 75% of the budget of designing, constructing and managing either a water or wastewater utility is in the pipe networks. The other 25% is in treatment plants, yet many investors feel that most advances in technology have been on the treatment side of the business. Investors also feel that the network side of the business has remained impervious to change: they work in much the same way as they did when they were first laid out 200 years ago. The author disagrees. He provides an overview on how far we have come in networks, in what way we will be forced to change even more in the way we design, build, renovate, and manage networks, how private equity entering the water sector when combined with the right new technology will enhance our ability to do far more with less, and how the best is yet to unfold. He also provides valuable insights into where the growth opportunities are in the water and wastewater sector. This paper provides many news ideas on how we can make matches between the owners of utilities with over $ 500 billion needing to renovate aging pipe networks and private equity funds in the amount of $ 500 billion looking for worthy projects to fund.",shared_title_different_abstract
2-s2.0-70349106603,3676,"Corporate governance: Promises kept, promises broken",Macey J.R.,2008,"Corporate Governance: Promises Kept, Promises Broken",,https://www.scopus.com/pages/publications/70349106603?origin=resultslist,English,Book,"Even in the wake of the biggest financial crash of the postwar era, the United States continues to rely on Securities and Exchange Commission oversight and the Sarbanes-Oxley Act, which set tougher rules for boards, management, and public accounting firms to protect the interests of shareholders. Such reliance is badly misplaced. In Corporate Governance, Jonathan Macey argues that less government regulation--not more--is what's needed to ensure that managers of public companies keep their promises to investors. Macey tells how heightened government oversight has put a stranglehold on what is the best protection against malfeasance by self-serving management: the market itself. Corporate governance, he shows, is about keeping promises to shareholders; failure to do so results in diminished investor confidence, which leads to capital flight and other dire economic consequences. Macey explains the relationship between corporate governance and the various market and nonmarket institutions and mechanisms used to control public corporations; he discusses how nonmarket corporate governance devices such as boards and whistle-blowers are highly susceptible to being co-opted by management and are generally guided more by self-interest and personal greed than by investor interests. In contrast, market-driven mechanisms such as trading and takeovers represent more reliable solutions to the problem of corporate governance. Inefficient regulations are increasingly hampering these important and truly effective corporate controls. Macey examines a variety of possible means of corporate governance, including shareholder voting, hedge funds, and private equity funds. Corporate Governance reveals why the market is the best guardian of shareholder interests.",247,"Corporate governance: Promises kept, promises broken

Even in the wake of the biggest financial crash of the postwar era, the United States continues to rely on Securities and Exchange Commission oversight and the Sarbanes-Oxley Act, which set tougher rules for boards, management, and public accounting firms to protect the interests of shareholders. Such reliance is badly misplaced. In Corporate Governance, Jonathan Macey argues that less government regulation--not more--is what's needed to ensure that managers of public companies keep their promises to investors. Macey tells how heightened government oversight has put a stranglehold on what is the best protection against malfeasance by self-serving management: the market itself. Corporate governance, he shows, is about keeping promises to shareholders; failure to do so results in diminished investor confidence, which leads to capital flight and other dire economic consequences. Macey explains the relationship between corporate governance and the various market and nonmarket institutions and mechanisms used to control public corporations; he discusses how nonmarket corporate governance devices such as boards and whistle-blowers are highly susceptible to being co-opted by management and are generally guided more by self-interest and personal greed than by investor interests. In contrast, market-driven mechanisms such as trading and takeovers represent more reliable solutions to the problem of corporate governance. Inefficient regulations are increasingly hampering these important and truly effective corporate controls. Macey examines a variety of possible means of corporate governance, including shareholder voting, hedge funds, and private equity funds. Corporate Governance reveals why the market is the best guardian of shareholder interests.",shared_title_different_abstract
2-s2.0-85064919952,3709,Introduction,Klier D.O.,2009,Contributions to Management Science,10.1007/978-3-7908-2173-4_1,https://www.scopus.com/pages/publications/85064919952?origin=resultslist,English,Book chapter,"There have been two trends dominating the shape of the corporate landscape in the past decade: On the one hand, large publicly listed corporations have been urged by investors to focus their activities and divest unrelated businesses blaming diversification of the corporate business portfolio for performance deficits when compared to single-business benchmarks. On the other hand, private equity firms have been experiencing tremendous growth rates with a single value proposition to its investors – superior return – disregarding and even taking advantage of focus movements of corporations. On the side of public corporations, there has hardly been any topic as high on a CEO’s agenda as the level of diversification and scope of businesses the company is active in. After decades of conglomerate merger activity and dominance of broadly diversified companies, an increasing professionalism of capital markets and their investors has led to pressure on unrelated multi-business firms. Diversified firms are blamed for cross-subsidizing negative NPV projects, destroying value instead of realizing synergies with their corporate centers, as well as less robust incentive, performance management, and control mechanisms than single-business firms (Koltes, 2005; Smolka, 2006). Markets are therefore quicker than ever to discount the valuations of diversified companies.",198,"Introduction

There have been two trends dominating the shape of the corporate landscape in the past decade: On the one hand, large publicly listed corporations have been urged by investors to focus their activities and divest unrelated businesses blaming diversification of the corporate business portfolio for performance deficits when compared to single-business benchmarks. On the other hand, private equity firms have been experiencing tremendous growth rates with a single value proposition to its investors – superior return – disregarding and even taking advantage of focus movements of corporations. On the side of public corporations, there has hardly been any topic as high on a CEO’s agenda as the level of diversification and scope of businesses the company is active in. After decades of conglomerate merger activity and dominance of broadly diversified companies, an increasing professionalism of capital markets and their investors has led to pressure on unrelated multi-business firms. Diversified firms are blamed for cross-subsidizing negative NPV projects, destroying value instead of realizing synergies with their corporate centers, as well as less robust incentive, performance management, and control mechanisms than single-business firms (Koltes, 2005; Smolka, 2006). Markets are therefore quicker than ever to discount the valuations of diversified companies.",shared_title_different_abstract
2-s2.0-38349040183,3753,Venture capital,Sandham D.,2007,IET Communications Engineer,10.1049/ce:20070310,https://www.scopus.com/pages/publications/38349040183?origin=resultslist,English,Article,"The British Venture Capital Association (BVCA), a UK private equity firm continues to outperform public equity markets, whether measured by the Total UK Pension Funds Asset, the FTSE 100, or the FTSE All-Share. It sites an average net return of UK private equity funds raised between 1980 and 2005 as 21.1 percent in three years, 11.9 percent in five years and 16.4 percent in ten years. PicoChip, a fabless semiconductor company based in Bristol, UK, have developed the business concept and technology with great efforts. The company has blue-chip customers including Intel, Nortel and Korea Telecom. The company has grown to 35 people in 2001 due to the Pond Venture Partners investment in it.",114,"Venture capital

The British Venture Capital Association (BVCA), a UK private equity firm continues to outperform public equity markets, whether measured by the Total UK Pension Funds Asset, the FTSE 100, or the FTSE All-Share. It sites an average net return of UK private equity funds raised between 1980 and 2005 as 21.1 percent in three years, 11.9 percent in five years and 16.4 percent in ten years. PicoChip, a fabless semiconductor company based in Bristol, UK, have developed the business concept and technology with great efforts. The company has blue-chip customers including Intel, Nortel and Korea Telecom. The company has grown to 35 people in 2001 due to the Pond Venture Partners investment in it.",shared_title_different_abstract
2-s2.0-70449556577,3879,Pipeline network infrastructure: Will technology revolutionize the water and wastewater industry?,Jeyapalan J.K.,2009,Pipelines 2009: Infrastructure's Hidden Assets - Proceedings of the Pipelines 2009 Conference,10.1061/41069(360)124,https://www.scopus.com/pages/publications/70449556577?origin=resultslist,English,Conference paper,"President-Elect Barak Obama pledged public works on a vast scale as reported by the press on December 6, 2008. While this is most welcome by all of us in the pipeline industry, there would never be enough public funds to meet all of our pipelines needs. Therefore, what can we do to attract more private funds into our industry? As engineers dealing with pipelines, we need to understand that about 75% of the budget of designing, constructing and managing either a water or wastewater utility is in the pipe networks. Mere 25% is in treatment plants, yet many investors feel that most advances in technology have been on the treatment side of the business. Investors also feel that the network side of the business has remained impervious to change: they work in much the same way as they did when they were first laid out 200 years ago. The author disagrees to a certain degree. This paper provides an overview on how far we have come in networks, in what way we will be forced to change even more in the way we design, build, renovate, and manage networks, how private equity entering the water and wastewater sector when combined with the right new technology will enhance our ability to do far more with less, and how the best is yet to unfold. The author also provides valuable insights into where the growth opportunities are in the water and wastewater sector. This paper provides many news ideas on how we can make matches between the owners of utilities with over 1 trillion needing to renovate aging pipe networks and private equity funds formed of the pension investments from the baby boomers, in the amount of $ 1 trillion looking for worthy projects to fund.",294,"Pipeline network infrastructure: Will technology revolutionize the water and wastewater industry?

President-Elect Barak Obama pledged public works on a vast scale as reported by the press on December 6, 2008. While this is most welcome by all of us in the pipeline industry, there would never be enough public funds to meet all of our pipelines needs. Therefore, what can we do to attract more private funds into our industry? As engineers dealing with pipelines, we need to understand that about 75% of the budget of designing, constructing and managing either a water or wastewater utility is in the pipe networks. Mere 25% is in treatment plants, yet many investors feel that most advances in technology have been on the treatment side of the business. Investors also feel that the network side of the business has remained impervious to change: they work in much the same way as they did when they were first laid out 200 years ago. The author disagrees to a certain degree. This paper provides an overview on how far we have come in networks, in what way we will be forced to change even more in the way we design, build, renovate, and manage networks, how private equity entering the water and wastewater sector when combined with the right new technology will enhance our ability to do far more with less, and how the best is yet to unfold. The author also provides valuable insights into where the growth opportunities are in the water and wastewater sector. This paper provides many news ideas on how we can make matches between the owners of utilities with over 1 trillion needing to renovate aging pipe networks and private equity funds formed of the pension investments from the baby boomers, in the amount of $ 1 trillion looking for worthy projects to fund.",shared_title_different_abstract
2-s2.0-85069593784,3896,"Financial Centers, International",Meyer D.R.,2009,International Encyclopedia of Human Geography,10.1016/b978-008044910-4.00184-x,https://www.scopus.com/pages/publications/85069593784?origin=resultslist,English,Book chapter,"International financial centers house the pivotal actors - individuals and firms such as commercial and investment banks - who make decisions about the global exchange of capital. These cities are highly linked through the intrafirm organizational relations and between-firm ties which can be collaborative or competitive. Some of these financial centers have roots that go back many centuries (e.g., London and Zurich), others emerged in the nineteenth century (e.g., New York and Hong Kong), while others arose in the twentieth century (e.g., Tokyo and Sao Paulo). Financial firms continue to agglomerate in major cities because these firms and their personnel must participate in local social networks of capital in order to be competitive. The scale of financial intermediation continues to rise significantly, and this leads to ever-more sophisticated exchanges of capital. London, New York, and Hong Kong are the pivots of international financial capital based in part on their domestic firms that operated globally, but even more important they each have huge agglomerations of foreign firms that use these cities as their world regional - London for Europe, New York for North America, and Hong Kong for Asia Pacific - and global bases of operations.",195,"Financial Centers, International

International financial centers house the pivotal actors - individuals and firms such as commercial and investment banks - who make decisions about the global exchange of capital. These cities are highly linked through the intrafirm organizational relations and between-firm ties which can be collaborative or competitive. Some of these financial centers have roots that go back many centuries (e.g., London and Zurich), others emerged in the nineteenth century (e.g., New York and Hong Kong), while others arose in the twentieth century (e.g., Tokyo and Sao Paulo). Financial firms continue to agglomerate in major cities because these firms and their personnel must participate in local social networks of capital in order to be competitive. The scale of financial intermediation continues to rise significantly, and this leads to ever-more sophisticated exchanges of capital. London, New York, and Hong Kong are the pivots of international financial capital based in part on their domestic firms that operated globally, but even more important they each have huge agglomerations of foreign firms that use these cities as their world regional - London for Europe, New York for North America, and Hong Kong for Asia Pacific - and global bases of operations.",shared_title_different_abstract
2-s2.0-84933474730,3994,Preface,,2010,Transnational Communities: Shaping Global Economic Governance,10.1017/cbo9780511778100.001,https://www.scopus.com/pages/publications/84933474730?origin=resultslist,English,Editorial,"This volume explores the role of transnational communities in economic governance. Transnational communities are social groups emerging from mutual interaction across national boundaries, oriented around a common project and/or “imagined” identity which is constructed and sustained through the active engagement and involvement of at least some of its members. Transnational communities can overlap in different ways with formal organizations but, in principle, they do not need formal organization to be sustained. Transnational communities imply transnational networks, but they are more than that since the notion of community connotes a sense of belonging to a common “culture” in the broadest sense. The sociological literature has had a tendency to attach positive civic values to the concept and reality of “communities.” In contrast, we take, in this volume, a more agnostic stance. As social formations, transnational communities can pursue benevolent and collectively useful goals as well as more particularistic and self-serving ones. They can engage in legal but also in illegal or “gray” activities. As a result, the functions they perform will be judged as desirable in some cases and from certain perspectives but will appear as radically undesirable in other cases or from other perspectives. The various contributions to this volume explore transnational communities in different empirical terrains - from the Laleli market in Istanbul to private equity in Japan; from the transnational movement for open content licenses to the mobilization in favor of environmental certification or against global warming.",239,"Preface

This volume explores the role of transnational communities in economic governance. Transnational communities are social groups emerging from mutual interaction across national boundaries, oriented around a common project and/or “imagined” identity which is constructed and sustained through the active engagement and involvement of at least some of its members. Transnational communities can overlap in different ways with formal organizations but, in principle, they do not need formal organization to be sustained. Transnational communities imply transnational networks, but they are more than that since the notion of community connotes a sense of belonging to a common “culture” in the broadest sense. The sociological literature has had a tendency to attach positive civic values to the concept and reality of “communities.” In contrast, we take, in this volume, a more agnostic stance. As social formations, transnational communities can pursue benevolent and collectively useful goals as well as more particularistic and self-serving ones. They can engage in legal but also in illegal or “gray” activities. As a result, the functions they perform will be judged as desirable in some cases and from certain perspectives but will appear as radically undesirable in other cases or from other perspectives. The various contributions to this volume explore transnational communities in different empirical terrains - from the Laleli market in Istanbul to private equity in Japan; from the transnational movement for open content licenses to the mobilization in favor of environmental certification or against global warming.",shared_title_different_abstract
2-s2.0-34250830147,4126,Private equity investments beyond earth orbits: Can space exploration be the new frontier for private investments?,Mathurin J.; Peter N.,2005,International Astronautical Federation - 56th International Astronautical Congress 2005,,https://www.scopus.com/pages/publications/34250830147?origin=resultslist,English,Conference paper,"The year 2004 can be considered an important milestone for space activities. First, on January 14, 2004 President Bush announced a new vision for human and robotic space exploration named ""A Renewed Spirit of Discovery"". This new space exploration policy called for ""a sustained and affordable human and robotic program to explore the solar system and beyond"" and seeks also to ""promote international and commercial participation in space exploration to further U.S. scientific, security, and economic interests"". Secondly, the satellite industry has experienced a trend of private investment fund acquisitions. Five of six major fixed and mobile satellite service providers in the world have been partly or entirely sold to conventional financial investors. These transactions have taken place despite the background noise of overcapacity, stagnant growth and declining operating margins satellite services sector. Over the last eighteem months, we have seen a total of approximately US 12B dollars in private equity transactions in the satellite sector. Finally, the Ansari X prize has been won opening the possibility of the personal spaceflight revolution This paper seeks to provide some insights into the nature, timing and a rationale for these investments in the space sector. Then, an attempt is made to analyze the potential that space exploration might present for traditional financial investors.",211,"Private equity investments beyond earth orbits: Can space exploration be the new frontier for private investments?

The year 2004 can be considered an important milestone for space activities. First, on January 14, 2004 President Bush announced a new vision for human and robotic space exploration named ""A Renewed Spirit of Discovery"". This new space exploration policy called for ""a sustained and affordable human and robotic program to explore the solar system and beyond"" and seeks also to ""promote international and commercial participation in space exploration to further U.S. scientific, security, and economic interests"". Secondly, the satellite industry has experienced a trend of private investment fund acquisitions. Five of six major fixed and mobile satellite service providers in the world have been partly or entirely sold to conventional financial investors. These transactions have taken place despite the background noise of overcapacity, stagnant growth and declining operating margins satellite services sector. Over the last eighteem months, we have seen a total of approximately US 12B dollars in private equity transactions in the satellite sector. Finally, the Ansari X prize has been won opening the possibility of the personal spaceflight revolution This paper seeks to provide some insights into the nature, timing and a rationale for these investments in the space sector. Then, an attempt is made to analyze the potential that space exploration might present for traditional financial investors.",shared_title_different_abstract
2-s2.0-22844431872,4157,Financial services: Chemical firms have a smaller role in M&A,Walsh K.; Alperowicz N.; Westervelt R.,2002,Chemical Week,,https://www.scopus.com/pages/publications/22844431872?origin=resultslist,English,Review,"The private equity firms are playing a major role in the chemical industry M&A market. Private equity buyers have accounted for 23% of the 81 deals valued above $25 million in 2001, up from 20% in 2000. Private equity firms are attracted to chemical properties because of their low valuations relative to their ability to generate cash flow. Private equity deals are viewed as an alternative to the public market, where large-cap stocks are in demand.",76,"Financial services: Chemical firms have a smaller role in M&A

The private equity firms are playing a major role in the chemical industry M&A market. Private equity buyers have accounted for 23% of the 81 deals valued above $25 million in 2001, up from 20% in 2000. Private equity firms are attracted to chemical properties because of their low valuations relative to their ability to generate cash flow. Private equity deals are viewed as an alternative to the public market, where large-cap stocks are in demand.",shared_title_different_abstract
2-s2.0-34547268909,4191,"Paris Air Show: Defence and aerospace sectors facing 'onslaught' of private equity funding, says US dealmaker",,2007,Jane's Defence Industry,,https://www.scopus.com/pages/publications/34547268909?origin=resultslist,English,Article,"The defense and aerospace sector has faced an intense attack of private finance with the expectation that private equity-led deals will continue to dominate mergers and acquisitions (M&A) activity in the short to medium term. The key activity include the October 2006 sale of formerly state-owned Czech aircraft manufacturer Aero Vodochody to the Czech-Slovak investment group Penta in a $129 million deal. Raytheon has sold its Aircraft company to Hawker Beechcraft Inc. in March, 2007. There is also the sale of Avio of Italy to UK investor Cinven, while Doncasters is acquired by Dubai International for $1.24 billion. The high values of defense and aerospace organizations have forced the strategic investors to carefully examine their own M&A ambitions.",118,"Paris Air Show: Defence and aerospace sectors facing 'onslaught' of private equity funding, says US dealmaker

The defense and aerospace sector has faced an intense attack of private finance with the expectation that private equity-led deals will continue to dominate mergers and acquisitions (M&A) activity in the short to medium term. The key activity include the October 2006 sale of formerly state-owned Czech aircraft manufacturer Aero Vodochody to the Czech-Slovak investment group Penta in a $129 million deal. Raytheon has sold its Aircraft company to Hawker Beechcraft Inc. in March, 2007. There is also the sale of Avio of Italy to UK investor Cinven, while Doncasters is acquired by Dubai International for $1.24 billion. The high values of defense and aerospace organizations have forced the strategic investors to carefully examine their own M&A ambitions.",shared_title_different_abstract
2-s2.0-84904372904,4204,Raising Entrepreneurial Capital,Vinturella J.; Erickson S.,2003,Raising Entrepreneurial Capital,10.1016/b978-0-12-722351-3.x5000-9,https://www.scopus.com/pages/publications/84904372904?origin=resultslist,English,Book,"This book focuses on classic capital raising. That is, it covers the debt vs. equity decision, the options available to smaller businesses, and the considerations that lead to rapid growth, including venture capital, IPOs, angels, incubators, and so forth. Raising Entreprenuerial Capital begins where entrepreneurship books leave off, assuming that the reader understands simple financial statements, has selected a specific business, and knows how to write a business plan. It provides a broad, high-level summary of the subjects that people typically research, such as ""How should your company position itself to attract private equity investment?"" and ""What steps can you take to improve your company's marketability?"" Unlike other books of the genre, Raising Entrepreneurial Capital includes several chapters on worldwide regional variations on forms and availability of pre-seed capital, incubators, and the business plans they create, with case-studies from Europe, Latin America, and the Pacific-Rim.",145,"Raising Entrepreneurial Capital

This book focuses on classic capital raising. That is, it covers the debt vs. equity decision, the options available to smaller businesses, and the considerations that lead to rapid growth, including venture capital, IPOs, angels, incubators, and so forth. Raising Entreprenuerial Capital begins where entrepreneurship books leave off, assuming that the reader understands simple financial statements, has selected a specific business, and knows how to write a business plan. It provides a broad, high-level summary of the subjects that people typically research, such as ""How should your company position itself to attract private equity investment?"" and ""What steps can you take to improve your company's marketability?"" Unlike other books of the genre, Raising Entrepreneurial Capital includes several chapters on worldwide regional variations on forms and availability of pre-seed capital, incubators, and the business plans they create, with case-studies from Europe, Latin America, and the Pacific-Rim.",shared_title_different_abstract
2-s2.0-33645687320,4236,Hercules to sell majority stake in FiberVisions to SPG Partners,,2006,Technical Textiles International,,https://www.scopus.com/pages/publications/33645687320?origin=resultslist,English,Article,"Hercules is planning to sell a 51% interest in its FiberVisions subsidiary to Snow, Phipps & Guggenheim, an affiliate of SPG Partners, a private equity firm in New York. The company will receive $109 million in cash, while SPG has an option to purchase an additional 14% interest in FiberVisions for $7.4 million, under the terms of agreement. It will also receive additional payments if FiberVisions meet certain performance targets. The sale of a controlling interest in FiberVisions will help Hercules to invest in its Aqualon and Paper Technology franchise businesses.",91,"Hercules to sell majority stake in FiberVisions to SPG Partners

Hercules is planning to sell a 51% interest in its FiberVisions subsidiary to Snow, Phipps & Guggenheim, an affiliate of SPG Partners, a private equity firm in New York. The company will receive $109 million in cash, while SPG has an option to purchase an additional 14% interest in FiberVisions for $7.4 million, under the terms of agreement. It will also receive additional payments if FiberVisions meet certain performance targets. The sale of a controlling interest in FiberVisions will help Hercules to invest in its Aqualon and Paper Technology franchise businesses.",shared_title_different_abstract
2-s2.0-84858091350,4289,"Paris Air Show: Defence and aerospace sectors facing 'onslaught' of private equity funding, says US dealmaker",Anderson G.,2007,Jane's Defence Weekly,,https://www.scopus.com/pages/publications/84858091350?origin=resultslist,English,Article,"A leading US dealmaker, Michael Richter, president of M&A advisory group Jeffries Quarterdeck, has said that the defense and aerospace sector has faced an onslaught of private finance with the expectation that private equity led deals will continue to dominate mergers and acquisitions (M&A). Strategic investors such as BAE systems and DRS technologies have told that the high value of defense and aerospace organizations has forced them to carefully examine their own M&A ambitions. Richter said that the interest in entering the defense and aerospace sectors is combined with an accommodating financial market. Richter's comments came as Stork, the Netherlands-based aerospace specialist announced that it is in discussions with European private equity group Candover with a view to selling the publicly listed group.",123,"Paris Air Show: Defence and aerospace sectors facing 'onslaught' of private equity funding, says US dealmaker

A leading US dealmaker, Michael Richter, president of M&A advisory group Jeffries Quarterdeck, has said that the defense and aerospace sector has faced an onslaught of private finance with the expectation that private equity led deals will continue to dominate mergers and acquisitions (M&A). Strategic investors such as BAE systems and DRS technologies have told that the high value of defense and aerospace organizations has forced them to carefully examine their own M&A ambitions. Richter said that the interest in entering the defense and aerospace sectors is combined with an accommodating financial market. Richter's comments came as Stork, the Netherlands-based aerospace specialist announced that it is in discussions with European private equity group Candover with a view to selling the publicly listed group.",shared_title_different_abstract
2-s2.0-33749171697,4317,Private equity,,2006,Paper Making and Distribution,,https://www.scopus.com/pages/publications/33749171697?origin=resultslist,English,Article,"Paper industry is starting to transform business that seems a contradiction because of papermakers who are drowning from overcapacity, high energy prices, low cost competition and punitive legislation. Koch Industries of Wichita, Kansas, has the highest profile because it brought G-P for $21 billion in year 2005. Madison Dearborn of Chicago invests in a broad range of companies where strong business portfolio re-positioning permits the creation of equity value. EQT of Stockholm has $6 billion invested in various companies. Mark Connolly of Credit Suisse First Boston (CSFB) highlighted the traditional pulp and paper business models that failed to generate the kind of returns investors seek. PriceWaterhouseCoopers (PWC) declared that private equity will play a growing role in the restriction of the industry and will take financially driven investors to make the decisions that the industry has been unable, or reluctant in playing the game of earnings.",146,"Private equity

Paper industry is starting to transform business that seems a contradiction because of papermakers who are drowning from overcapacity, high energy prices, low cost competition and punitive legislation. Koch Industries of Wichita, Kansas, has the highest profile because it brought G-P for $21 billion in year 2005. Madison Dearborn of Chicago invests in a broad range of companies where strong business portfolio re-positioning permits the creation of equity value. EQT of Stockholm has $6 billion invested in various companies. Mark Connolly of Credit Suisse First Boston (CSFB) highlighted the traditional pulp and paper business models that failed to generate the kind of returns investors seek. PriceWaterhouseCoopers (PWC) declared that private equity will play a growing role in the restriction of the industry and will take financially driven investors to make the decisions that the industry has been unable, or reluctant in playing the game of earnings.",shared_title_different_abstract
2-s2.0-33646417356,4423,Financial services: Chemical firms have a smaller role in M&A,Walsh K.; Alperowicz N.; Westervelt R.,2002,Chemical Week,,https://www.scopus.com/pages/publications/33646417356?origin=resultslist,English,Article,"Private equity buyers accounted for 23% of the 81 deals valued above $25 million that were done in 2001, which is found to be greater than 20% in the year 2000. Available funds and lower return requirements of private equity buyers drew financial sponsors to the chemical industry. Private equity firms stated that they are attracted to chemical properties because of their low valuations relative to their ability to generate cash flow. Some private equity deals have failed completely owing to the aggressive leverage and financing structure of the companies. According to the market analysts, industrial buyers are expected to make more acquisitions when there is growth in economy and increased earnings.",112,"Financial services: Chemical firms have a smaller role in M&A

Private equity buyers accounted for 23% of the 81 deals valued above $25 million that were done in 2001, which is found to be greater than 20% in the year 2000. Available funds and lower return requirements of private equity buyers drew financial sponsors to the chemical industry. Private equity firms stated that they are attracted to chemical properties because of their low valuations relative to their ability to generate cash flow. Some private equity deals have failed completely owing to the aggressive leverage and financing structure of the companies. According to the market analysts, industrial buyers are expected to make more acquisitions when there is growth in economy and increased earnings.",shared_title_different_abstract
2-s2.0-33744921347,4430,Private equity investments beyond Earth orbits: Can space exploration be the new frontier for private investments?,Mathurin J.; Peter N.,2006,Acta Astronautica,10.1016/j.actaastro.2006.02.016,https://www.scopus.com/pages/publications/33744921347?origin=resultslist,English,Article,"The year 2004 can be considered an important milestone for space activities. First, on January 14, 2004 President Bush announced a new vision for human and robotic space exploration named ""A Renewed Spirit of Discovery"". This new space exploration policy called for ""a sustained and affordable human and robotic program to explore the solar system and beyond"" and seeks also to ""promote international and commercial participation in space exploration to further US scientific, security, and economic interests"". Secondly, the satellite industry has experienced a trend of private investment fund acquisitions. Five of six major fixed and mobile satellite service providers in the world have been partly or entirely sold to conventional financial investors. These transactions have taken place despite the background noise of overcapacity, stagnant growth and declining operating margins satellite services sector. Over the last 18 months, we have seen a total of approximately US $ 12 B dollars in private equity transactions in the satellite sector. Finally, the Ansari X prize has been won opening the possibility of the personal spaceflight revolution. This paper seeks to provide some insights into the nature, timing and a rationale for these investments in the space sector. Then, an attempt is made to analyze the potential that space exploration might present for traditional financial investors.",213,"Private equity investments beyond Earth orbits: Can space exploration be the new frontier for private investments?

The year 2004 can be considered an important milestone for space activities. First, on January 14, 2004 President Bush announced a new vision for human and robotic space exploration named ""A Renewed Spirit of Discovery"". This new space exploration policy called for ""a sustained and affordable human and robotic program to explore the solar system and beyond"" and seeks also to ""promote international and commercial participation in space exploration to further US scientific, security, and economic interests"". Secondly, the satellite industry has experienced a trend of private investment fund acquisitions. Five of six major fixed and mobile satellite service providers in the world have been partly or entirely sold to conventional financial investors. These transactions have taken place despite the background noise of overcapacity, stagnant growth and declining operating margins satellite services sector. Over the last 18 months, we have seen a total of approximately US $ 12 B dollars in private equity transactions in the satellite sector. Finally, the Ansari X prize has been won opening the possibility of the personal spaceflight revolution. This paper seeks to provide some insights into the nature, timing and a rationale for these investments in the space sector. Then, an attempt is made to analyze the potential that space exploration might present for traditional financial investors.",shared_title_different_abstract
2-s2.0-33645321391,4494,Hercules to sell majority stake in FiberVisions to SPG Partners,,2006,Medical Textiles,,https://www.scopus.com/pages/publications/33645321391?origin=resultslist,English,Article,"Hercules Inc has decided to sell a 51% stake in its FiberVisions subsidiary to Snow, Phipps & Guggenheim, an affiliate of SPG Partners, a New York-based private equity firm. FiberVisions is a global producer of fibers, filaments, and yarns based on polyolefins, and is one of the largest manufacturers of polypropylene staple fibers used in nonwovens. Hercules will receive US$109 million in cash, while SPG has an option to purchase an additional 14% interest in FiberVisions for US$7.4 million, under the terms of the agreement. FiberVisions hopes to accelerate the development of its business, while SPG intends to support the company's strategy to grow both organically and through acquisitions.",109,"Hercules to sell majority stake in FiberVisions to SPG Partners

Hercules Inc has decided to sell a 51% stake in its FiberVisions subsidiary to Snow, Phipps & Guggenheim, an affiliate of SPG Partners, a New York-based private equity firm. FiberVisions is a global producer of fibers, filaments, and yarns based on polyolefins, and is one of the largest manufacturers of polypropylene staple fibers used in nonwovens. Hercules will receive US$109 million in cash, while SPG has an option to purchase an additional 14% interest in FiberVisions for US$7.4 million, under the terms of the agreement. FiberVisions hopes to accelerate the development of its business, while SPG intends to support the company's strategy to grow both organically and through acquisitions.",shared_title_different_abstract
